{
  "exposureDuration" : 0.01666666753590107,
  "time" : 23772.19115895834,
  "cameraPoseARFrame" : [
    0.93557888269424438,
    0.15153887867927551,
    -0.31894877552986145,
    0.38454455137252808,
    0.010454162023961544,
    0.89095324277877808,
    0.45397478342056274,
    0.06424935907125473,
    0.3529631495475769,
    -0.42806360125541687,
    0.83197283744812012,
    0.32169350981712341,
    0,
    0,
    0,
    1
  ],
  "frame_index" : 201,
  "averageVelocity" : 0.095803156495094299,
  "averageAngularVelocity" : 0.1519874781370163,
  "intrinsics" : [
    1607.8299560546875,
    0,
    950.21661376953125,
    0,
    1607.8299560546875,
    721.272216796875,
    0,
    0,
    1
  ],
  "cameraGrain" : 0.25585544109344482,
  "motionQuality" : 0.95657503604888916,
  "projectionMatrix" : [
    1.6748229265213013,
    0,
    0.0096701979637145996,
    0,
    0,
    2.2330970764160156,
    0.0024614334106445312,
    0,
    0,
    0,
    -0.9999997615814209,
    -0.00099999981466680765,
    0,
    0,
    -1,
    0
  ]
}