{
  "motionQuality" : 0.96506398916244507,
  "exposureDuration" : 0.01666666753590107,
  "projectionMatrix" : [
    1.6668204069137573,
    0,
    0.010566353797912598,
    0,
    0,
    2.2224271297454834,
    0.0025974512100219727,
    0,
    0,
    0,
    -0.9999997615814209,
    -0.00099999981466680765,
    0,
    0,
    -1,
    0
  ],
  "cameraPoseARFrame" : [
    0.79035496711730957,
    -0.10202299058437347,
    0.60409480333328247,
    0.079930275678634644,
    -0.30924654006958008,
    0.78476488590240479,
    0.53713184595108032,
    0.12252530455589294,
    -0.52887219190597534,
    -0.61133909225463867,
    0.58869254589080811,
    0.23165780305862427,
    0,
    0,
    0,
    1.0000001192092896
  ],
  "intrinsics" : [
    1600.1475830078125,
    0,
    949.3563232421875,
    0,
    1600.1475830078125,
    721.37017822265625,
    0,
    0,
    1
  ],
  "cameraGrain" : 0.14151981472969055,
  "averageAngularVelocity" : 0.12227605283260345,
  "time" : 23788.131014500006,
  "frame_index" : 385,
  "averageVelocity" : 0
}