{
  "averageVelocity" : 0,
  "cameraGrain" : 0.062449317425489426,
  "exposureDuration" : 0.01666666753590107,
  "cameraPoseARFrame" : [
    0.97551345825195312,
    -0.064849875867366791,
    0.21016192436218262,
    0.11565650999546051,
    -0.011208858340978622,
    0.93964231014251709,
    0.34197470545768738,
    0.15857122838497162,
    -0.2196541428565979,
    -0.33595660328865051,
    0.91590672731399536,
    0.44616574048995972,
    0,
    0,
    0,
    1.0000001192092896
  ],
  "averageAngularVelocity" : 0.028177196159958839,
  "frame_index" : 347,
  "intrinsics" : [
    1601.0513916015625,
    0,
    950.23193359375,
    0,
    1601.0513916015625,
    721.2025146484375,
    0,
    0,
    1
  ],
  "projectionMatrix" : [
    1.6677619218826294,
    0,
    0.0096542239189147949,
    0,
    0,
    2.2236824035644531,
    0.0023645758628845215,
    0,
    0,
    0,
    -0.9999997615814209,
    -0.00099999981466680765,
    0,
    0,
    -1,
    0
  ],
  "motionQuality" : 0.99194937944412231,
  "time" : 23784.92978333334
}