{
  "cameraPoseARFrame" : [
    0.96130895614624023,
    -0.077758461236953735,
    0.26427015662193298,
    -0.0059857564046978951,
    0.03710484504699707,
    0.98714148998260498,
    0.1554824560880661,
    0.33288577198982239,
    -0.27296224236488342,
    -0.13966098427772522,
    0.95183318853378296,
    0.17638608813285828,
    0,
    0,
    0,
    1
  ],
  "frame_index" : 101,
  "projectionMatrix" : [
    1.6719985008239746,
    0,
    0.0094382166862487793,
    0,
    0,
    2.2293312549591064,
    0.0022851824760437012,
    0,
    0,
    0,
    -0.9999997615814209,
    -0.00099999981466680765,
    0,
    0,
    -1,
    0
  ],
  "exposureDuration" : 0.01666666753590107,
  "intrinsics" : [
    1605.1185302734375,
    0,
    950.4393310546875,
    0,
    1605.1185302734375,
    721.14532470703125,
    0,
    0,
    1
  ],
  "time" : 23763.419433958337,
  "averageAngularVelocity" : 0.071511991322040558,
  "cameraGrain" : 0.046021923422813416,
  "motionQuality" : 0.97733664512634277,
  "averageVelocity" : 0.07932174950838089
}