{
  "cameraGrain" : 0.099209047853946686,
  "averageAngularVelocity" : 0.40728920698165894,
  "averageVelocity" : 0.13355548679828644,
  "cameraPoseARFrame" : [
    0.91412359476089478,
    -0.14977055788040161,
    0.376758873462677,
    0.03839484229683876,
    0.0050969705916941166,
    0.93343997001647949,
    0.3586978018283844,
    0.15150880813598633,
    -0.40540409088134766,
    -0.3259737491607666,
    0.85404276847839355,
    0.36269804835319519,
    0,
    0,
    0,
    1.0000002384185791
  ],
  "motionQuality" : 0.88363164663314819,
  "exposureDuration" : 0.01666666753590107,
  "frame_index" : 29,
  "intrinsics" : [
    1606.9261474609375,
    0,
    950.271484375,
    0,
    1606.9261474609375,
    721.2210693359375,
    0,
    0,
    1
  ],
  "projectionMatrix" : [
    1.6738814115524292,
    0,
    0.009613037109375,
    0,
    0,
    2.2318418025970459,
    0.0023903846740722656,
    0,
    0,
    0,
    -0.9999997615814209,
    -0.00099999981466680765,
    0,
    0,
    -1,
    0
  ],
  "time" : 23757.483481125004
}