{
  "averageAngularVelocity" : 0.2959975004196167,
  "intrinsics" : [
    1629.9732666015625,
    0,
    949.43780517578125,
    0,
    1629.9732666015625,
    721.3468017578125,
    0,
    0,
    1
  ],
  "cameraPoseARFrame" : [
    0.81886839866638184,
    -0.084689915180206299,
    0.56769931316375732,
    0.08466823399066925,
    -0.27883318066596985,
    0.80581581592559814,
    0.52241063117980957,
    0.12346483021974564,
    -0.50170409679412842,
    -0.58607888221740723,
    0.63624262809753418,
    0.2427249550819397,
    0,
    0,
    0,
    1
  ],
  "motionQuality" : 0.91542929410934448,
  "projectionMatrix" : [
    1.6978888511657715,
    0,
    0.010481476783752441,
    0,
    0,
    2.2638516426086426,
    0.0025650262832641602,
    0,
    0,
    0,
    -0.9999997615814209,
    -0.00099999981466680765,
    0,
    0,
    -1,
    0
  ],
  "averageVelocity" : 0,
  "cameraGrain" : 0.12971709668636322,
  "time" : 23788.430391875005,
  "exposureDuration" : 0.01666666753590107,
  "frame_index" : 388
}