{
  "projectionMatrix" : [
    1.6710569858551025,
    0,
    0.0094765424728393555,
    0,
    0,
    2.2280759811401367,
    0.0022631287574768066,
    0,
    0,
    0,
    -0.9999997615814209,
    -0.00099999981466680765,
    0,
    0,
    -1,
    0
  ],
  "averageVelocity" : 0.072414100170135498,
  "cameraPoseARFrame" : [
    0.99938952922821045,
    -0.0038246186450123787,
    -0.034730944782495499,
    0.2067863941192627,
    0.0069779632613062859,
    0.99581432342529297,
    0.091131828725337982,
    0.36308997869491577,
    0.034236863255500793,
    -0.091318540275096893,
    0.99523311853408813,
    0.072451077401638031,
    0,
    0,
    0,
    1.0000001192092896
  ],
  "cameraGrain" : 0.021239744499325752,
  "time" : 23778.492923208338,
  "motionQuality" : 0.97931027412414551,
  "exposureDuration" : 0.01666666753590107,
  "averageAngularVelocity" : 0,
  "intrinsics" : [
    1604.2147216796875,
    0,
    950.40252685546875,
    0,
    1604.2147216796875,
    721.12945556640625,
    0,
    0,
    1
  ],
  "frame_index" : 273
}