{
  "motionQuality" : 0.91094100475311279,
  "frame_index" : 115,
  "exposureDuration" : 0.01666666753590107,
  "projectionMatrix" : [
    1.6654082536697388,
    0,
    0.0094698071479797363,
    0,
    0,
    2.2205443382263184,
    0.0023214817047119141,
    0,
    0,
    0,
    -0.9999997615814209,
    -0.00099999981466680765,
    0,
    0,
    -1,
    0
  ],
  "time" : 23764.622023333337,
  "averageVelocity" : 0.12489248812198639,
  "cameraPoseARFrame" : [
    0.899344801902771,
    -0.14380143582820892,
    0.41291683912277222,
    -0.10208871215581894,
    0.041822545230388641,
    0.96833199262619019,
    0.24613827466964722,
    0.26944446563720703,
    -0.43523576855659485,
    -0.20409390330314636,
    0.87687832117080688,
    0.20163631439208984,
    0,
    0,
    0,
    1.0000001192092896
  ],
  "intrinsics" : [
    1598.7918701171875,
    0,
    950.40899658203125,
    0,
    1598.7918701171875,
    721.17144775390625,
    0,
    0,
    1
  ],
  "averageAngularVelocity" : 0.31170657277107239,
  "cameraGrain" : 0.17769655585289001
}