{
  "exposureDuration" : 0.01666666753590107,
  "cameraGrain" : 0.10105001926422119,
  "time" : 23781.66111241667,
  "cameraPoseARFrame" : [
    0.99967718124389648,
    0.0090902335941791534,
    -0.023734146729111671,
    0.25181734561920166,
    -0.0088798189535737038,
    0.99992048740386963,
    0.0089558055624365807,
    0.40142622590065002,
    0.023813536390662193,
    -0.0087421592324972153,
    0.99967837333679199,
    0.027872674167156219,
    0,
    0,
    0,
    1.0000001192092896
  ],
  "intrinsics" : [
    1604.6666259765625,
    0,
    950.40771484375,
    0,
    1604.6666259765625,
    721.12225341796875,
    0,
    0,
    1
  ],
  "frame_index" : 310,
  "projectionMatrix" : [
    1.6715277433395386,
    0,
    0.0094711184501647949,
    0,
    0,
    2.2287037372589111,
    0.002253115177154541,
    0,
    0,
    0,
    -0.9999997615814209,
    -0.00099999981466680765,
    0,
    0,
    -1,
    0
  ],
  "averageAngularVelocity" : 0.048130732029676437,
  "motionQuality" : 0.97915410995483398,
  "averageVelocity" : 0.072960563004016876
}