{
  "averageVelocity" : 0.42768284678459167,
  "exposureDuration" : 0.01666666753590107,
  "cameraPoseARFrame" : [
    0.99923306703567505,
    0.02439752034842968,
    -0.030631439760327339,
    0.23108477890491486,
    -0.014434983022511005,
    0.95660334825515747,
    0.29103526473045349,
    0.25057408213615417,
    0.036402616649866104,
    -0.29036992788314819,
    0.95622187852859497,
    0.17399200797080994,
    0,
    0,
    0,
    1.0000001192092896
  ],
  "motionQuality" : 0.83604025840759277,
  "time" : 23782.69516845834,
  "intrinsics" : [
    1603.3109130859375,
    0,
    950.24169921875,
    0,
    1603.3109130859375,
    721.1754150390625,
    0,
    0,
    1
  ],
  "cameraGrain" : 0,
  "projectionMatrix" : [
    1.67011559009552,
    0,
    0.0096440911293029785,
    0,
    0,
    2.226820707321167,
    0.00232696533203125,
    0,
    0,
    0,
    -0.9999997615814209,
    -0.00099999981466680765,
    0,
    0,
    -1,
    0
  ],
  "frame_index" : 322,
  "averageAngularVelocity" : 0.57385915517807007
}