{
  "cameraGrain" : 0,
  "averageAngularVelocity" : 0.26950559020042419,
  "averageVelocity" : 0.12018600106239319,
  "cameraPoseARFrame" : [
    0.98822426795959473,
    -0.045399453490972519,
    0.14612297713756561,
    0.13944044709205627,
    -0.010422655381262302,
    0.93277972936630249,
    0.36029627919197083,
    0.15523131191730499,
    -0.15265791118144989,
    -0.35757654905319214,
    0.9213222861289978,
    0.30056792497634888,
    0,
    0,
    0,
    1.0000001192092896
  ],
  "motionQuality" : 0.92299842834472656,
  "exposureDuration" : 0.01666666753590107,
  "frame_index" : 39,
  "intrinsics" : [
    1599.6956787109375,
    0,
    950.224609375,
    0,
    1599.6956787109375,
    721.2159423828125,
    0,
    0,
    1
  ],
  "projectionMatrix" : [
    1.6663496494293213,
    0,
    0.0096618533134460449,
    0,
    0,
    2.2217996120452881,
    0.0023832321166992188,
    0,
    0,
    0,
    -0.9999997615814209,
    -0.00099999981466680765,
    0,
    0,
    -1,
    0
  ],
  "time" : 23758.252227708337
}