{
  "averageVelocity" : 0.35458475351333618,
  "cameraGrain" : 0,
  "exposureDuration" : 0.01666666753590107,
  "cameraPoseARFrame" : [
    0.99963092803955078,
    0.003452203469350934,
    0.026950281113386154,
    0.20406779646873474,
    -0.011919748969376087,
    0.94706940650939941,
    0.32080772519111633,
    0.17275814712047577,
    -0.024416381493210793,
    -0.32101055979728699,
    0.94676083326339722,
    0.33177405595779419,
    0,
    0,
    0,
    1.0000001192092896
  ],
  "averageAngularVelocity" : 0.24230633676052094,
  "frame_index" : 328,
  "intrinsics" : [
    1603.7628173828125,
    0,
    950.22998046875,
    0,
    1603.7628173828125,
    721.19091796875,
    0,
    0,
    1
  ],
  "projectionMatrix" : [
    1.6705862283706665,
    0,
    0.0096562504768371582,
    0,
    0,
    2.2274484634399414,
    0.002348482608795166,
    0,
    0,
    0,
    -0.9999997615814209,
    -0.00099999981466680765,
    0,
    0,
    -1,
    0
  ],
  "time" : 23783.22779579167,
  "motionQuality" : 0.89869004487991333
}