{
  "cameraPoseARFrame" : [
    0.87425488233566284,
    -0.16724890470504761,
    0.45574823021888733,
    0.026310024783015251,
    -0.010635900311172009,
    0.93195825815200806,
    0.36240950226783752,
    0.15300144255161285,
    -0.48535096645355225,
    -0.32168552279472351,
    0.81299012899398804,
    0.390311598777771,
    0,
    0,
    0,
    1.0000001192092896
  ],
  "motionQuality" : 0.99294537305831909,
  "time" : 23756.618471500005,
  "cameraGrain" : 0.13626387715339661,
  "frame_index" : 20,
  "projectionMatrix" : [
    1.6734106540679932,
    0,
    0.0096634030342102051,
    0,
    0,
    2.2312142848968506,
    0.0023926496505737305,
    0,
    0,
    0,
    -0.9999997615814209,
    -0.00099999981466680765,
    0,
    0,
    -1,
    0
  ],
  "averageVelocity" : 0.0097483890131115913,
  "exposureDuration" : 0.01666666753590107,
  "intrinsics" : [
    1606.4742431640625,
    0,
    950.22314453125,
    0,
    1606.4742431640625,
    721.22271728515625,
    0,
    0,
    1
  ],
  "averageAngularVelocity" : 0.02469123899936676
}