{
  "projectionMatrix" : [
    1.6710569858551025,
    0,
    0.0094614028930664062,
    0,
    0,
    2.2280759811401367,
    0.0022862553596496582,
    0,
    0,
    0,
    -0.9999997615814209,
    -0.00099999981466680765,
    0,
    0,
    -1,
    0
  ],
  "cameraGrain" : 0.0072465077973902225,
  "intrinsics" : [
    1604.2147216796875,
    0,
    950.41705322265625,
    0,
    1604.2147216796875,
    721.1461181640625,
    0,
    0,
    1
  ],
  "averageVelocity" : 0.56192237138748169,
  "frame_index" : 297,
  "motionQuality" : 0.81714260578155518,
  "time" : 23780.528862583338,
  "averageAngularVelocity" : 0.64000082015991211,
  "exposureDuration" : 0.01666666753590107,
  "cameraPoseARFrame" : [
    0.9585883617401123,
    -0.071319535374641418,
    0.27572116255760193,
    0.043919190764427185,
    0.024314785376191139,
    0.98509633541107178,
    0.17027615010738373,
    0.29246324300765991,
    -0.2837560772895813,
    -0.15652061998844147,
    0.94603586196899414,
    0.15651288628578186,
    0,
    0,
    0,
    1
  ]
}