{
  "cameraGrain" : 0.22537553310394287,
  "frame_index" : 166,
  "averageAngularVelocity" : 0.46762323379516602,
  "cameraPoseARFrame" : [
    0.78949993848800659,
    -0.2699950635433197,
    0.55117392539978027,
    0.069921791553497314,
    -0.0093872891739010811,
    0.89262479543685913,
    0.45070266723632812,
    0.037312280386686325,
    -0.61367899179458618,
    -0.36100372672080994,
    0.70219260454177856,
    0.43290877342224121,
    0,
    0,
    0,
    1.0000001192092896
  ],
  "time" : 23769.088133625006,
  "exposureDuration" : 0.01666666753590107,
  "intrinsics" : [
    1601.5032958984375,
    0,
    950.181396484375,
    0,
    1601.5032958984375,
    721.26507568359375,
    0,
    0,
    1
  ],
  "projectionMatrix" : [
    1.6682325601577759,
    0,
    0.0097068548202514648,
    0,
    0,
    2.2243101596832275,
    0.002451479434967041,
    0,
    0,
    0,
    -0.9999997615814209,
    -0.00099999981466680765,
    0,
    0,
    -1,
    0
  ],
  "motionQuality" : 0.8663933277130127,
  "averageVelocity" : 0.13197754323482513
}