{
  "cameraPoseARFrame" : [
    0.96018320322036743,
    -0.090305335819721222,
    0.26437357068061829,
    -0.016817191615700722,
    0.046132396906614304,
    0.98457622528076172,
    0.16876471042633057,
    0.32980409264564514,
    -0.27553632855415344,
    -0.14984884858131409,
    0.9495394229888916,
    0.17689090967178345,
    0,
    0,
    0,
    1.0000001192092896
  ],
  "frame_index" : 103,
  "projectionMatrix" : [
    1.6672911643981934,
    0,
    0.0094205737113952637,
    0,
    0,
    2.2230548858642578,
    0.0022913813591003418,
    0,
    0,
    0,
    -0.9999997615814209,
    -0.00099999981466680765,
    0,
    0,
    -1,
    0
  ],
  "exposureDuration" : 0.01666666753590107,
  "intrinsics" : [
    1600.5994873046875,
    0,
    950.45623779296875,
    0,
    1600.5994873046875,
    721.1497802734375,
    0,
    0,
    1
  ],
  "time" : 23763.587727375005,
  "averageAngularVelocity" : 0,
  "cameraGrain" : 0.051897268742322922,
  "motionQuality" : 0.97730427980422974,
  "averageVelocity" : 0
}