{
  "averageAngularVelocity" : 0.44049832224845886,
  "averageVelocity" : 0.2123665064573288,
  "time" : 23773.225494291673,
  "cameraPoseARFrame" : [
    0.95657545328140259,
    0.28660592436790466,
    -0.05311020091176033,
    0.43225094676017761,
    -0.22096055746078491,
    0.83182770013809204,
    0.5091552734375,
    0.12508632242679596,
    0.19010536372661591,
    -0.47531017661094666,
    0.85903453826904297,
    0.20655250549316406,
    0,
    0,
    0,
    1.0000001192092896
  ],
  "frame_index" : 213,
  "cameraGrain" : 0.25082764029502869,
  "exposureDuration" : 0.01666666753590107,
  "projectionMatrix" : [
    1.6715277433395386,
    0,
    0.01031869649887085,
    0,
    0,
    2.2287037372589111,
    0.0025249719619750977,
    0,
    0,
    0,
    -0.9999997615814209,
    -0.00099999981466680765,
    0,
    0,
    -1,
    0
  ],
  "motionQuality" : 0.87414336204528809,
  "intrinsics" : [
    1604.6666259765625,
    0,
    949.59405517578125,
    0,
    1604.6666259765625,
    721.3179931640625,
    0,
    0,
    1
  ]
}