{
  "cameraPoseARFrame" : [
    0.98071414232254028,
    -0.058769803494215012,
    0.18640285730361938,
    0.1237599104642868,
    -0.0076959878206253052,
    0.94136959314346313,
    0.33728918433189392,
    0.15873661637306213,
    -0.195296511054039,
    -0.33221882581710815,
    0.92276215553283691,
    0.4424588680267334,
    0,
    0,
    0,
    1.0000001192092896
  ],
  "motionQuality" : 0.93182313442230225,
  "intrinsics" : [
    1603.3109130859375,
    0,
    950.22930908203125,
    0,
    1603.3109130859375,
    721.20068359375,
    0,
    0,
    1
  ],
  "averageAngularVelocity" : 0.23861895501613617,
  "projectionMatrix" : [
    1.67011559009552,
    0,
    0.0096569657325744629,
    0,
    0,
    2.226820707321167,
    0.0023620724678039551,
    0,
    0,
    0,
    -0.9999997615814209,
    -0.00099999981466680765,
    0,
    0,
    -1,
    0
  ],
  "averageVelocity" : 0.1513570249080658,
  "cameraGrain" : 0,
  "frame_index" : 333,
  "time" : 23783.731265958337,
  "exposureDuration" : 0.01666666753590107
}