{
  "cameraGrain" : 0,
  "frame_index" : 283,
  "time" : 23779.327900250006,
  "exposureDuration" : 0.01666666753590107,
  "averageAngularVelocity" : 0.35420224070549011,
  "intrinsics" : [
    1604.2147216796875,
    0,
    950.4259033203125,
    0,
    1604.2147216796875,
    721.15020751953125,
    0,
    0,
    1
  ],
  "motionQuality" : 0.8987993597984314,
  "projectionMatrix" : [
    1.6710569858551025,
    0,
    0.0094521641731262207,
    0,
    0,
    2.2280759811401367,
    0.0022919774055480957,
    0,
    0,
    0,
    -0.9999997615814209,
    -0.00099999981466680765,
    0,
    0,
    -1,
    0
  ],
  "averageVelocity" : 0.25555315613746643,
  "cameraPoseARFrame" : [
    0.97927063703536987,
    -0.067868903279304504,
    0.19084820151329041,
    0.075054913759231567,
    0.032205723226070404,
    0.9823799729347229,
    0.18409885466098785,
    0.26254132390022278,
    -0.19998013973236084,
    -0.17413619160652161,
    0.96420156955718994,
    0.13972973823547363,
    0,
    0,
    0,
    1.0000001192092896
  ]
}