{
  "cameraGrain" : 0.11025281995534897,
  "averageAngularVelocity" : 0.12677392363548279,
  "averageVelocity" : 0.10959495604038239,
  "cameraPoseARFrame" : [
    0.98701637983322144,
    0.067032359540462494,
    -0.14596420526504517,
    0.30040347576141357,
    -0.01924140565097332,
    0.9515540599822998,
    0.30687877535820007,
    0.19445548951625824,
    0.15946349501609802,
    -0.30008581280708313,
    0.94048929214477539,
    0.2421136200428009,
    0,
    0,
    0,
    1.0000001192092896
  ],
  "motionQuality" : 0.96377885341644287,
  "exposureDuration" : 0.01666666753590107,
  "frame_index" : 58,
  "intrinsics" : [
    1599.6956787109375,
    0,
    950.21112060546875,
    0,
    1599.6956787109375,
    721.18603515625,
    0,
    0,
    1
  ],
  "projectionMatrix" : [
    1.6663496494293213,
    0,
    0.0096759200096130371,
    0,
    0,
    2.2217996120452881,
    0.0023416876792907715,
    0,
    0,
    0,
    -0.9999997615814209,
    -0.00099999981466680765,
    0,
    0,
    -1,
    0
  ],
  "time" : 23759.85102470834
}