{
  "frame_index" : 302,
  "averageVelocity" : 0.33987495303153992,
  "time" : 23780.928691125006,
  "intrinsics" : [
    1604.6666259765625,
    0,
    950.401123046875,
    0,
    1604.6666259765625,
    721.13189697265625,
    0,
    0,
    1
  ],
  "cameraGrain" : 0,
  "motionQuality" : 0.85756278038024902,
  "averageAngularVelocity" : 0.49853026866912842,
  "projectionMatrix" : [
    1.6715277433395386,
    0,
    0.0094779729843139648,
    0,
    0,
    2.2287037372589111,
    0.0022665262222290039,
    0,
    0,
    0,
    -0.9999997615814209,
    -0.00099999981466680765,
    0,
    0,
    -1,
    0
  ],
  "cameraPoseARFrame" : [
    0.99951207637786865,
    -0.010459230281412601,
    0.029438121244311333,
    0.19935278594493866,
    0.0071946452371776104,
    0.99402731657028198,
    0.10889369994401932,
    0.35767221450805664,
    -0.030401332303881645,
    -0.10862875729799271,
    0.99361753463745117,
    0.094311811029911041,
    0,
    0,
    0,
    1.0000001192092896
  ],
  "exposureDuration" : 0.01666666753590107
}