{
  "cameraGrain" : 0,
  "averageAngularVelocity" : 0.28381294012069702,
  "averageVelocity" : 0.11033976823091507,
  "cameraPoseARFrame" : [
    0.99772214889526367,
    -0.012309454381465912,
    0.066327720880508423,
    0.17262794077396393,
    -0.012182728387415409,
    0.93416851758956909,
    0.3566240668296814,
    0.15862910449504852,
    -0.066351301968097687,
    -0.35661974549293518,
    0.93189048767089844,
    0.29250252246856689,
    0,
    0,
    0,
    1.0000001192092896
  ],
  "motionQuality" : 0.91891056299209595,
  "exposureDuration" : 0.01666666753590107,
  "frame_index" : 43,
  "intrinsics" : [
    1599.6956787109375,
    0,
    950.21710205078125,
    0,
    1599.6956787109375,
    721.21282958984375,
    0,
    0,
    1
  ],
  "projectionMatrix" : [
    1.6663496494293213,
    0,
    0.0096696615219116211,
    0,
    0,
    2.2217996120452881,
    0.0023789405822753906,
    0,
    0,
    0,
    -0.9999997615814209,
    -0.00099999981466680765,
    0,
    0,
    -1,
    0
  ],
  "time" : 23758.550619500005
}