{
  "averageVelocity" : 0.14937011897563934,
  "time" : 23765.022238208338,
  "intrinsics" : [
    1606.9261474609375,
    0,
    950.3399658203125,
    0,
    1606.9261474609375,
    721.14923095703125,
    0,
    0,
    1
  ],
  "projectionMatrix" : [
    1.6738814115524292,
    0,
    0.0095416903495788574,
    0,
    0,
    2.2318418025970459,
    0.0022906064987182617,
    0,
    0,
    0,
    -0.9999997615814209,
    -0.00099999981466680765,
    0,
    0,
    -1,
    0
  ],
  "exposureDuration" : 0.01666666753590107,
  "cameraPoseARFrame" : [
    0.83201605081558228,
    -0.11001048237085342,
    0.54373455047607422,
    -0.12255064398050308,
    0.0040341084823012352,
    0.98131406307220459,
    0.19237034022808075,
    0.28877449035644531,
    -0.5547371506690979,
    -0.15786170959472656,
    0.81691277027130127,
    0.24987983703613281,
    0,
    0,
    0,
    1.0000001192092896
  ],
  "averageAngularVelocity" : 0.33829367160797119,
  "motionQuality" : 0.90334469079971313,
  "cameraGrain" : 0.30892592668533325,
  "frame_index" : 120
}