{
  "frame_index" : 176,
  "averageAngularVelocity" : 0.2912537157535553,
  "exposureDuration" : 0.01666666753590107,
  "intrinsics" : [
    1607.8299560546875,
    0,
    950.12176513671875,
    0,
    1607.8299560546875,
    721.28558349609375,
    0,
    0,
    1
  ],
  "motionQuality" : 0.91678464412689209,
  "projectionMatrix" : [
    1.6748229265213013,
    0,
    0.0097690224647521973,
    0,
    0,
    2.2330970764160156,
    0.0024799704551696777,
    0,
    0,
    0,
    -0.9999997615814209,
    -0.00099999981466680765,
    0,
    0,
    -1,
    0
  ],
  "averageVelocity" : 0.1585664302110672,
  "time" : 23769.990283208339,
  "cameraGrain" : 0.1545536071062088,
  "cameraPoseARFrame" : [
    0.96387350559234619,
    -0.10647530853748322,
    0.24415402114391327,
    0.18743269145488739,
    -0.024922993034124374,
    0.87655508518218994,
    0.48065587878227234,
    0.056400209665298462,
    -0.26519244909286499,
    -0.46937647461891174,
    0.84223449230194092,
    0.38974496722221375,
    0,
    0,
    0,
    1.0000002384185791
  ]
}