{
  "time" : 23772.09066720834,
  "cameraPoseARFrame" : [
    0.93171238899230957,
    0.14404088258743286,
    -0.33341333270072937,
    0.37761566042900085,
    0.025063494220376015,
    0.89030778408050537,
    0.45466896891593933,
    0.062462024390697479,
    0.36233127117156982,
    -0.43197721242904663,
    0.82590055465698242,
    0.32827520370483398,
    0,
    0,
    0,
    1
  ],
  "frame_index" : 200,
  "averageVelocity" : 0.07361014187335968,
  "intrinsics" : [
    1612.3489990234375,
    0,
    950.25299072265625,
    0,
    1612.3489990234375,
    721.2752685546875,
    0,
    0,
    1
  ],
  "motionQuality" : 0.96318072080612183,
  "cameraGrain" : 0.25864511728286743,
  "exposureDuration" : 0.01666666753590107,
  "projectionMatrix" : [
    1.6795302629470825,
    0,
    0.0096322894096374512,
    0,
    0,
    2.2393736839294434,
    0.002465665340423584,
    0,
    0,
    0,
    -0.9999997615814209,
    -0.00099999981466680765,
    0,
    0,
    -1,
    0
  ],
  "averageAngularVelocity" : 0.12886755168437958
}