{
  "cameraGrain" : 0,
  "averageAngularVelocity" : 0.12191478908061981,
  "averageVelocity" : 0.10068080574274063,
  "cameraPoseARFrame" : [
    0.99258393049240112,
    0.03058253601193428,
    -0.1176530197262764,
    0.2606225311756134,
    -0.00050310039659962058,
    0.96886223554611206,
    0.2476000189781189,
    0.27632912993431091,
    0.12156175076961517,
    -0.24570459127426147,
    0.96169227361679077,
    0.15423829853534698,
    0,
    0,
    0,
    1.0000002384185791
  ],
  "motionQuality" : 0.96516722440719604,
  "exposureDuration" : 0.01666666753590107,
  "frame_index" : 71,
  "intrinsics" : [
    1609.6375732421875,
    0,
    950.2838134765625,
    0,
    1609.6375732421875,
    721.1656494140625,
    0,
    0,
    1
  ],
  "projectionMatrix" : [
    1.6767058372497559,
    0,
    0.009600222110748291,
    0,
    0,
    2.2356076240539551,
    0.0023133754730224609,
    0,
    0,
    0,
    -0.9999997615814209,
    -0.00099999981466680765,
    0,
    0,
    -1,
    0
  ],
  "time" : 23760.920516541672
}