{
  "intrinsics" : [
    1603.7628173828125,
    0,
    950.2200927734375,
    0,
    1603.7628173828125,
    721.1556396484375,
    0,
    0,
    1
  ],
  "frame_index" : 321,
  "projectionMatrix" : [
    1.6705862283706665,
    0,
    0.0096665620803833008,
    0,
    0,
    2.2274484634399414,
    0.0022994875907897949,
    0,
    0,
    0,
    -0.9999997615814209,
    -0.00099999981466680765,
    0,
    0,
    -1,
    0
  ],
  "motionQuality" : 0.86141252517700195,
  "cameraGrain" : 0,
  "exposureDuration" : 0.01666666753590107,
  "averageAngularVelocity" : 0.485056072473526,
  "time" : 23782.595156458337,
  "averageVelocity" : 0.39540466666221619,
  "cameraPoseARFrame" : [
    0.9990384578704834,
    0.040388543158769608,
    -0.017065910622477531,
    0.23453819751739502,
    -0.035159192979335785,
    0.97049009799957275,
    0.23856382071971893,
    0.27918773889541626,
    0.026197366416454315,
    -0.23773440718650818,
    0.97097694873809814,
    0.14194968342781067,
    0,
    0,
    0,
    1.0000001192092896
  ]
}