{
  "time" : 23777.728710000007,
  "cameraPoseARFrame" : [
    0.99907350540161133,
    0.025106985121965408,
    0.034957095980644226,
    0.17529092729091644,
    -0.032520070672035217,
    0.97240549325942993,
    0.23101940751075745,
    0.26819854974746704,
    -0.028192371129989624,
    -0.23194216191768646,
    0.9723210334777832,
    0.12669317424297333,
    0,
    0,
    0,
    1.0000002384185791
  ],
  "averageAngularVelocity" : 0.10900355875492096,
  "cameraGrain" : 0,
  "projectionMatrix" : [
    1.6743521690368652,
    0,
    0.0096572041511535645,
    0,
    0,
    2.2324695587158203,
    0.0022988319396972656,
    0,
    0,
    0,
    -0.9999997615814209,
    -0.00099999981466680765,
    0,
    0,
    -1,
    0
  ],
  "exposureDuration" : 0.01666666753590107,
  "frame_index" : 264,
  "motionQuality" : 0.95597410202026367,
  "intrinsics" : [
    1607.3780517578125,
    0,
    950.22906494140625,
    0,
    1607.3780517578125,
    721.1551513671875,
    0,
    0,
    1
  ],
  "averageVelocity" : 0.15409059822559357
}