{
  "exposureDuration" : 0.01666666753590107,
  "intrinsics" : [
    1599.2437744140625,
    0,
    950.25079345703125,
    0,
    1599.2437744140625,
    721.20465087890625,
    0,
    0,
    1
  ],
  "time" : 23784.129668250007,
  "motionQuality" : 0.9922369122505188,
  "cameraPoseARFrame" : [
    0.97395384311676025,
    -0.07557881623506546,
    0.2137799859046936,
    0.10624761879444122,
    -0.0026152837090194225,
    0.93900728225708008,
    0.3438873291015625,
    0.15646488964557648,
    -0.22673165798187256,
    -0.33548948168754578,
    0.91435205936431885,
    0.44618469476699829,
    0,
    0,
    0,
    1.0000001192092896
  ],
  "projectionMatrix" : [
    1.6658788919448853,
    0,
    0.0096346139907836914,
    0,
    0,
    2.2211718559265137,
    0.002367556095123291,
    0,
    0,
    0,
    -0.9999997615814209,
    -0.00099999981466680765,
    0,
    0,
    -1,
    0
  ],
  "cameraGrain" : 0.063267514109611511,
  "frame_index" : 337,
  "averageVelocity" : 0.018910238519310951,
  "averageAngularVelocity" : 0.027170775458216667
}