{
  "cameraGrain" : 0.15185382962226868,
  "frame_index" : 369,
  "time" : 23786.861759125004,
  "averageVelocity" : 0.098383896052837372,
  "cameraPoseARFrame" : [
    0.98577094078063965,
    -0.16790316998958588,
    0.0080245789140462875,
    -0.10781421512365341,
    0.14720916748046875,
    0.88535159826278687,
    0.44100117683410645,
    0.071246013045310974,
    -0.081150136888027191,
    -0.4335448145866394,
    0.89747071266174316,
    0.31937718391418457,
    0,
    0,
    0,
    1.0000001192092896
  ],
  "exposureDuration" : 0.01666666753590107,
  "intrinsics" : [
    1600.5994873046875,
    0,
    950.58734130859375,
    0,
    1600.5994873046875,
    721.29547119140625,
    0,
    0,
    1
  ],
  "averageAngularVelocity" : 0.58011853694915771,
  "projectionMatrix" : [
    1.6672911643981934,
    0,
    0.0092840194702148438,
    0,
    0,
    2.2230548858642578,
    0.002493739128112793,
    0,
    0,
    0,
    -0.9999997615814209,
    -0.00099999981466680765,
    0,
    0,
    -1,
    0
  ],
  "motionQuality" : 0.83425188064575195
}