{
  "motionQuality" : 0.94943302869796753,
  "time" : 23777.660068875004,
  "intrinsics" : [
    1605.5704345703125,
    0,
    950.22137451171875,
    0,
    1605.5704345703125,
    721.15765380859375,
    0,
    0,
    1
  ],
  "averageAngularVelocity" : 0.062930777668952942,
  "cameraGrain" : 0,
  "projectionMatrix" : [
    1.6724692583084106,
    0,
    0.0096652507781982422,
    0,
    0,
    2.2299590110778809,
    0.0023022890090942383,
    0,
    0,
    0,
    -0.9999997615814209,
    -0.00099999981466680765,
    0,
    0,
    -1,
    0
  ],
  "cameraPoseARFrame" : [
    0.99910098314285278,
    0.026349727064371109,
    0.033213604241609573,
    0.180632084608078,
    -0.033533766865730286,
    0.97048854827880859,
    0.23880419135093689,
    0.26282614469528198,
    -0.025941062718629837,
    -0.23970328271389008,
    0.97049963474273682,
    0.13287213444709778,
    0,
    0,
    0,
    1.0000001192092896
  ],
  "frame_index" : 263,
  "averageVelocity" : 0.17698432505130768,
  "exposureDuration" : 0.01666666753590107
}