{
  "cameraGrain" : 0,
  "averageAngularVelocity" : 0.30692628026008606,
  "averageVelocity" : 0.11688929796218872,
  "cameraPoseARFrame" : [
    0.99979245662689209,
    0.015465537086129189,
    -0.013265962712466717,
    0.20308935642242432,
    -0.0098507087677717209,
    0.93680024147033691,
    0.3497261106967926,
    0.16228266060352325,
    0.017836146056652069,
    -0.34952288866043091,
    0.93675810098648071,
    0.28993150591850281,
    0,
    0,
    0,
    1.0000001192092896
  ],
  "motionQuality" : 0.91230678558349609,
  "exposureDuration" : 0.01666666753590107,
  "frame_index" : 46,
  "intrinsics" : [
    1599.6956787109375,
    0,
    950.22344970703125,
    0,
    1599.6956787109375,
    721.208740234375,
    0,
    0,
    1
  ],
  "projectionMatrix" : [
    1.6663496494293213,
    0,
    0.0096630454063415527,
    0,
    0,
    2.2217996120452881,
    0.0023732781410217285,
    0,
    0,
    0,
    -0.9999997615814209,
    -0.00099999981466680765,
    0,
    0,
    -1,
    0
  ],
  "time" : 23758.819493375006
}