{
  "cameraGrain" : 0,
  "averageAngularVelocity" : 0.2353263795375824,
  "averageVelocity" : 0.1204574927687645,
  "cameraPoseARFrame" : [
    0.99818986654281616,
    0.014416275545954704,
    -0.058390051126480103,
    0.21264609694480896,
    -0.0047919917851686478,
    0.98682457208633423,
    0.16172307729721069,
    0.32626917958259583,
    0.059952083975076675,
    -0.16115052998065948,
    0.98510724306106567,
    0.11409170180559158,
    0,
    0,
    0,
    1
  ],
  "motionQuality" : 0.93276387453079224,
  "exposureDuration" : 0.01666666753590107,
  "frame_index" : 79,
  "intrinsics" : [
    1598.7918701171875,
    0,
    950.31671142578125,
    0,
    1598.7918701171875,
    721.14080810546875,
    0,
    0,
    1
  ],
  "projectionMatrix" : [
    1.6654082536697388,
    0,
    0.0095659494400024414,
    0,
    0,
    2.2205443382263184,
    0.0022789239883422852,
    0,
    0,
    0,
    -0.9999997615814209,
    -0.00099999981466680765,
    0,
    0,
    -1,
    0
  ],
  "time" : 23761.62071504167
}