{
  "exposureDuration" : 0.01666666753590107,
  "time" : 23769.423897375003,
  "projectionMatrix" : [
    1.6748229265213013,
    0,
    0.0097420215606689453,
    0,
    0,
    2.2330970764160156,
    0.0024815797805786133,
    0,
    0,
    0,
    -0.9999997615814209,
    -0.00099999981466680765,
    0,
    0,
    -1,
    0
  ],
  "averageAngularVelocity" : 0.29578295350074768,
  "frame_index" : 170,
  "motionQuality" : 0.91549056768417358,
  "averageVelocity" : 0.13825345039367676,
  "cameraGrain" : 0.18177643418312073,
  "intrinsics" : [
    1607.8299560546875,
    0,
    950.14764404296875,
    0,
    1607.8299560546875,
    721.2867431640625,
    0,
    0,
    1
  ],
  "cameraPoseARFrame" : [
    0.87351882457733154,
    -0.22256462275981903,
    0.43293207883834839,
    0.10606706887483597,
    -0.016089145094156265,
    0.87567377090454102,
    0.48263505101203918,
    0.047003597021102905,
    -0.48652485013008118,
    -0.42855620384216309,
    0.76133650541305542,
    0.4263254702091217,
    0,
    0,
    0,
    1.0000002384185791
  ]
}