{
  "exposureDuration" : 0.01666666753590107,
  "time" : 23772.22498554167,
  "cameraPoseARFrame" : [
    0.9365311861038208,
    0.15608371794223785,
    -0.31392219662666321,
    0.38767030835151672,
    0.003712021978572011,
    0.89096099138259888,
    0.45406442880630493,
    0.06493600457906723,
    0.35056447982788086,
    -0.42641082406044006,
    0.83383345603942871,
    0.31933233141899109,
    0,
    0,
    0,
    1
  ],
  "frame_index" : 202,
  "averageVelocity" : 0.1063636913895607,
  "averageAngularVelocity" : 0.15739597380161285,
  "intrinsics" : [
    1607.8299560546875,
    0,
    950.2032470703125,
    0,
    1607.8299560546875,
    721.27130126953125,
    0,
    0,
    1
  ],
  "cameraGrain" : 0.25448372960090637,
  "projectionMatrix" : [
    1.6748229265213013,
    0,
    0.009684145450592041,
    0,
    0,
    2.2330970764160156,
    0.0024601221084594727,
    0,
    0,
    0,
    -0.9999997615814209,
    -0.00099999981466680765,
    0,
    0,
    -1,
    0
  ],
  "motionQuality" : 0.95502972602844238
}