{
  "averageVelocity" : 0.15262798964977264,
  "averageAngularVelocity" : 0.19765976071357727,
  "cameraGrain" : 0,
  "frame_index" : 242,
  "cameraPoseARFrame" : [
    0.98686867952346802,
    0.098732464015483856,
    -0.12783683836460114,
    0.31165498495101929,
    -0.080178827047348022,
    0.98647987842559814,
    0.14292924106121063,
    0.28354209661483765,
    0.14022007584571838,
    -0.13080260157585144,
    0.98144239187240601,
    0.083082355558872223,
    0,
    0,
    0,
    1.0000001192092896
  ],
  "exposureDuration" : 0.01666666753590107,
  "time" : 23775.792084291672,
  "motionQuality" : 0.94352579116821289,
  "intrinsics" : [
    1603.7628173828125,
    0,
    950.14312744140625,
    0,
    1603.7628173828125,
    721.13134765625,
    0,
    0,
    1
  ],
  "projectionMatrix" : [
    1.6705862283706665,
    0,
    0.0097467303276062012,
    0,
    0,
    2.2274484634399414,
    0.0022657513618469238,
    0,
    0,
    0,
    -0.9999997615814209,
    -0.00099999981466680765,
    0,
    0,
    -1,
    0
  ]
}