{
  "frame_index" : 299,
  "intrinsics" : [
    1604.2147216796875,
    0,
    950.42169189453125,
    0,
    1604.2147216796875,
    721.14556884765625,
    0,
    0,
    1
  ],
  "cameraPoseARFrame" : [
    0.98667579889297485,
    -0.051713604480028152,
    0.15426237881183624,
    0.12029170244932175,
    0.025632137432694435,
    0.98570901155471802,
    0.16649532318115234,
    0.32310381531715393,
    -0.1606680154800415,
    -0.16032281517982483,
    0.97390061616897583,
    0.12690073251724243,
    0,
    0,
    0,
    1
  ],
  "exposureDuration" : 0.01666666753590107,
  "cameraGrain" : 0,
  "averageAngularVelocity" : 0.81545192003250122,
  "motionQuality" : 0.76701372861862183,
  "averageVelocity" : 0.51899904012680054,
  "time" : 23780.69281258334,
  "projectionMatrix" : [
    1.6710569858551025,
    0,
    0.0094565749168395996,
    0,
    0,
    2.2280759811401367,
    0.0022855401039123535,
    0,
    0,
    0,
    -0.9999997615814209,
    -0.00099999981466680765,
    0,
    0,
    -1,
    0
  ]
}