{
  "projectionMatrix" : [
    1.6672911643981934,
    0,
    0.0094976425170898438,
    0,
    0,
    2.2230548858642578,
    0.0023035407066345215,
    0,
    0,
    0,
    -0.9999997615814209,
    -0.00099999981466680765,
    0,
    0,
    -1,
    0
  ],
  "time" : 23764.822750750005,
  "motionQuality" : 0.87836796045303345,
  "averageAngularVelocity" : 0.42571204900741577,
  "cameraPoseARFrame" : [
    0.86632019281387329,
    -0.12746822834014893,
    0.48295062780380249,
    -0.11235556751489639,
    0.024585314095020294,
    0.97659885883331299,
    0.21365863084793091,
    0.27383321523666382,
    -0.49888390302658081,
    -0.17322327196598053,
    0.84918105602264404,
    0.22557410597801208,
    0,
    0,
    0,
    1.0000001192092896
  ],
  "cameraGrain" : 0.24890060722827911,
  "intrinsics" : [
    1600.5994873046875,
    0,
    950.38226318359375,
    0,
    1600.5994873046875,
    721.1585693359375,
    0,
    0,
    1
  ],
  "exposureDuration" : 0.01666666753590107,
  "frame_index" : 117,
  "averageVelocity" : 0.14301039278507233
}