{
  "averageVelocity" : 0.023096250370144844,
  "cameraGrain" : 0.062449317425489426,
  "exposureDuration" : 0.01666666753590107,
  "cameraPoseARFrame" : [
    0.97432237863540649,
    -0.068510651588439941,
    0.21448184549808502,
    0.11154116690158844,
    -0.0088838096708059311,
    0.94014418125152588,
    0.34066095948219299,
    0.15775157511234283,
    -0.22498294711112976,
    -0.3338189423084259,
    0.91539484262466431,
    0.44671022891998291,
    0,
    0,
    0,
    1.0000001192092896
  ],
  "averageAngularVelocity" : 0,
  "frame_index" : 343,
  "intrinsics" : [
    1600.5994873046875,
    0,
    950.2379150390625,
    0,
    1600.5994873046875,
    721.2022705078125,
    0,
    0,
    1
  ],
  "projectionMatrix" : [
    1.6672911643981934,
    0,
    0.0096480250358581543,
    0,
    0,
    2.2230548858642578,
    0.0023642778396606445,
    0,
    0,
    0,
    -0.9999997615814209,
    -0.00099999981466680765,
    0,
    0,
    -1,
    0
  ],
  "motionQuality" : 0.98083090782165527,
  "time" : 23784.629797875004
}