{
  "time" : 23768.021803125004,
  "averageAngularVelocity" : 0.17729374766349792,
  "frame_index" : 153,
  "cameraPoseARFrame" : [
    0.69042879343032837,
    -0.23220406472682953,
    0.68512016534805298,
    -0.017629476264119148,
    -0.001686754054389894,
    0.94656342267990112,
    0.32251343131065369,
    0.1366003006696701,
    -0.72339862585067749,
    -0.22382815182209015,
    0.65314280986785889,
    0.41477054357528687,
    0,
    0,
    0,
    1.0000001192092896
  ],
  "motionQuality" : 0.94110369682312012,
  "projectionMatrix" : [
    1.6748229265213013,
    0,
    0.009618222713470459,
    0,
    0,
    2.2330970764160156,
    0.0023540854454040527,
    0,
    0,
    0,
    -0.9999997615814209,
    -0.00099999981466680765,
    0,
    0,
    -1,
    0
  ],
  "exposureDuration" : 0.01666666753590107,
  "intrinsics" : [
    1607.8299560546875,
    0,
    950.2664794921875,
    0,
    1607.8299560546875,
    721.1949462890625,
    0,
    0,
    1
  ],
  "cameraGrain" : 0.27983313798904419,
  "averageVelocity" : 0.20613700151443481
}