{
  "time" : 23774.191778083339,
  "projectionMatrix" : [
    1.66164231300354,
    0,
    0.010136902332305908,
    0,
    0,
    2.2155230045318604,
    0.0026941895484924316,
    0,
    0,
    0,
    -0.9999997615814209,
    -0.00099999981466680765,
    0,
    0,
    -1,
    0
  ],
  "cameraGrain" : 0.20306074619293213,
  "intrinsics" : [
    1595.1766357421875,
    0,
    949.7685546875,
    0,
    1595.1766357421875,
    721.4398193359375,
    0,
    0,
    1
  ],
  "frame_index" : 224,
  "cameraPoseARFrame" : [
    0.92055106163024902,
    0.32951700687408447,
    -0.20977233350276947,
    0.3958134651184082,
    -0.12232412397861481,
    0.75318777561187744,
    0.64633196592330933,
    0.22405998408794403,
    0.37097519636154175,
    -0.5693213939666748,
    0.73365569114685059,
    0.067509062588214874,
    0,
    0,
    0,
    1.0000001192092896
  ],
  "motionQuality" : 0.94188559055328369,
  "averageVelocity" : 0.043721284717321396,
  "averageAngularVelocity" : 0.20340046286582947,
  "exposureDuration" : 0.01666666753590107
}