{
  "cameraGrain" : 0.078286364674568176,
  "averageAngularVelocity" : 0.052395984530448914,
  "averageVelocity" : 0.13123390078544617,
  "cameraPoseARFrame" : [
    0.98877555131912231,
    0.053128808736801147,
    -0.1396440714597702,
    0.29143074154853821,
    -0.0098963631317019463,
    0.95587742328643799,
    0.29359880089759827,
    0.22969084978103638,
    0.14908106625080109,
    -0.28892132639884949,
    0.94567400217056274,
    0.19933247566223145,
    0,
    0,
    0,
    1
  ],
  "motionQuality" : 0.96250462532043457,
  "exposureDuration" : 0.01666666753590107,
  "frame_index" : 64,
  "intrinsics" : [
    1600.1475830078125,
    0,
    950.2353515625,
    0,
    1600.1475830078125,
    721.1815185546875,
    0,
    0,
    1
  ],
  "projectionMatrix" : [
    1.6668204069137573,
    0,
    0.0096506476402282715,
    0,
    0,
    2.2224271297454834,
    0.0023354291915893555,
    0,
    0,
    0,
    -0.9999997615814209,
    -0.00099999981466680765,
    0,
    0,
    -1,
    0
  ],
  "time" : 23760.352983458339
}