{
  "exposureDuration" : 0.01666666753590107,
  "cameraGrain" : 0.06973942369222641,
  "frame_index" : 354,
  "intrinsics" : [
    1600.5994873046875,
    0,
    950.1810302734375,
    0,
    1600.5994873046875,
    721.2119140625,
    0,
    0,
    1
  ],
  "cameraPoseARFrame" : [
    0.9715990424156189,
    -0.064516209065914154,
    0.22766906023025513,
    0.093695506453514099,
    -0.024010166525840759,
    0.93027222156524658,
    0.36608347296714783,
    0.15235523879528046,
    -0.23541262745857239,
    -0.36115267872810364,
    0.90230238437652588,
    0.42368012666702271,
    0,
    0,
    0,
    1.0000001192092896
  ],
  "projectionMatrix" : [
    1.6672911643981934,
    0,
    0.0097072720527648926,
    0,
    0,
    2.2230548858642578,
    0.002377629280090332,
    0,
    0,
    0,
    -0.9999997615814209,
    -0.00099999981466680765,
    0,
    0,
    -1,
    0
  ],
  "averageVelocity" : 0.24513554573059082,
  "averageAngularVelocity" : 0.28813400864601135,
  "time" : 23785.561423500007,
  "motionQuality" : 0.91767597198486328
}