{
  "exposureDuration" : 0.01666666753590107,
  "frame_index" : 315,
  "averageVelocity" : 0.13730292022228241,
  "intrinsics" : [
    1604.6666259765625,
    0,
    950.34075927734375,
    0,
    1604.6666259765625,
    721.1217041015625,
    0,
    0,
    1
  ],
  "motionQuality" : 0.93639498949050903,
  "projectionMatrix" : [
    1.6715277433395386,
    0,
    0.009540855884552002,
    0,
    0,
    2.2287037372589111,
    0.0022523403167724609,
    0,
    0,
    0,
    -0.9999997615814209,
    -0.00099999981466680765,
    0,
    0,
    -1,
    0
  ],
  "time" : 23782.06127283334,
  "cameraGrain" : 0,
  "cameraPoseARFrame" : [
    0.99962633848190308,
    0.027327362447977066,
    -0.00092964671785011888,
    0.24080908298492432,
    -0.027246510609984398,
    0.99837297201156616,
    0.050091657787561417,
    0.37624108791351318,
    0.0022968256380409002,
    -0.050047609955072403,
    0.99874430894851685,
    0.025021128356456757,
    0,
    0,
    0,
    1.0000002384185791
  ],
  "averageAngularVelocity" : 0.22261758148670197
}