{
  "time" : 23775.22549579167,
  "cameraGrain" : 0.11440031975507736,
  "averageAngularVelocity" : 0.321176677942276,
  "intrinsics" : [
    1603.7628173828125,
    0,
    950.090576171875,
    0,
    1603.7628173828125,
    721.1632080078125,
    0,
    0,
    1
  ],
  "motionQuality" : 0.90823525190353394,
  "averageVelocity" : 0.089382171630859375,
  "projectionMatrix" : [
    1.6705862283706665,
    0,
    0.0098015069961547852,
    0,
    0,
    2.2274484634399414,
    0.0023100376129150391,
    0,
    0,
    0,
    -0.9999997615814209,
    -0.00099999981466680765,
    0,
    0,
    -1,
    0
  ],
  "frame_index" : 235,
  "exposureDuration" : 0.01666666753590107,
  "cameraPoseARFrame" : [
    0.97212952375411987,
    0.12840165197849274,
    -0.19615684449672699,
    0.35001665353775024,
    -0.076446622610092163,
    0.96456420421600342,
    0.25253069400787354,
    0.30151697993278503,
    0.22163115441799164,
    -0.23049703240394592,
    0.94749712944030762,
    0.079420529305934906,
    0,
    0,
    0,
    1.0000001192092896
  ]
}