{
  "cameraGrain" : 0.13990043103694916,
  "frame_index" : 372,
  "time" : 23787.063583750005,
  "averageVelocity" : 0.21273700892925262,
  "cameraPoseARFrame" : [
    0.97411668300628662,
    -0.17318126559257507,
    0.14527504146099091,
    -0.072642505168914795,
    0.08402387797832489,
    0.87404137849807739,
    0.47853049635887146,
    0.082830473780632019,
    -0.20984899997711182,
    -0.45393800735473633,
    0.86596971750259399,
    0.31531411409378052,
    0,
    0,
    0,
    1.0000001192092896
  ],
  "exposureDuration" : 0.01666666753590107,
  "intrinsics" : [
    1599.6956787109375,
    0,
    950.40496826171875,
    0,
    1599.6956787109375,
    721.3026123046875,
    0,
    0,
    1
  ],
  "averageAngularVelocity" : 0.73526644706726074,
  "projectionMatrix" : [
    1.6663496494293213,
    0,
    0.0094739794731140137,
    0,
    0,
    2.2217996120452881,
    0.0025036334991455078,
    0,
    0,
    0,
    -0.9999997615814209,
    -0.00099999981466680765,
    0,
    0,
    -1,
    0
  ],
  "motionQuality" : 0.78992390632629395
}