{
  "averageVelocity" : 0.23617267608642578,
  "averageAngularVelocity" : 0.38066917657852173,
  "cameraGrain" : 0,
  "frame_index" : 243,
  "cameraPoseARFrame" : [
    0.98949682712554932,
    0.10209723562002182,
    -0.10233468562364578,
    0.30230766534805298,
    -0.083319514989852905,
    0.9813193678855896,
    0.17340750992298126,
    0.26360651850700378,
    0.1181272491812706,
    -0.16305972635746002,
    0.97951912879943848,
    0.09160902351140976,
    0,
    0,
    0,
    1.0000001192092896
  ],
  "exposureDuration" : 0.01666666753590107,
  "intrinsics" : [
    1603.7628173828125,
    0,
    950.12091064453125,
    0,
    1603.7628173828125,
    721.13739013671875,
    0,
    0,
    1
  ],
  "motionQuality" : 0.89123737812042236,
  "projectionMatrix" : [
    1.6705862283706665,
    0,
    0.0097698569297790527,
    0,
    0,
    2.2274484634399414,
    0.0022741556167602539,
    0,
    0,
    0,
    -0.9999997615814209,
    -0.00099999981466680765,
    0,
    0,
    -1,
    0
  ],
  "time" : 23775.892029000006
}