{
  "projectionMatrix" : [
    1.6729398965835571,
    0,
    0.0096906423568725586,
    0,
    0,
    2.2305865287780762,
    0.0023996829986572266,
    0,
    0,
    0,
    -0.9999997615814209,
    -0.00099999981466680765,
    0,
    0,
    -1,
    0
  ],
  "frame_index" : 5,
  "averageVelocity" : 0.070756815373897552,
  "averageAngularVelocity" : 0.13170860707759857,
  "cameraPoseARFrame" : [
    0.85987144708633423,
    -0.17737327516078949,
    0.47870659828186035,
    0.030191605910658836,
    -0.0097053991630673409,
    0.93185204267501831,
    0.36270871758460999,
    0.15127056837081909,
    -0.5104185938835144,
    -0.31652888655662537,
    0.79955142736434937,
    0.39070588350296021,
    0,
    0,
    0,
    1
  ],
  "time" : 23755.315975291673,
  "intrinsics" : [
    1606.0223388671875,
    0,
    950.19696044921875,
    0,
    1606.0223388671875,
    721.227783203125,
    0,
    0,
    1
  ],
  "motionQuality" : 0.96236896514892578,
  "cameraGrain" : 0.14366564154624939,
  "exposureDuration" : 0.01666666753590107
}