{
  "averageVelocity" : 0.12396980077028275,
  "projectionMatrix" : [
    1.6781179904937744,
    0,
    0.010120570659637451,
    0,
    0,
    2.2374906539916992,
    0.0024634599685668945,
    0,
    0,
    0,
    -0.9999997615814209,
    -0.00099999981466680765,
    0,
    0,
    -1,
    0
  ],
  "cameraGrain" : 0.24578502774238586,
  "motionQuality" : 0.95987784862518311,
  "intrinsics" : [
    1610.9932861328125,
    0,
    949.78424072265625,
    0,
    1610.9932861328125,
    721.273681640625,
    0,
    0,
    1
  ],
  "time" : 23773.023982583338,
  "cameraPoseARFrame" : [
    0.97217941284179688,
    0.21798430383205414,
    -0.085734449326992035,
    0.43086618185043335,
    -0.1549360454082489,
    0.87293082475662231,
    0.46258693933486938,
    0.091950595378875732,
    0.17567671835422516,
    -0.43643411993980408,
    0.8824189305305481,
    0.22284843027591705,
    0,
    0,
    0,
    1.0000002384185791
  ],
  "exposureDuration" : 0.01666666753590107,
  "frame_index" : 211,
  "averageAngularVelocity" : 0.14042752981185913
}