{
  "cameraGrain" : 0.1586754322052002,
  "frame_index" : 365,
  "time" : 23786.532271666671,
  "averageVelocity" : 0,
  "cameraPoseARFrame" : [
    0.98200005292892456,
    -0.17498491704463959,
    -0.071108482778072357,
    -0.12106835842132568,
    0.18868619203567505,
    0.89170569181442261,
    0.41141036152839661,
    0.064673565328121185,
    -0.0085828555747866631,
    -0.41742214560508728,
    0.90867221355438232,
    0.31816071271896362,
    0,
    0,
    0,
    1
  ],
  "exposureDuration" : 0.01666666753590107,
  "intrinsics" : [
    1600.5994873046875,
    0,
    950.70428466796875,
    0,
    1600.5994873046875,
    721.29205322265625,
    0,
    0,
    1
  ],
  "averageAngularVelocity" : 0.17226813733577728,
  "projectionMatrix" : [
    1.6672911643981934,
    0,
    0.0091621875762939453,
    0,
    0,
    2.2230548858642578,
    0.0024889707565307617,
    0,
    0,
    0,
    -0.9999997615814209,
    -0.00099999981466680765,
    0,
    0,
    -1,
    0
  ],
  "motionQuality" : 0.95078051090240479
}