{
  "averageVelocity" : 0,
  "cameraGrain" : 0,
  "exposureDuration" : 0.01666666753590107,
  "frame_index" : 238,
  "averageAngularVelocity" : 0.20493842661380768,
  "motionQuality" : 0.94144618511199951,
  "time" : 23775.427139000007,
  "intrinsics" : [
    1603.3109130859375,
    0,
    950.0938720703125,
    0,
    1603.3109130859375,
    721.1502685546875,
    0,
    0,
    1
  ],
  "projectionMatrix" : [
    1.67011559009552,
    0,
    0.0097980499267578125,
    0,
    0,
    2.226820707321167,
    0.0022920370101928711,
    0,
    0,
    0,
    -0.9999997615814209,
    -0.00099999981466680765,
    0,
    0,
    -1,
    0
  ],
  "cameraPoseARFrame" : [
    0.97734975814819336,
    0.12191750854253769,
    -0.17298509180545807,
    0.33873328566551208,
    -0.083321832120418549,
    0.97304672002792358,
    0.21502920985221863,
    0.30175277590751648,
    0.19453828036785126,
    -0.1957453191280365,
    0.96116530895233154,
    0.080192379653453827,
    0,
    0,
    0,
    1.0000001192092896
  ]
}