{
  "cameraGrain" : 0.04873395711183548,
  "averageAngularVelocity" : 0.13701346516609192,
  "averageVelocity" : 0.14584369957447052,
  "cameraPoseARFrame" : [
    0.99063652753829956,
    0.034538000822067261,
    -0.13208578526973724,
    0.27384874224662781,
    0.0026918624062091112,
    0.96234321594238281,
    0.27182382345199585,
    0.25673440098762512,
    0.13650006055831909,
    -0.26963412761688232,
    0.9532393217086792,
    0.17424759268760681,
    0,
    0,
    0,
    1.0000001192092896
  ],
  "motionQuality" : 0.95833039283752441,
  "exposureDuration" : 0.01666666753590107,
  "frame_index" : 68,
  "intrinsics" : [
    1604.6666259765625,
    0,
    950.278564453125,
    0,
    1604.6666259765625,
    721.17486572265625,
    0,
    0,
    1
  ],
  "projectionMatrix" : [
    1.6715277433395386,
    0,
    0.0096056461334228516,
    0,
    0,
    2.2287037372589111,
    0.0023261904716491699,
    0,
    0,
    0,
    -0.9999997615814209,
    -0.00099999981466680765,
    0,
    0,
    -1,
    0
  ],
  "time" : 23760.651517708338
}