{
  "averageVelocity" : 0.16535620391368866,
  "exposureDuration" : 0.01666666753590107,
  "motionQuality" : 0.9527553915977478,
  "intrinsics" : [
    1603.3109130859375,
    0,
    950.26007080078125,
    0,
    1603.3109130859375,
    721.2022705078125,
    0,
    0,
    1
  ],
  "cameraGrain" : 0.26692333817481995,
  "averageAngularVelocity" : 0.11204709857702255,
  "time" : 23768.187967375005,
  "frame_index" : 155,
  "projectionMatrix" : [
    1.67011559009552,
    0,
    0.0096248984336853027,
    0,
    0,
    2.226820707321167,
    0.0023642778396606445,
    0,
    0,
    0,
    -0.9999997615814209,
    -0.00099999981466680765,
    0,
    0,
    -1,
    0
  ],
  "cameraPoseARFrame" : [
    0.68041789531707764,
    -0.24709126353263855,
    0.6899111270904541,
    -0.0039015300571918488,
    -0.00095008901553228498,
    0.94114303588867188,
    0.33800685405731201,
    0.11373426765203476,
    -0.73282366991043091,
    -0.23064139485359192,
    0.64013582468032837,
    0.42507696151733398,
    0,
    0,
    0,
    1
  ]
}