{
  "averageVelocity" : 0.15252776443958282,
  "projectionMatrix" : [
    1.6757643222808838,
    0,
    0.010182082653045654,
    0,
    0,
    2.2343523502349854,
    0.0024761557579040527,
    0,
    0,
    0,
    -0.9999997615814209,
    -0.00099999981466680765,
    0,
    0,
    -1,
    0
  ],
  "cameraGrain" : 0.2486414760351181,
  "cameraPoseARFrame" : [
    0.96861129999160767,
    0.238048255443573,
    -0.071592278778553009,
    0.43232420086860657,
    -0.17705650627613068,
    0.86283165216445923,
    0.4734686017036438,
    0.10560952126979828,
    0.17448027431964874,
    -0.44593116641044617,
    0.87789636850357056,
    0.2158760130405426,
    0,
    0,
    0,
    1.0000001192092896
  ],
  "intrinsics" : [
    1608.7337646484375,
    0,
    949.7252197265625,
    0,
    1608.7337646484375,
    721.2828369140625,
    0,
    0,
    1
  ],
  "time" : 23773.125896833339,
  "motionQuality" : 0.9396025538444519,
  "exposureDuration" : 0.01666666753590107,
  "frame_index" : 212,
  "averageAngularVelocity" : 0.21139097213745117
}