{
  "projectionMatrix" : [
    1.6668204069137573,
    0,
    0.0096762180328369141,
    0,
    0,
    2.2224271297454834,
    0.0023663640022277832,
    0,
    0,
    0,
    -0.9999997615814209,
    -0.00099999981466680765,
    0,
    0,
    -1,
    0
  ],
  "cameraPoseARFrame" : [
    0.98935204744338989,
    0.063992865383625031,
    -0.13071992993354797,
    0.25720879435539246,
    -0.015467059798538685,
    0.93929505348205566,
    0.34276184439659119,
    0.16868184506893158,
    0.14471873641014099,
    -0.33709028363227844,
    0.93028318881988525,
    0.28395074605941772,
    0,
    0,
    0,
    1.0000001192092896
  ],
  "cameraGrain" : 0.10980900377035141,
  "intrinsics" : [
    1600.1475830078125,
    0,
    950.2108154296875,
    0,
    1600.1475830078125,
    721.20379638671875,
    0,
    0,
    1
  ],
  "motionQuality" : 0.95981645584106445,
  "frame_index" : 52,
  "time" : 23759.31995683334,
  "averageVelocity" : 0.10924480110406876,
  "averageAngularVelocity" : 0.14064247906208038,
  "exposureDuration" : 0.01666666753590107
}