{
  "cameraGrain" : 0.13358438014984131,
  "averageAngularVelocity" : 0.02326059527695179,
  "averageVelocity" : 0.0091861728578805923,
  "cameraPoseARFrame" : [
    0.87619572877883911,
    -0.16856208443641663,
    0.45151764154434204,
    0.026673115789890289,
    -0.0084273507818579674,
    0.93134289979934692,
    0.36404582858085632,
    0.15292505919933319,
    -0.48188218474388123,
    -0.32278043031692505,
    0.81461799144744873,
    0.38814038038253784,
    0,
    0,
    0,
    1.0000001192092896
  ],
  "motionQuality" : 0.99335414171218872,
  "exposureDuration" : 0.01666666753590107,
  "frame_index" : 25,
  "intrinsics" : [
    1606.4742431640625,
    0,
    950.22998046875,
    0,
    1606.4742431640625,
    721.22296142578125,
    0,
    0,
    1
  ],
  "projectionMatrix" : [
    1.6734106540679932,
    0,
    0.0096562504768371582,
    0,
    0,
    2.2312142848968506,
    0.0023930072784423828,
    0,
    0,
    0,
    -0.9999997615814209,
    -0.00099999981466680765,
    0,
    0,
    -1,
    0
  ],
  "time" : 23757.084434291672
}