{
  "cameraGrain" : 0.12450277805328369,
  "averageAngularVelocity" : 0.11549925804138184,
  "averageVelocity" : 0,
  "cameraPoseARFrame" : [
    0.88437497615814209,
    -0.16543908417224884,
    0.43647563457489014,
    0.028584400191903114,
    -0.0053787054494023323,
    0.93140923976898193,
    0.36393392086029053,
    0.15212871134281158,
    -0.46674636006355286,
    -0.32420170307159424,
    0.82282507419586182,
    0.38249784708023071,
    0,
    0,
    0,
    1.0000001192092896
  ],
  "motionQuality" : 0.96700018644332886,
  "exposureDuration" : 0.01666666753590107,
  "frame_index" : 27,
  "intrinsics" : [
    1606.4742431640625,
    0,
    950.23974609375,
    0,
    1606.4742431640625,
    721.22296142578125,
    0,
    0,
    1
  ],
  "projectionMatrix" : [
    1.6734106540679932,
    0,
    0.0096461176872253418,
    0,
    0,
    2.2312142848968506,
    0.0023930072784423828,
    0,
    0,
    0,
    -0.9999997615814209,
    -0.00099999981466680765,
    0,
    0,
    -1,
    0
  ],
  "time" : 23757.283440625004
}