{
  "cameraGrain" : 0.02121560275554657,
  "averageAngularVelocity" : 0.11321695894002914,
  "averageVelocity" : 0,
  "cameraPoseARFrame" : [
    0.99346905946731567,
    0.029674837365746498,
    -0.11017657816410065,
    0.25534221529960632,
    -0.0023866759147495031,
    0.97078269720077515,
    0.23994879424571991,
    0.28015023469924927,
    0.11407782137393951,
    -0.2381187230348587,
    0.96451336145401001,
    0.14746367931365967,
    0,
    0,
    0,
    1.0000001192092896
  ],
  "motionQuality" : 0.96765232086181641,
  "exposureDuration" : 0.01666666753590107,
  "frame_index" : 72,
  "intrinsics" : [
    1609.6375732421875,
    0,
    950.283447265625,
    0,
    1609.6375732421875,
    721.16278076171875,
    0,
    0,
    1
  ],
  "projectionMatrix" : [
    1.6767058372497559,
    0,
    0.0096005797386169434,
    0,
    0,
    2.2356076240539551,
    0.0023094415664672852,
    0,
    0,
    0,
    -0.9999997615814209,
    -0.00099999981466680765,
    0,
    0,
    -1,
    0
  ],
  "time" : 23761.019873708337
}