{
  "cameraGrain" : 0,
  "averageAngularVelocity" : 0.28921458125114441,
  "averageVelocity" : 0.11376800388097763,
  "cameraPoseARFrame" : [
    0.99885666370391846,
    -0.0060643339529633522,
    0.047421135008335114,
    0.18024654686450958,
    -0.011169894598424435,
    0.93486422300338745,
    0.35482969880104065,
    0.15941788256168365,
    -0.046484295278787613,
    -0.35495370626449585,
    0.93372762203216553,
    0.29155406355857849,
    0,
    0,
    0,
    1.0000001192092896
  ],
  "motionQuality" : 0.91736727952957153,
  "exposureDuration" : 0.01666666753590107,
  "frame_index" : 44,
  "intrinsics" : [
    1599.6956787109375,
    0,
    950.21954345703125,
    0,
    1599.6956787109375,
    721.21148681640625,
    0,
    0,
    1
  ],
  "projectionMatrix" : [
    1.6663496494293213,
    0,
    0.0096671581268310547,
    0,
    0,
    2.2217996120452881,
    0.0023770928382873535,
    0,
    0,
    0,
    -0.9999997615814209,
    -0.00099999981466680765,
    0,
    0,
    -1,
    0
  ],
  "time" : 23758.618407500006
}