{
  "cameraGrain" : 0,
  "averageAngularVelocity" : 0.19290195405483246,
  "averageVelocity" : 0.14036878943443298,
  "cameraPoseARFrame" : [
    0.99249923229217529,
    -0.036863889545202255,
    0.11656137555837631,
    0.10433716326951981,
    0.018448585644364357,
    0.9876975417137146,
    0.15528428554534912,
    0.33359420299530029,
    -0.12085194140672684,
    -0.15196913480758667,
    0.98096907138824463,
    0.13648706674575806,
    0,
    0,
    0,
    1.0000001192092896
  ],
  "motionQuality" : 0.94488513469696045,
  "exposureDuration" : 0.01666666753590107,
  "frame_index" : 89,
  "intrinsics" : [
    1605.1185302734375,
    0,
    950.38543701171875,
    0,
    1605.1185302734375,
    721.1422119140625,
    0,
    0,
    1
  ],
  "projectionMatrix" : [
    1.6719985008239746,
    0,
    0.0094943642616271973,
    0,
    0,
    2.2293312549591064,
    0.0022808313369750977,
    0,
    0,
    0,
    -0.9999997615814209,
    -0.00099999981466680765,
    0,
    0,
    -1,
    0
  ],
  "time" : 23762.354153083339
}