{
  "cameraGrain" : 0.2781657874584198,
  "cameraPoseARFrame" : [
    0.96312791109085083,
    0.10512106865644455,
    -0.24765761196613312,
    0.3447059690952301,
    0.026194948703050613,
    0.87949693202972412,
    0.47518321871757507,
    0.054639559239149094,
    0.26776564121246338,
    -0.46414962410926819,
    0.84431445598602295,
    0.34436231851577759,
    0,
    0,
    0,
    1.0000001192092896
  ],
  "intrinsics" : [
    1607.8299560546875,
    0,
    950.244384765625,
    0,
    1607.8299560546875,
    721.2899169921875,
    0,
    0,
    1
  ],
  "averageAngularVelocity" : 0.52921336889266968,
  "averageVelocity" : 0.12571568787097931,
  "exposureDuration" : 0.01666666753590107,
  "motionQuality" : 0.84879618883132935,
  "time" : 23771.555883833338,
  "frame_index" : 194,
  "projectionMatrix" : [
    1.6748229265213013,
    0,
    0.0096412897109985352,
    0,
    0,
    2.2330970764160156,
    0.0024859905242919922,
    0,
    0,
    0,
    -0.9999997615814209,
    -0.00099999981466680765,
    0,
    0,
    -1,
    0
  ]
}