{
  "cameraGrain" : 0,
  "averageAngularVelocity" : 0.22477255761623383,
  "averageVelocity" : 0.14474079012870789,
  "cameraPoseARFrame" : [
    0.97976857423782349,
    -0.043748803436756134,
    0.19529403746128082,
    0.054429251700639725,
    0.013169683516025543,
    0.9877936840057373,
    0.15520979464054108,
    0.33322781324386597,
    -0.19970062375068665,
    -0.14949770271778107,
    0.96838533878326416,
    0.15361616015434265,
    0,
    0,
    0,
    1.0000001192092896
  ],
  "motionQuality" : 0.93577927350997925,
  "exposureDuration" : 0.01666666753590107,
  "frame_index" : 93,
  "intrinsics" : [
    1605.1185302734375,
    0,
    950.3734130859375,
    0,
    1605.1185302734375,
    721.1414794921875,
    0,
    0,
    1
  ],
  "projectionMatrix" : [
    1.6719985008239746,
    0,
    0.0095068812370300293,
    0,
    0,
    2.2293312549591064,
    0.002279818058013916,
    0,
    0,
    0,
    -0.9999997615814209,
    -0.00099999981466680765,
    0,
    0,
    -1,
    0
  ],
  "time" : 23762.721381083338
}