{
  "cameraGrain" : 0,
  "averageAngularVelocity" : 0.049897018820047379,
  "averageVelocity" : 0.1307673454284668,
  "cameraPoseARFrame" : [
    0.99008232355117798,
    0.04052291065454483,
    -0.13451875746250153,
    0.28128689527511597,
    5.4902975534787402e-06,
    0.95748668909072876,
    0.28847724199295044,
    0.24300490319728851,
    0.14048971235752106,
    -0.28561693429946899,
    0.94799035787582397,
    0.18548998236656189,
    0,
    0,
    0,
    1.0000001192092896
  ],
  "motionQuality" : 0.96263790130615234,
  "exposureDuration" : 0.01666666753590107,
  "frame_index" : 66,
  "intrinsics" : [
    1600.1475830078125,
    0,
    950.26275634765625,
    0,
    1600.1475830078125,
    721.1806640625,
    0,
    0,
    1
  ],
  "projectionMatrix" : [
    1.6668204069137573,
    0,
    0.0096221566200256348,
    0,
    0,
    2.2224271297454834,
    0.0023342370986938477,
    0,
    0,
    0,
    -0.9999997615814209,
    -0.00099999981466680765,
    0,
    0,
    -1,
    0
  ],
  "time" : 23760.521836583339
}