{
  "averageAngularVelocity" : 0.19476261734962463,
  "cameraGrain" : 0.37798640131950378,
  "projectionMatrix" : [
    1.6762350797653198,
    0,
    0.009456336498260498,
    0,
    0,
    2.2349801063537598,
    0.0022581219673156738,
    0,
    0,
    0,
    -0.9999997615814209,
    -0.00099999981466680765,
    0,
    0,
    -1,
    0
  ],
  "time" : 23766.188814833338,
  "averageVelocity" : 0.18593332171440125,
  "frame_index" : 133,
  "cameraPoseARFrame" : [
    0.76000183820724487,
    -0.034760028123855591,
    0.64899086952209473,
    -0.10229218751192093,
    0.0050774510018527508,
    0.9988558292388916,
    0.047552872449159622,
    0.4086473286151886,
    -0.64990133047103882,
    -0.032845046371221542,
    0.7593085765838623,
    0.35287857055664062,
    0,
    0,
    0,
    1.0000001192092896
  ],
  "intrinsics" : [
    1609.1856689453125,
    0,
    950.42193603515625,
    0,
    1609.1856689453125,
    721.1258544921875,
    0,
    0,
    1
  ],
  "exposureDuration" : 0.01666666753590107,
  "motionQuality" : 0.94435352087020874
}