{
  "cameraPoseARFrame" : [
    0.97535061836242676,
    0.1249716728925705,
    -0.18186105787754059,
    0.34340029954910278,
    -0.080912701785564423,
    0.96931004524230957,
    0.2321445643901825,
    0.30064871907234192,
    0.20529107749462128,
    -0.21170748770236969,
    0.95552891492843628,
    0.08187546581029892,
    0,
    0,
    0,
    1
  ],
  "averageVelocity" : 0.071776300668716431,
  "frame_index" : 236,
  "projectionMatrix" : [
    1.67011559009552,
    0,
    0.0098019242286682129,
    0,
    0,
    2.226820707321167,
    0.0023000240325927734,
    0,
    0,
    0,
    -0.9999997615814209,
    -0.00099999981466680765,
    0,
    0,
    -1,
    0
  ],
  "intrinsics" : [
    1603.3109130859375,
    0,
    950.09014892578125,
    0,
    1603.3109130859375,
    721.156005859375,
    0,
    0,
    1
  ],
  "cameraGrain" : 0.10208489745855331,
  "exposureDuration" : 0.01666666753590107,
  "time" : 23775.324605333339,
  "averageAngularVelocity" : 0.26518630981445312,
  "motionQuality" : 0.92423248291015625
}