{
  "motionQuality" : 0.89201456308364868,
  "averageVelocity" : 0.37794896960258484,
  "projectionMatrix" : [
    1.6668204069137573,
    0,
    0.0093079805374145508,
    0,
    0,
    2.2224271297454834,
    0.0024496316909790039,
    0,
    0,
    0,
    -0.9999997615814209,
    -0.00099999981466680765,
    0,
    0,
    -1,
    0
  ],
  "time" : 23785.996965250004,
  "intrinsics" : [
    1600.1475830078125,
    0,
    950.5643310546875,
    0,
    1600.1475830078125,
    721.26373291015625,
    0,
    0,
    1
  ],
  "cameraPoseARFrame" : [
    0.97905462980270386,
    -0.18216367065906525,
    0.090931914746761322,
    -0.055151063948869705,
    0.1316656619310379,
    0.90715426206588745,
    0.3996691107749939,
    0.097945556044578552,
    -0.15529453754425049,
    -0.379325270652771,
    0.91213816404342651,
    0.35962557792663574,
    0,
    0,
    0,
    1.0000001192092896
  ],
  "averageAngularVelocity" : 0.2435661107301712,
  "cameraGrain" : 0.10926131904125214,
  "frame_index" : 359,
  "exposureDuration" : 0.01666666753590107
}