{
  "projectionMatrix" : [
    1.6705862283706665,
    0,
    0.0096005797386169434,
    0,
    0,
    2.2274484634399414,
    0.0023730993270874023,
    0,
    0,
    0,
    -0.9999997615814209,
    -0.00099999981466680765,
    0,
    0,
    -1,
    0
  ],
  "cameraGrain" : 0.04653342068195343,
  "frame_index" : 324,
  "intrinsics" : [
    1603.7628173828125,
    0,
    950.283447265625,
    0,
    1603.7628173828125,
    721.2086181640625,
    0,
    0,
    1
  ],
  "cameraPoseARFrame" : [
    0.99889928102493286,
    0.003355629974976182,
    -0.046790167689323425,
    0.22173133492469788,
    0.013429754413664341,
    0.93523341417312622,
    0.35377690196037292,
    0.20393899083137512,
    0.044946685433387756,
    -0.35401585698127747,
    0.9341588020324707,
    0.22760458290576935,
    0,
    0,
    0,
    1.0000002384185791
  ],
  "averageVelocity" : 0.33562347292900085,
  "motionQuality" : 0.90410757064819336,
  "time" : 23782.895182500004,
  "averageAngularVelocity" : 0.26999139785766602,
  "exposureDuration" : 0.01666666753590107
}