{
  "frame_index" : 127,
  "cameraPoseARFrame" : [
    0.772666335105896,
    -0.096139520406723022,
    0.62749028205871582,
    -0.12892924249172211,
    0.0066516296938061714,
    0.98963743448257446,
    0.1434345543384552,
    0.32906031608581543,
    -0.6347777247428894,
    -0.10665319859981537,
    0.76529896259307861,
    0.30177932977676392,
    0,
    0,
    0,
    1.0000001192092896
  ],
  "cameraGrain" : 0.330587238073349,
  "intrinsics" : [
    1608.2818603515625,
    0,
    950.3741455078125,
    0,
    1608.2818603515625,
    721.13848876953125,
    0,
    0,
    1
  ],
  "projectionMatrix" : [
    1.6752935647964478,
    0,
    0.0095061063766479492,
    0,
    0,
    2.23372483253479,
    0.0022757053375244141,
    0,
    0,
    0,
    -0.9999997615814209,
    -0.00099999981466680765,
    0,
    0,
    -1,
    0
  ],
  "motionQuality" : 0.95828300714492798,
  "averageAngularVelocity" : 0.14600946009159088,
  "exposureDuration" : 0.01666666753590107,
  "time" : 23765.688660750006,
  "averageVelocity" : 0.12181108444929123
}