{
  "cameraGrain" : 0,
  "averageAngularVelocity" : 0.14742553234100342,
  "averageVelocity" : 0.12471497803926468,
  "cameraPoseARFrame" : [
    0.99604660272598267,
    0.024250935763120651,
    -0.085459426045417786,
    0.23310235142707825,
    -0.0051478948444128036,
    0.97615677118301392,
    0.21700550615787506,
    0.29608345031738281,
    0.088684223592281342,
    -0.21570765972137451,
    0.97242248058319092,
    0.12796410918235779,
    0,
    0,
    0,
    1.0000001192092896
  ],
  "motionQuality" : 0.95787841081619263,
  "exposureDuration" : 0.01666666753590107,
  "frame_index" : 76,
  "intrinsics" : [
    1607.3780517578125,
    0,
    950.28662109375,
    0,
    1607.3780517578125,
    721.15521240234375,
    0,
    0,
    1
  ],
  "projectionMatrix" : [
    1.6743521690368652,
    0,
    0.0095972418785095215,
    0,
    0,
    2.2324695587158203,
    0.002298891544342041,
    0,
    0,
    0,
    -0.9999997615814209,
    -0.00099999981466680765,
    0,
    0,
    -1,
    0
  ],
  "time" : 23761.322403833339
}