{
  "cameraGrain" : 0,
  "averageAngularVelocity" : 0.23256099224090576,
  "averageVelocity" : 0.15961547195911407,
  "cameraPoseARFrame" : [
    0.99532359838485718,
    -0.028639798983931541,
    0.092255540192127228,
    0.12192630767822266,
    0.013624680228531361,
    0.98711276054382324,
    0.15944573283195496,
    0.33269676566123962,
    -0.095633216202259064,
    -0.15744313597679138,
    0.98288673162460327,
    0.12991063296794891,
    0,
    0,
    0,
    1.0000002384185791
  ],
  "motionQuality" : 0.93355399370193481,
  "exposureDuration" : 0.01666666753590107,
  "frame_index" : 87,
  "intrinsics" : [
    1605.1185302734375,
    0,
    950.3685302734375,
    0,
    1605.1185302734375,
    721.14227294921875,
    0,
    0,
    1
  ],
  "projectionMatrix" : [
    1.6719985008239746,
    0,
    0.0095119476318359375,
    0,
    0,
    2.2293312549591064,
    0.0022809505462646484,
    0,
    0,
    0,
    -0.9999997615814209,
    -0.00099999981466680765,
    0,
    0,
    -1,
    0
  ],
  "time" : 23762.218987083339
}