{
  "averageVelocity" : 0.022302379831671715,
  "projectionMatrix" : [
    1.6734106540679932,
    0,
    0.0096632838249206543,
    0,
    0,
    2.2312142848968506,
    0.0023901462554931641,
    0,
    0,
    0,
    -0.9999997615814209,
    -0.00099999981466680765,
    0,
    0,
    -1,
    0
  ],
  "frame_index" : 17,
  "averageAngularVelocity" : 0.035702668130397797,
  "time" : 23756.351168208337,
  "motionQuality" : 0.98979926109313965,
  "cameraGrain" : 0.13831210136413574,
  "cameraPoseARFrame" : [
    0.87199342250823975,
    -0.16574983298778534,
    0.46060258150100708,
    0.026347987353801727,
    -0.011506889946758747,
    0.93373066186904907,
    0.35779136419296265,
    0.15400582551956177,
    -0.48938268423080444,
    -0.31729176640510559,
    0.81229960918426514,
    0.39335733652114868,
    0,
    0,
    0,
    1
  ],
  "exposureDuration" : 0.01666666753590107,
  "intrinsics" : [
    1606.4742431640625,
    0,
    950.2232666015625,
    0,
    1606.4742431640625,
    721.22088623046875,
    0,
    0,
    1
  ]
}