{
  "projectionMatrix" : [
    1.6734106540679932,
    0,
    0.0097245573997497559,
    0,
    0,
    2.2312142848968506,
    0.0023908019065856934,
    0,
    0,
    0,
    -0.9999997615814209,
    -0.00099999981466680765,
    0,
    0,
    -1,
    0
  ],
  "frame_index" : 2,
  "averageVelocity" : 0.04732387512922287,
  "averageAngularVelocity" : 0,
  "cameraPoseARFrame" : [
    0.85263371467590332,
    -0.15870726108551025,
    0.4978230893611908,
    0.032010015100240707,
    -0.030471965670585632,
    0.93602991104125977,
    0.35059872269630432,
    0.15241310000419617,
    -0.52161991596221924,
    -0.31410196423530579,
    0.79325449466705322,
    0.37213248014450073,
    0,
    0,
    0,
    1.0000001192092896
  ],
  "time" : 23755.05077720834,
  "intrinsics" : [
    1606.4742431640625,
    0,
    950.1644287109375,
    0,
    1606.4742431640625,
    721.22137451171875,
    0,
    0,
    1
  ],
  "motionQuality" : 0.9717559814453125,
  "cameraGrain" : 0.14366564154624939,
  "exposureDuration" : 0.01666666753590107
}