{
  "frame_index" : 109,
  "intrinsics" : [
    1599.2437744140625,
    0,
    950.515625,
    0,
    1599.2437744140625,
    721.15802001953125,
    0,
    0,
    1
  ],
  "time" : 23764.021689333338,
  "motionQuality" : 0.97773641347885132,
  "averageVelocity" : 0.077922575175762177,
  "averageAngularVelocity" : 0,
  "cameraGrain" : 0.080066628754138947,
  "exposureDuration" : 0.01666666753590107,
  "projectionMatrix" : [
    1.6658788919448853,
    0,
    0.0093587040901184082,
    0,
    0,
    2.2211718559265137,
    0.0023028254508972168,
    0,
    0,
    0,
    -0.9999997615814209,
    -0.00099999981466680765,
    0,
    0,
    -1,
    0
  ],
  "cameraPoseARFrame" : [
    0.95331841707229614,
    -0.12066911906003952,
    0.2768089771270752,
    -0.046957232058048248,
    0.071582935750484467,
    0.98086374998092651,
    0.18105852603912354,
    0.32364356517791748,
    -0.29336017370223999,
    -0.15279161930084229,
    0.94371324777603149,
    0.18130159378051758,
    0,
    0,
    0,
    1.0000001192092896
  ]
}