{
  "cameraGrain" : 0.13038118183612823,
  "averageAngularVelocity" : 0.050354883074760437,
  "averageVelocity" : 0,
  "cameraPoseARFrame" : [
    0.8787999153137207,
    -0.16742613911628723,
    0.44685512781143188,
    0.027368927374482155,
    -0.0079899504780769348,
    0.93113481998443604,
    0.36458766460418701,
    0.1526862233877182,
    -0.47712394595146179,
    -0.32396990060806274,
    0.81694328784942627,
    0.3862118124961853,
    0,
    0,
    0,
    1.0000001192092896
  ],
  "motionQuality" : 0.98561286926269531,
  "exposureDuration" : 0.01666666753590107,
  "frame_index" : 26,
  "intrinsics" : [
    1606.4742431640625,
    0,
    950.23175048828125,
    0,
    1606.4742431640625,
    721.22308349609375,
    0,
    0,
    1
  ],
  "projectionMatrix" : [
    1.6734106540679932,
    0,
    0.0096544027328491211,
    0,
    0,
    2.2312142848968506,
    0.002393186092376709,
    0,
    0,
    0,
    -0.9999997615814209,
    -0.00099999981466680765,
    0,
    0,
    -1,
    0
  ],
  "time" : 23757.185127000004
}