{
  "averageVelocity" : 0.2427329421043396,
  "time" : 23777.228701416672,
  "motionQuality" : 0.93064773082733154,
  "projectionMatrix" : [
    1.67011559009552,
    0,
    0.0096647143363952637,
    0,
    0,
    2.226820707321167,
    0.0023028254508972168,
    0,
    0,
    0,
    -0.9999997615814209,
    -0.00099999981466680765,
    0,
    0,
    -1,
    0
  ],
  "frame_index" : 258,
  "intrinsics" : [
    1603.3109130859375,
    0,
    950.22186279296875,
    0,
    1603.3109130859375,
    721.15802001953125,
    0,
    0,
    1
  ],
  "cameraPoseARFrame" : [
    0.99947959184646606,
    0.032223034650087357,
    0.0015441272407770157,
    0.23809154331684113,
    -0.031651139259338379,
    0.97023618221282959,
    0.2400830090045929,
    0.20212237536907196,
    0.006237939465790987,
    -0.2400069534778595,
    0.97075116634368896,
    0.18281444907188416,
    0,
    0,
    0,
    1.0000001192092896
  ],
  "cameraGrain" : 0.018852069973945618,
  "exposureDuration" : 0.01666666753590107,
  "averageAngularVelocity" : 0.23474772274494171
}