{
  "averageVelocity" : 0.019800405949354172,
  "cameraGrain" : 0.0616651251912117,
  "exposureDuration" : 0.01666666753590107,
  "cameraPoseARFrame" : [
    0.97537606954574585,
    -0.067669376730918884,
    0.20991088449954987,
    0.11331700533628464,
    -0.007943425327539444,
    0.94037055969238281,
    0.3400590717792511,
    0.158033087849617,
    -0.2204056978225708,
    -0.33335289359092712,
    0.91667729616165161,
    0.44583547115325928,
    0,
    0,
    0,
    1.0000001192092896
  ],
  "averageAngularVelocity" : 0.053892228752374649,
  "frame_index" : 344,
  "intrinsics" : [
    1600.5994873046875,
    0,
    950.24114990234375,
    0,
    1600.5994873046875,
    721.20196533203125,
    0,
    0,
    1
  ],
  "time" : 23784.729886708337,
  "motionQuality" : 0.98460221290588379,
  "projectionMatrix" : [
    1.6672911643981934,
    0,
    0.009644627571105957,
    0,
    0,
    2.2230548858642578,
    0.0023638606071472168,
    0,
    0,
    0,
    -0.9999997615814209,
    -0.00099999981466680765,
    0,
    0,
    -1,
    0
  ]
}