{
  "cameraGrain" : 0.027016067877411842,
  "averageAngularVelocity" : 0.26091179251670837,
  "averageVelocity" : 0.12140125781297684,
  "cameraPoseARFrame" : [
    0.98500913381576538,
    -0.052556097507476807,
    0.16430160403251648,
    0.13179810345172882,
    -0.010025818832218647,
    0.93340671062469482,
    0.35868015885353088,
    0.15418072044849396,
    -0.1722111701965332,
    -0.35495051741600037,
    0.91888707876205444,
    0.30314570665359497,
    0,
    0,
    0,
    1.0000001192092896
  ],
  "motionQuality" : 0.925453782081604,
  "exposureDuration" : 0.01666666753590107,
  "frame_index" : 38,
  "intrinsics" : [
    1590.2056884765625,
    0,
    950.22906494140625,
    0,
    1590.2056884765625,
    721.21600341796875,
    0,
    0,
    1
  ],
  "projectionMatrix" : [
    1.6564642190933228,
    0,
    0.0096572041511535645,
    0,
    0,
    2.2086191177368164,
    0.0023833513259887695,
    0,
    0,
    0,
    -0.9999997615814209,
    -0.00099999981466680765,
    0,
    0,
    -1,
    0
  ],
  "time" : 23758.185506208338
}