{
  "motionQuality" : 0.8978232741355896,
  "frame_index" : 114,
  "exposureDuration" : 0.01666666753590107,
  "projectionMatrix" : [
    1.6654082536697388,
    0,
    0.009450376033782959,
    0,
    0,
    2.2205443382263184,
    0.0023233294486999512,
    0,
    0,
    0,
    -0.9999997615814209,
    -0.00099999981466680765,
    0,
    0,
    -1,
    0
  ],
  "time" : 23764.522543958337,
  "averageVelocity" : 0.14542396366596222,
  "cameraPoseARFrame" : [
    0.91132867336273193,
    -0.14472445845603943,
    0.3854023814201355,
    -0.095031373202800751,
    0.049038548022508621,
    0.9676673412322998,
    0.24741646647453308,
    0.27508217096328735,
    -0.40874865651130676,
    -0.20657813549041748,
    0.88896006345748901,
    0.19334331154823303,
    0,
    0,
    0,
    1.0000001192092896
  ],
  "intrinsics" : [
    1598.7918701171875,
    0,
    950.4276123046875,
    0,
    1598.7918701171875,
    721.17279052734375,
    0,
    0,
    1
  ],
  "averageAngularVelocity" : 0.35761848092079163,
  "cameraGrain" : 0.15198931097984314
}