{
  "averageVelocity" : 0.13655389845371246,
  "time" : 23765.120644541672,
  "intrinsics" : [
    1609.1856689453125,
    0,
    950.33392333984375,
    0,
    1609.1856689453125,
    721.146484375,
    0,
    0,
    1
  ],
  "projectionMatrix" : [
    1.6762350797653198,
    0,
    0.0095480084419250488,
    0,
    0,
    2.2349801063537598,
    0.0022867918014526367,
    0,
    0,
    0,
    -0.9999997615814209,
    -0.00099999981466680765,
    0,
    0,
    -1,
    0
  ],
  "exposureDuration" : 0.01666666753590107,
  "cameraPoseARFrame" : [
    0.81680399179458618,
    -0.10577241331338882,
    0.56713622808456421,
    -0.12651410698890686,
    -7.1314236265607178e-05,
    0.98303067684173584,
    0.18344052135944366,
    0.29591003060340881,
    -0.576915442943573,
    -0.14987538754940033,
    0.80293577909469604,
    0.26061689853668213,
    0,
    0,
    0,
    1.0000001192092896
  ],
  "averageAngularVelocity" : 0.28999674320220947,
  "motionQuality" : 0.91714376211166382,
  "cameraGrain" : 0.32520085573196411,
  "frame_index" : 121
}