{
  "frame_index" : 376,
  "averageAngularVelocity" : 0.72279822826385498,
  "exposureDuration" : 0.01666666753590107,
  "time" : 23787.36402291667,
  "motionQuality" : 0.79348623752593994,
  "projectionMatrix" : [
    1.6668204069137573,
    0,
    0.0097436904907226562,
    0,
    0,
    2.2224271297454834,
    0.0024963617324829102,
    0,
    0,
    0,
    -0.9999997615814209,
    -0.00099999981466680765,
    0,
    0,
    -1,
    0
  ],
  "intrinsics" : [
    1600.1475830078125,
    0,
    950.14605712890625,
    0,
    1600.1475830078125,
    721.29736328125,
    0,
    0,
    1
  ],
  "averageVelocity" : 0.31441843509674072,
  "cameraPoseARFrame" : [
    0.93690568208694458,
    -0.16233387589454651,
    0.30960565805435181,
    0.012409417890012264,
    -0.012741381302475929,
    0.86919844150543213,
    0.49429917335510254,
    0.10308821499347687,
    -0.34935030341148376,
    -0.46705654263496399,
    0.81228858232498169,
    0.29649895429611206,
    0,
    0,
    0,
    1.0000001192092896
  ],
  "cameraGrain" : 0.1168845072388649
}