{
  "motionQuality" : 0.91411298513412476,
  "frame_index" : 246,
  "projectionMatrix" : [
    1.67011559009552,
    0,
    0.0098147988319396973,
    0,
    0,
    2.226820707321167,
    0.0023083090782165527,
    0,
    0,
    0,
    -0.9999997615814209,
    -0.00099999981466680765,
    0,
    0,
    -1,
    0
  ],
  "cameraPoseARFrame" : [
    0.99326205253601074,
    0.10145826637744904,
    -0.056008543819189072,
    0.28563734889030457,
    -0.083736248314380646,
    0.96240514516830444,
    0.25838825106620789,
    0.21730637550354004,
    0.080118417739868164,
    -0.25195729732513428,
    0.96441620588302612,
    0.12886589765548706,
    0,
    0,
    0,
    1
  ],
  "intrinsics" : [
    1603.3109130859375,
    0,
    950.07781982421875,
    0,
    1603.3109130859375,
    721.1619873046875,
    0,
    0,
    1
  ],
  "exposureDuration" : 0.01666666753590107,
  "cameraGrain" : 0.04049639031291008,
  "averageVelocity" : 0.2327355295419693,
  "time" : 23776.128640666673,
  "averageAngularVelocity" : 0.30060452222824097
}