{
  "motionQuality" : 0.96644580364227295,
  "cameraPoseARFrame" : [
    0.96558082103729248,
    -0.068392388522624969,
    0.25095093250274658,
    0.0086515331640839577,
    0.029627958312630653,
    0.98745214939117432,
    0.15511408448219299,
    0.33286863565444946,
    -0.25841078162193298,
    -0.14234000444412231,
    0.95549112558364868,
    0.17042750120162964,
    0,
    0,
    0,
    1.0000001192092896
  ],
  "time" : 23763.221464791673,
  "exposureDuration" : 0.01666666753590107,
  "averageVelocity" : 0.082140810787677765,
  "cameraGrain" : 0,
  "frame_index" : 98,
  "averageAngularVelocity" : 0.11743979156017303,
  "projectionMatrix" : [
    1.6719985008239746,
    0,
    0.0094581842422485352,
    0,
    0,
    2.2293312549591064,
    0.0022834539413452148,
    0,
    0,
    0,
    -0.9999997615814209,
    -0.00099999981466680765,
    0,
    0,
    -1,
    0
  ],
  "intrinsics" : [
    1605.1185302734375,
    0,
    950.420166015625,
    0,
    1605.1185302734375,
    721.14410400390625,
    0,
    0,
    1
  ]
}