{
  "intrinsics" : [
    1603.7628173828125,
    0,
    950.38623046875,
    0,
    1603.7628173828125,
    721.16925048828125,
    0,
    0,
    1
  ],
  "projectionMatrix" : [
    1.6705862283706665,
    0,
    0.0094935297966003418,
    0,
    0,
    2.2274484634399414,
    0.0023183822631835938,
    0,
    0,
    0,
    -0.9999997615814209,
    -0.00099999981466680765,
    0,
    0,
    -1,
    0
  ],
  "cameraPoseARFrame" : [
    0.9272952675819397,
    -0.11614746600389481,
    0.35585597157478333,
    -0.026817617937922478,
    0.026911318302154541,
    0.96887010335922241,
    0.24610254168510437,
    0.21433174610137939,
    -0.37336251139640808,
    -0.21863314509391785,
    0.90155428647994995,
    0.17175255715847015,
    0,
    0,
    0,
    1.0000002384185791
  ],
  "frame_index" : 295,
  "exposureDuration" : 0.01666666753590107,
  "motionQuality" : 0.88753807544708252,
  "time" : 23780.328473666672,
  "cameraGrain" : 0,
  "averageAngularVelocity" : 0.39361667633056641,
  "averageVelocity" : 0.2203570157289505
}