{
  "projectionMatrix" : [
    1.6607009172439575,
    0,
    0.0096391439437866211,
    0,
    0,
    2.2142677307128906,
    0.0023648738861083984,
    0,
    0,
    0,
    -0.9999997615814209,
    -0.00099999981466680765,
    0,
    0,
    -1,
    0
  ],
  "frame_index" : 339,
  "motionQuality" : 0.98994278907775879,
  "averageVelocity" : 0.016174905002117157,
  "cameraGrain" : 0.0616651251912117,
  "time" : 23784.260880250004,
  "exposureDuration" : 0.01666666753590107,
  "cameraPoseARFrame" : [
    0.9733426570892334,
    -0.073236159980297089,
    0.21734941005706787,
    0.10823094099760056,
    -0.0054053375497460365,
    0.94006174802780151,
    0.34096142649650574,
    0.1573563814163208,
    -0.22929273545742035,
    -0.33304712176322937,
    0.91460615396499634,
    0.44656682014465332,
    0,
    0,
    0,
    1
  ],
  "intrinsics" : [
    1594.2728271484375,
    0,
    950.24639892578125,
    0,
    1594.2728271484375,
    721.20269775390625,
    0,
    0,
    1
  ],
  "averageAngularVelocity" : 0.03520018607378006
}