{
  "cameraPoseARFrame" : [
    0.95168191194534302,
    0.21025361120700836,
    -0.22381964325904846,
    0.41510164737701416,
    -0.09019092470407486,
    0.88807809352874756,
    0.45075827836990356,
    0.077507123351097107,
    0.29354265332221985,
    -0.40879204869270325,
    0.86413073539733887,
    0.28755372762680054,
    0,
    0,
    0,
    1.0000001192092896
  ],
  "intrinsics" : [
    1594.7247314453125,
    0,
    949.96502685546875,
    0,
    1594.7247314453125,
    721.261962890625,
    0,
    0,
    1
  ],
  "averageVelocity" : 0.14571739733219147,
  "averageAngularVelocity" : 0.52766609191894531,
  "cameraGrain" : 0.24694982171058655,
  "frame_index" : 205,
  "time" : 23772.525347083338,
  "projectionMatrix" : [
    1.661171555519104,
    0,
    0.0099322795867919922,
    0,
    0,
    2.214895486831665,
    0.0024471879005432129,
    0,
    0,
    0,
    -0.9999997615814209,
    -0.00099999981466680765,
    0,
    0,
    -1,
    0
  ],
  "motionQuality" : 0.84923827648162842,
  "exposureDuration" : 0.01666666753590107
}