{
  "projectionMatrix" : [
    1.6710569858551025,
    0,
    0.0094928741455078125,
    0,
    0,
    2.2280759811401367,
    0.0022628903388977051,
    0,
    0,
    0,
    -0.9999997615814209,
    -0.00099999981466680765,
    0,
    0,
    -1,
    0
  ],
  "averageVelocity" : 0.10446317493915558,
  "cameraPoseARFrame" : [
    0.99984651803970337,
    -0.00017408028361387551,
    -0.017525443807244301,
    0.20234139263629913,
    0.00186561094596982,
    0.99532657861709595,
    0.096548415720462799,
    0.35408115386962891,
    0.017426654696464539,
    -0.096566289663314819,
    0.99517399072647095,
    0.073077850043773651,
    0,
    0,
    0,
    1
  ],
  "cameraGrain" : 0.012025833129882812,
  "motionQuality" : 0.95136916637420654,
  "time" : 23778.591989833338,
  "exposureDuration" : 0.01666666753590107,
  "averageAngularVelocity" : 0.17020787298679352,
  "intrinsics" : [
    1604.2147216796875,
    0,
    950.3868408203125,
    0,
    1604.2147216796875,
    721.1292724609375,
    0,
    0,
    1
  ],
  "frame_index" : 274
}