{
  "averageVelocity" : 0,
  "projectionMatrix" : [
    1.6677619218826294,
    0,
    0.0096521377563476562,
    0,
    0,
    2.2236824035644531,
    0.0023648738861083984,
    0,
    0,
    0,
    -0.9999997615814209,
    -0.00099999981466680765,
    0,
    0,
    -1,
    0
  ],
  "frame_index" : 342,
  "intrinsics" : [
    1601.0513916015625,
    0,
    950.23394775390625,
    0,
    1601.0513916015625,
    721.20269775390625,
    0,
    0,
    1
  ],
  "averageAngularVelocity" : 0,
  "motionQuality" : 0.99523741006851196,
  "exposureDuration" : 0.01666666753590107,
  "cameraGrain" : 0,
  "cameraPoseARFrame" : [
    0.97270536422729492,
    -0.070250116288661957,
    0.22115473449230194,
    0.10940898209810257,
    -0.0099039291962981224,
    0.93963444232940674,
    0.34203663468360901,
    0.15756979584693909,
    -0.2318328320980072,
    -0.33489114046096802,
    0.91329151391983032,
    0.447498619556427,
    0,
    0,
    0,
    1.0000001192092896
  ],
  "time" : 23784.529802208337
}