{
  "frame_index" : 305,
  "averageVelocity" : 0.15138590335845947,
  "time" : 23781.228787500004,
  "intrinsics" : [
    1604.6666259765625,
    0,
    950.43096923828125,
    0,
    1604.6666259765625,
    721.12481689453125,
    0,
    0,
    1
  ],
  "cameraGrain" : 0.064832091331481934,
  "motionQuality" : 0.9470829963684082,
  "averageAngularVelocity" : 0.18520952761173248,
  "projectionMatrix" : [
    1.6715277433395386,
    0,
    0.0094469189643859863,
    0,
    0,
    2.2287037372589111,
    0.0022566914558410645,
    0,
    0,
    0,
    -0.9999997615814209,
    -0.00099999981466680765,
    0,
    0,
    -1,
    0
  ],
  "cameraPoseARFrame" : [
    0.99984413385391235,
    -0.0044005606323480606,
    -0.017101790755987167,
    0.23702347278594971,
    0.0050233583897352219,
    0.99931937456130981,
    0.036546528339385986,
    0.38890817761421204,
    0.016929192468523979,
    -0.03662673756480217,
    0.99918568134307861,
    0.063386209309101105,
    0,
    0,
    0,
    1.0000001192092896
  ],
  "exposureDuration" : 0.01666666753590107
}