{
  "averageAngularVelocity" : 0.44855159521102905,
  "averageVelocity" : 0.29803454875946045,
  "time" : 23773.525740500005,
  "cameraPoseARFrame" : [
    0.91620850563049316,
    0.37434706091880798,
    -0.14292143285274506,
    0.43158009648323059,
    -0.23423764109611511,
    0.78974765539169312,
    0.56694924831390381,
    0.19572544097900391,
    0.32510757446289062,
    -0.48596611618995667,
    0.81125956773757935,
    0.15261650085449219,
    0,
    0,
    0,
    1
  ],
  "frame_index" : 217,
  "cameraGrain" : 0.21503628790378571,
  "exposureDuration" : 0.01666666753590107,
  "projectionMatrix" : [
    1.6734106540679932,
    0,
    0.010393798351287842,
    0,
    0,
    2.2312142848968506,
    0.0026016831398010254,
    0,
    0,
    0,
    -0.9999997615814209,
    -0.00099999981466680765,
    0,
    0,
    -1,
    0
  ],
  "motionQuality" : 0.87184238433837891,
  "intrinsics" : [
    1606.4742431640625,
    0,
    949.52197265625,
    0,
    1606.4742431640625,
    721.37322998046875,
    0,
    0,
    1
  ]
}