{
  "frame_index" : 278,
  "motionQuality" : 0.90585732460021973,
  "averageVelocity" : 0.23928368091583252,
  "projectionMatrix" : [
    1.6715277433395386,
    0,
    0.0094967484474182129,
    0,
    0,
    2.2287037372589111,
    0.0022718906402587891,
    0,
    0,
    0,
    -0.9999997615814209,
    -0.00099999981466680765,
    0,
    0,
    -1,
    0
  ],
  "exposureDuration" : 0.01666666753590107,
  "time" : 23778.929044875003,
  "intrinsics" : [
    1604.6666259765625,
    0,
    950.38311767578125,
    0,
    1604.6666259765625,
    721.1357421875,
    0,
    0,
    1
  ],
  "averageAngularVelocity" : 0.32949930429458618,
  "cameraPoseARFrame" : [
    0.99513643980026245,
    -0.019891483709216118,
    0.096479043364524841,
    0.14584526419639587,
    0.0067848800681531429,
    0.99091500043869019,
    0.13431826233863831,
    0.31193840503692627,
    -0.098274491727352142,
    -0.1330103725194931,
    0.98623049259185791,
    0.093499206006526947,
    0,
    0,
    0,
    1.0000001192092896
  ],
  "cameraGrain" : 0
}