{
  "time" : 23781.828677541671,
  "projectionMatrix" : [
    1.6715277433395386,
    0,
    0.0094881653785705566,
    0,
    0,
    2.2287037372589111,
    0.0022523403167724609,
    0,
    0,
    0,
    -0.9999997615814209,
    -0.00099999981466680765,
    0,
    0,
    -1,
    0
  ],
  "frame_index" : 312,
  "motionQuality" : 0.98297929763793945,
  "exposureDuration" : 0.01666666753590107,
  "intrinsics" : [
    1604.6666259765625,
    0,
    950.391357421875,
    0,
    1604.6666259765625,
    721.1217041015625,
    0,
    0,
    1
  ],
  "averageVelocity" : 0,
  "averageAngularVelocity" : 0,
  "cameraGrain" : 0.096544593572616577,
  "cameraPoseARFrame" : [
    0.99972772598266602,
    0.01397734135389328,
    -0.018686609342694283,
    0.25039312243461609,
    -0.013683196157217026,
    0.99978178739547729,
    0.015777122229337692,
    0.39830121397972107,
    0.01890302449464798,
    -0.015517137013375759,
    0.99970084428787231,
    0.020563699305057526,
    0,
    0,
    0,
    1.0000001192092896
  ]
}