{
  "frame_index" : 277,
  "motionQuality" : 0.8879207968711853,
  "averageVelocity" : 0.23991544544696808,
  "projectionMatrix" : [
    1.6710569858551025,
    0,
    0.0095126628875732422,
    0,
    0,
    2.2280759811401367,
    0.0022681355476379395,
    0,
    0,
    0,
    -0.9999997615814209,
    -0.00099999981466680765,
    0,
    0,
    -1,
    0
  ],
  "exposureDuration" : 0.01666666753590107,
  "time" : 23778.826020250006,
  "intrinsics" : [
    1604.2147216796875,
    0,
    950.36785888671875,
    0,
    1604.2147216796875,
    721.133056640625,
    0,
    0,
    1
  ],
  "averageAngularVelocity" : 0.3922773003578186,
  "cameraPoseARFrame" : [
    0.99786436557769775,
    -0.007323030848056078,
    0.064910687506198883,
    0.16546337306499481,
    -0.00085805117851123214,
    0.99214106798171997,
    0.12512116134166718,
    0.32194679975509644,
    -0.065316945314407349,
    -0.1249096468091011,
    0.99001586437225342,
    0.084327243268489838,
    0,
    0,
    0,
    1
  ],
  "cameraGrain" : 0
}