{
  "averageVelocity" : 0.094787649810314178,
  "intrinsics" : [
    1599.6956787109375,
    0,
    949.37200927734375,
    0,
    1599.6956787109375,
    721.372802734375,
    0,
    0,
    1
  ],
  "exposureDuration" : 0.01666666753590107,
  "projectionMatrix" : [
    1.6663496494293213,
    0,
    0.010549962520599365,
    0,
    0,
    2.2217996120452881,
    0.0026010870933532715,
    0,
    0,
    0,
    -0.9999997615814209,
    -0.00099999981466680765,
    0,
    0,
    -1,
    0
  ],
  "frame_index" : 384,
  "time" : 23788.064320500005,
  "cameraPoseARFrame" : [
    0.78812283277511597,
    -0.11568272113800049,
    0.60454946756362915,
    0.076920688152313232,
    -0.30186587572097778,
    0.78330987691879272,
    0.54341763257980347,
    0.11944830417633057,
    -0.53641366958618164,
    -0.61077266931533813,
    0.5824236273765564,
    0.23280000686645508,
    0,
    0,
    0,
    1.0000001192092896
  ],
  "motionQuality" : 0.96517181396484375,
  "averageAngularVelocity" : 0.12189867347478867,
  "cameraGrain" : 0.14446792006492615
}