{
  "intrinsics" : [
    1603.7628173828125,
    0,
    950.33673095703125,
    0,
    1603.7628173828125,
    721.17950439453125,
    0,
    0,
    1
  ],
  "projectionMatrix" : [
    1.6705862283706665,
    0,
    0.0095450878143310547,
    0,
    0,
    2.2274484634399414,
    0.0023326277732849121,
    0,
    0,
    0,
    -0.9999997615814209,
    -0.00099999981466680765,
    0,
    0,
    -1,
    0
  ],
  "cameraPoseARFrame" : [
    0.92269021272659302,
    -0.12215301394462585,
    0.36567971110343933,
    -0.037107627838850021,
    0.015160176903009415,
    0.95924270153045654,
    0.28217652440071106,
    0.19372852146625519,
    -0.38524442911148071,
    -0.25481772422790527,
    0.88693565130233765,
    0.16998627781867981,
    0,
    0,
    0,
    1.0000001192092896
  ],
  "frame_index" : 294,
  "exposureDuration" : 0.01666666753590107,
  "time" : 23780.229385708339,
  "motionQuality" : 0.97070026397705078,
  "cameraGrain" : 0,
  "averageAngularVelocity" : 0.10254915803670883,
  "averageVelocity" : 0.054081033915281296
}