{
  "frame_index" : 97,
  "projectionMatrix" : [
    1.6719985008239746,
    0,
    0.0094555020332336426,
    0,
    0,
    2.2293312549591064,
    0.0022840499877929688,
    0,
    0,
    0,
    -0.9999997615814209,
    -0.00099999981466680765,
    0,
    0,
    -1,
    0
  ],
  "intrinsics" : [
    1605.1185302734375,
    0,
    950.4227294921875,
    0,
    1605.1185302734375,
    721.14453125,
    0,
    0,
    1
  ],
  "cameraPoseARFrame" : [
    0.96834647655487061,
    -0.068023793399333954,
    0.24016256630420685,
    0.015884051099419594,
    0.03068975917994976,
    0.98729598522186279,
    0.15589974820613861,
    0.33172914385795593,
    -0.2477165162563324,
    -0.14359442889690399,
    0.95813214778900146,
    0.16667774319648743,
    0,
    0,
    0,
    1.0000001192092896
  ],
  "time" : 23763.121544583337,
  "exposureDuration" : 0.01666666753590107,
  "cameraGrain" : 0.01858171820640564,
  "motionQuality" : 0.96410316228866577,
  "averageAngularVelocity" : 0.12563885748386383,
  "averageVelocity" : 0.079998783767223358
}