{
  "frame_index" : 192,
  "projectionMatrix" : [
    1.6748229265213013,
    0,
    0.0096766352653503418,
    0,
    0,
    2.2330970764160156,
    0.0024850368499755859,
    0,
    0,
    0,
    -0.9999997615814209,
    -0.00099999981466680765,
    0,
    0,
    -1,
    0
  ],
  "time" : 23771.39022820834,
  "averageAngularVelocity" : 0.35252448916435242,
  "intrinsics" : [
    1607.8299560546875,
    0,
    950.21044921875,
    0,
    1607.8299560546875,
    721.28924560546875,
    0,
    0,
    1
  ],
  "exposureDuration" : 0.01666666753590107,
  "averageVelocity" : 0.11324559897184372,
  "cameraPoseARFrame" : [
    0.9831470251083374,
    0.075207613408565521,
    -0.1666317880153656,
    0.32434704899787903,
    0.01365860179066658,
    0.8786996603012085,
    0.47717949748039246,
    0.051843088120222092,
    0.18230678141117096,
    -0.47141349315643311,
    0.86286360025405884,
    0.34758087992668152,
    0,
    0,
    0,
    1.0000001192092896
  ],
  "cameraGrain" : 0.27300262451171875,
  "motionQuality" : 0.89927870035171509
}