{
  "time" : 23780.061046750005,
  "frame_index" : 292,
  "motionQuality" : 0.94644689559936523,
  "averageAngularVelocity" : 0.18743593990802765,
  "cameraGrain" : 0,
  "averageVelocity" : 0,
  "cameraPoseARFrame" : [
    0.92984837293624878,
    -0.11388269066810608,
    0.34987565875053406,
    -0.028841309249401093,
    0.012304839678108692,
    0.95998841524124146,
    0.27976924180984497,
    0.19819863140583038,
    -0.3677375316619873,
    -0.25583776831626892,
    0.89404487609863281,
    0.16881239414215088,
    0,
    0,
    0,
    1.0000001192092896
  ],
  "exposureDuration" : 0.01666666753590107,
  "projectionMatrix" : [
    1.6705862283706665,
    0,
    0.0095499753952026367,
    0,
    0,
    2.2274484634399414,
    0.0023297667503356934,
    0,
    0,
    0,
    -0.9999997615814209,
    -0.00099999981466680765,
    0,
    0,
    -1,
    0
  ],
  "intrinsics" : [
    1603.7628173828125,
    0,
    950.33203125,
    0,
    1603.7628173828125,
    721.17742919921875,
    0,
    0,
    1
  ]
}