{
  "exposureDuration" : 0.01666666753590107,
  "time" : 23763.754542000006,
  "frame_index" : 105,
  "cameraPoseARFrame" : [
    0.95843839645385742,
    -0.099191673099994659,
    0.26750144362449646,
    -0.027674674987792969,
    0.053017966449260712,
    0.98320704698562622,
    0.17462149262428284,
    0.32850909233093262,
    -0.28033050894737244,
    -0.1531815379858017,
    0.94760227203369141,
    0.17813950777053833,
    0,
    0,
    0,
    1
  ],
  "averageVelocity" : 0.06819760799407959,
  "projectionMatrix" : [
    1.6574057340621948,
    0,
    0.0094043612480163574,
    0,
    0,
    2.2098743915557861,
    0.0022952556610107422,
    0,
    0,
    0,
    -0.9999997615814209,
    -0.00099999981466680765,
    0,
    0,
    -1,
    0
  ],
  "motionQuality" : 0.98051494359970093,
  "intrinsics" : [
    1591.1094970703125,
    0,
    950.4718017578125,
    0,
    1591.1094970703125,
    721.152587890625,
    0,
    0,
    1
  ],
  "averageAngularVelocity" : 0.036865327507257462,
  "cameraGrain" : 0
}