{
  "exposureDuration" : 0.01666666753590107,
  "intrinsics" : [
    1603.3109130859375,
    0,
    950.20068359375,
    0,
    1603.3109130859375,
    721.21148681640625,
    0,
    0,
    1
  ],
  "time" : 23783.429513208339,
  "motionQuality" : 0.87544000148773193,
  "cameraPoseARFrame" : [
    0.99658942222595215,
    -0.015798602253198624,
    0.080995537340641022,
    0.17362755537033081,
    -0.014660674147307873,
    0.93199336528778076,
    0.36217886209487915,
    0.1559629887342453,
    -0.08120930939912796,
    -0.3621310293674469,
    0.92858296632766724,
    0.39614969491958618,
    0,
    0,
    0,
    1.0000001192092896
  ],
  "projectionMatrix" : [
    1.67011559009552,
    0,
    0.0096867680549621582,
    0,
    0,
    2.226820707321167,
    0.0023770928382873535,
    0,
    0,
    0,
    -0.9999997615814209,
    -0.00099999981466680765,
    0,
    0,
    -1,
    0
  ],
  "cameraGrain" : 0.057916641235351562,
  "frame_index" : 330,
  "averageVelocity" : 0.36920121312141418,
  "averageAngularVelocity" : 0.43596002459526062
}