{
  "projectionMatrix" : [
    1.6691740751266479,
    0,
    0.009987950325012207,
    0,
    0,
    2.2255654335021973,
    0.0025353431701660156,
    0,
    0,
    0,
    -0.9999997615814209,
    -0.00099999981466680765,
    0,
    0,
    -1,
    0
  ],
  "motionQuality" : 0.62301421165466309,
  "exposureDuration" : 0.01666666753590107,
  "frame_index" : 231,
  "cameraGrain" : 0.17940814793109894,
  "cameraPoseARFrame" : [
    0.93811297416687012,
    0.24966707825660706,
    -0.24002203345298767,
    0.38286265730857849,
    -0.09113505482673645,
    0.84657955169677734,
    0.5244019627571106,
    0.269063800573349,
    0.3341236412525177,
    -0.47007390856742859,
    0.81694060564041138,
    0.065578676760196686,
    0,
    0,
    0,
    1
  ],
  "averageVelocity" : 0.25867664813995361,
  "averageAngularVelocity" : 1.3194501399993896,
  "intrinsics" : [
    1602.4071044921875,
    0,
    949.91156005859375,
    0,
    1602.4071044921875,
    721.325439453125,
    0,
    0,
    1
  ],
  "time" : 23774.825596666673
}