{
  "cameraGrain" : 0.19260238111019135,
  "projectionMatrix" : [
    1.6795302629470825,
    0,
    0.0097090601921081543,
    0,
    0,
    2.2393736839294434,
    0.0024759173393249512,
    0,
    0,
    0,
    -0.9999997615814209,
    -0.00099999981466680765,
    0,
    0,
    -1,
    0
  ],
  "intrinsics" : [
    1612.3489990234375,
    0,
    950.1793212890625,
    0,
    1612.3489990234375,
    721.28265380859375,
    0,
    0,
    1
  ],
  "motionQuality" : 0.88830196857452393,
  "averageVelocity" : 0.10033512860536575,
  "cameraPoseARFrame" : [
    0.85476666688919067,
    -0.24283631145954132,
    0.45869898796081543,
    0.09280318021774292,
    -0.0054847192950546741,
    0.87951576709747314,
    0.47583821415901184,
    0.042944245040416718,
    -0.51898390054702759,
    -0.40924641489982605,
    0.75044870376586914,
    0.42972207069396973,
    0,
    0,
    0,
    1
  ],
  "averageAngularVelocity" : 0.39094316959381104,
  "exposureDuration" : 0.01666666753590107,
  "time" : 23769.324100541671,
  "frame_index" : 169
}