{
  "cameraGrain" : 0.084215603768825531,
  "averageAngularVelocity" : 0,
  "averageVelocity" : 0.12587724626064301,
  "cameraPoseARFrame" : [
    0.98831629753112793,
    0.05656786635518074,
    -0.14153185486793518,
    0.29438844323158264,
    -0.01201907079666853,
    0.95461100339889526,
    0.29761266708374023,
    0.22356279194355011,
    0.15194302797317505,
    -0.29243436455726624,
    0.94413751363754272,
    0.20490583777427673,
    0,
    0,
    0,
    1.0000001192092896
  ],
  "motionQuality" : 0.96403509378433228,
  "exposureDuration" : 0.01666666753590107,
  "frame_index" : 63,
  "intrinsics" : [
    1600.1475830078125,
    0,
    950.22833251953125,
    0,
    1600.1475830078125,
    721.18292236328125,
    0,
    0,
    1
  ],
  "projectionMatrix" : [
    1.6668204069137573,
    0,
    0.0096579790115356445,
    0,
    0,
    2.2224271297454834,
    0.0023373961448669434,
    0,
    0,
    0,
    -0.9999997615814209,
    -0.00099999981466680765,
    0,
    0,
    -1,
    0
  ],
  "time" : 23760.285585666672
}