{
  "projectionMatrix" : [
    1.6757643222808838,
    0,
    0.0095407366752624512,
    0,
    0,
    2.2343523502349854,
    0.0022791624069213867,
    0,
    0,
    0,
    -0.9999997615814209,
    -0.00099999981466680765,
    0,
    0,
    -1,
    0
  ],
  "intrinsics" : [
    1608.7337646484375,
    0,
    950.34088134765625,
    0,
    1608.7337646484375,
    721.1409912109375,
    0,
    0,
    1
  ],
  "frame_index" : 141,
  "cameraPoseARFrame" : [
    0.73411977291107178,
    -0.10894767940044403,
    0.67022287845611572,
    -0.093016333878040314,
    -0.0039527346380054951,
    0.98634183406829834,
    0.16466379165649414,
    0.31011509895324707,
    -0.67900866270065308,
    -0.12353213876485825,
    0.72366231679916382,
    0.3719559907913208,
    0,
    0,
    0,
    1
  ],
  "time" : 23766.923224666672,
  "motionQuality" : 0.88439708948135376,
  "averageAngularVelocity" : 0.40461021661758423,
  "cameraGrain" : 0.35947796702384949,
  "exposureDuration" : 0.01666666753590107,
  "averageVelocity" : 0.33991813659667969
}