{
  "intrinsics" : [
    1600.1475830078125,
    0,
    949.77471923828125,
    0,
    1600.1475830078125,
    721.31329345703125,
    0,
    0,
    1
  ],
  "cameraPoseARFrame" : [
    0.82957589626312256,
    -0.17481240630149841,
    0.53032505512237549,
    0.064060330390930176,
    -0.15337039530277252,
    0.84187358617782593,
    0.51742285490036011,
    0.10572834312915802,
    -0.53691864013671875,
    -0.51057767868041992,
    0.67158687114715576,
    0.2636149525642395,
    0,
    0,
    0,
    1.0000001192092896
  ],
  "frame_index" : 379,
  "averageAngularVelocity" : 0.88804531097412109,
  "cameraGrain" : 0.12523362040519714,
  "time" : 23787.629445083337,
  "exposureDuration" : 0.01666666753590107,
  "projectionMatrix" : [
    1.6668204069137573,
    0,
    0.010130524635314941,
    0,
    0,
    2.2224271297454834,
    0.0025184750556945801,
    0,
    0,
    0,
    -0.9999997615814209,
    -0.00099999981466680765,
    0,
    0,
    -1,
    0
  ],
  "averageVelocity" : 0.18909363448619843,
  "motionQuality" : 0.74627280235290527
}