{
  "time" : 23767.923653208338,
  "averageAngularVelocity" : 0.23411838710308075,
  "frame_index" : 152,
  "cameraPoseARFrame" : [
    0.69048178195953369,
    -0.21697345376014709,
    0.69004178047180176,
    -0.028002116829156876,
    -0.0062730195932090282,
    0.95212084054946899,
    0.30565738677978516,
    0.15386596322059631,
    -0.72332280874252319,
    -0.21537944674491882,
    0.65606087446212769,
    0.41103255748748779,
    0,
    0,
    0,
    1.0000001192092896
  ],
  "motionQuality" : 0.93310904502868652,
  "projectionMatrix" : [
    1.6748229265213013,
    0,
    0.0096198320388793945,
    0,
    0,
    2.2330970764160156,
    0.0023429989814758301,
    0,
    0,
    0,
    -0.9999997615814209,
    -0.00099999981466680765,
    0,
    0,
    -1,
    0
  ],
  "exposureDuration" : 0.01666666753590107,
  "intrinsics" : [
    1607.8299560546875,
    0,
    950.26495361328125,
    0,
    1607.8299560546875,
    721.18695068359375,
    0,
    0,
    1
  ],
  "cameraGrain" : 0.30288293957710266,
  "averageVelocity" : 0.22833193838596344
}