{
  "cameraGrain" : 0.13659308850765228,
  "frame_index" : 373,
  "time" : 23787.162800583337,
  "averageVelocity" : 0.26372754573822021,
  "cameraPoseARFrame" : [
    0.96543681621551514,
    -0.16890849173069,
    0.19849945604801178,
    -0.047481484711170197,
    0.052321035414934158,
    0.87168425321578979,
    0.48726698756217957,
    0.089958682656288147,
    -0.25533241033554077,
    -0.46003973484039307,
    0.85039335489273071,
    0.31032669544219971,
    0,
    0,
    0,
    1.0000001192092896
  ],
  "exposureDuration" : 0.01666666753590107,
  "intrinsics" : [
    1600.1475830078125,
    0,
    950.31634521484375,
    0,
    1600.1475830078125,
    721.30218505859375,
    0,
    0,
    1
  ],
  "averageAngularVelocity" : 0.57373315095901489,
  "projectionMatrix" : [
    1.6668204069137573,
    0,
    0.0095663070678710938,
    0,
    0,
    2.2224271297454834,
    0.0025030374526977539,
    0,
    0,
    0,
    -0.9999997615814209,
    -0.00099999981466680765,
    0,
    0,
    -1,
    0
  ],
  "motionQuality" : 0.83607625961303711
}