{
  "cameraGrain" : 0.071603395044803619,
  "averageAngularVelocity" : 0.050485949963331223,
  "averageVelocity" : 0.13165406882762909,
  "cameraPoseARFrame" : [
    0.98929184675216675,
    0.048507172614336014,
    -0.13765536248683929,
    0.28772568702697754,
    -0.0062536494806408882,
    0.95637768507003784,
    0.2920660674571991,
    0.23525242507457733,
    0.14581766724586487,
    -0.288077712059021,
    0.94643992185592651,
    0.19367116689682007,
    0,
    0,
    0,
    1.0000001192092896
  ],
  "motionQuality" : 0.96238458156585693,
  "exposureDuration" : 0.01666666753590107,
  "frame_index" : 65,
  "intrinsics" : [
    1595.6285400390625,
    0,
    950.2452392578125,
    0,
    1595.6285400390625,
    721.1812744140625,
    0,
    0,
    1
  ],
  "projectionMatrix" : [
    1.6621130704879761,
    0,
    0.0096403956413269043,
    0,
    0,
    2.2161507606506348,
    0.0023351311683654785,
    0,
    0,
    0,
    -0.9999997615814209,
    -0.00099999981466680765,
    0,
    0,
    -1,
    0
  ],
  "time" : 23760.421661250006
}