{
  "time" : 23781.927021041673,
  "projectionMatrix" : [
    1.6719985008239746,
    0,
    0.0094983577728271484,
    0,
    0,
    2.2293312549591064,
    0.0022523403167724609,
    0,
    0,
    0,
    -0.9999997615814209,
    -0.00099999981466680765,
    0,
    0,
    -1,
    0
  ],
  "frame_index" : 313,
  "motionQuality" : 0.96203762292861938,
  "exposureDuration" : 0.01666666753590107,
  "intrinsics" : [
    1605.1185302734375,
    0,
    950.381591796875,
    0,
    1605.1185302734375,
    721.1217041015625,
    0,
    0,
    1
  ],
  "averageVelocity" : 0.070880793035030365,
  "averageAngularVelocity" : 0.13286830484867096,
  "cameraGrain" : 0.084274888038635254,
  "cameraPoseARFrame" : [
    0.99984061717987061,
    0.016304746270179749,
    -0.0072952159680426121,
    0.24693574011325836,
    -0.016122674569487572,
    0.99957334995269775,
    0.02435632236301899,
    0.3923584520816803,
    0.0076891486532986164,
    -0.024234820157289505,
    0.99967688322067261,
    0.021190352737903595,
    0,
    0,
    0,
    1.0000002384185791
  ]
}