{
  "exposureDuration" : 0.01666666753590107,
  "cameraGrain" : 0.10070446878671646,
  "time" : 23781.729024666671,
  "intrinsics" : [
    1604.6666259765625,
    0,
    950.4002685546875,
    0,
    1604.6666259765625,
    721.1219482421875,
    0,
    0,
    1
  ],
  "projectionMatrix" : [
    1.6715277433395386,
    0,
    0.0094788670539855957,
    0,
    0,
    2.2287037372589111,
    0.0022526979446411133,
    0,
    0,
    0,
    -0.9999997615814209,
    -0.00099999981466680765,
    0,
    0,
    -1,
    0
  ],
  "frame_index" : 311,
  "cameraPoseARFrame" : [
    0.99967890977859497,
    0.011978212743997574,
    -0.022338153794407845,
    0.25203272700309753,
    -0.011743562296032906,
    0.99987483024597168,
    0.01060616597533226,
    0.40100178122520447,
    0.022462358698248863,
    -0.010340427979826927,
    0.99969422817230225,
    0.023858450353145599,
    0,
    0,
    0,
    1.0000001192092896
  ],
  "averageAngularVelocity" : 0.035787049680948257,
  "motionQuality" : 0.98207962512969971,
  "averageVelocity" : 0.062721341848373413
}