{
  "frame_index" : 171,
  "averageAngularVelocity" : 0.31019666790962219,
  "exposureDuration" : 0.01666666753590107,
  "motionQuality" : 0.91137236356735229,
  "intrinsics" : [
    1607.8299560546875,
    0,
    950.125,
    0,
    1607.8299560546875,
    721.28851318359375,
    0,
    0,
    1
  ],
  "projectionMatrix" : [
    1.6748229265213013,
    0,
    0.009765625,
    0,
    0,
    2.2330970764160156,
    0.0024840235710144043,
    0,
    0,
    0,
    -0.9999997615814209,
    -0.00099999981466680765,
    0,
    0,
    -1,
    0
  ],
  "averageVelocity" : 0.15162390470504761,
  "time" : 23769.522252875006,
  "cameraGrain" : 0.17227113246917725,
  "cameraPoseARFrame" : [
    0.8918272852897644,
    -0.20093660056591034,
    0.4053007960319519,
    0.11979773640632629,
    -0.023715414106845856,
    0.87393856048583984,
    0.48545745015144348,
    0.050297480076551437,
    -0.45175421237945557,
    -0.44255605340003967,
    0.77463692426681519,
    0.42056012153625488,
    0,
    0,
    0,
    1.0000001192092896
  ]
}