{
  "cameraGrain" : 0,
  "time" : 23778.994066250005,
  "exposureDuration" : 0.01666666753590107,
  "averageVelocity" : 0.23513118922710419,
  "cameraPoseARFrame" : [
    0.99308443069458008,
    -0.029486939311027527,
    0.11364014446735382,
    0.13326942920684814,
    0.014221488498151302,
    0.9910314679145813,
    0.13286980986595154,
    0.30693286657333374,
    -0.11653902381658554,
    -0.13033479452133179,
    0.98459720611572266,
    0.10119426995515823,
    0,
    0,
    0,
    1.0000001192092896
  ],
  "projectionMatrix" : [
    1.6715277433395386,
    0,
    0.0094766616821289062,
    0,
    0,
    2.2287037372589111,
    0.0022730231285095215,
    0,
    0,
    0,
    -0.9999997615814209,
    -0.00099999981466680765,
    0,
    0,
    -1,
    0
  ],
  "frame_index" : 279,
  "intrinsics" : [
    1604.6666259765625,
    0,
    950.40240478515625,
    0,
    1604.6666259765625,
    721.1365966796875,
    0,
    0,
    1
  ],
  "motionQuality" : 0.92210197448730469,
  "averageAngularVelocity" : 0.27264302968978882
}