{
  "averageAngularVelocity" : 0.40507093071937561,
  "averageVelocity" : 0.23300744593143463,
  "time" : 23773.258346083338,
  "cameraPoseARFrame" : [
    0.95084744691848755,
    0.30472713708877563,
    -0.055052701383829117,
    0.43243676424026489,
    -0.23361317813396454,
    0.82260537147521973,
    0.51840651035308838,
    0.13226127624511719,
    0.20325903594493866,
    -0.48006442189216614,
    0.85336041450500488,
    0.20198580622673035,
    0,
    0,
    0,
    1.0000001192092896
  ],
  "frame_index" : 214,
  "cameraGrain" : 0.2486414760351181,
  "exposureDuration" : 0.01666666753590107,
  "motionQuality" : 0.88426542282104492,
  "projectionMatrix" : [
    1.6710569858551025,
    0,
    0.010360836982727051,
    0,
    0,
    2.2280759811401367,
    0.0025411248207092285,
    0,
    0,
    0,
    -0.9999997615814209,
    -0.00099999981466680765,
    0,
    0,
    -1,
    0
  ],
  "intrinsics" : [
    1604.2147216796875,
    0,
    949.5535888671875,
    0,
    1604.2147216796875,
    721.32958984375,
    0,
    0,
    1
  ]
}