{
  "cameraGrain" : 0.34024035930633545,
  "time" : 23765.888729416671,
  "cameraPoseARFrame" : [
    0.76472014188766479,
    -0.076541006565093994,
    0.6398005485534668,
    -0.12066003680229187,
    0.017260463908314705,
    0.99499690532684326,
    0.098403528332710266,
    0.36015346646308899,
    -0.64413160085678101,
    -0.064207896590232849,
    0.76221513748168945,
    0.3217475414276123,
    0,
    0,
    0,
    1.0000001192092896
  ],
  "motionQuality" : 0.91934800148010254,
  "frame_index" : 129,
  "averageVelocity" : 0.20806708931922913,
  "averageAngularVelocity" : 0.28228196501731873,
  "exposureDuration" : 0.01666666753590107,
  "intrinsics" : [
    1608.7337646484375,
    0,
    950.42669677734375,
    0,
    1608.7337646484375,
    721.1326904296875,
    0,
    0,
    1
  ],
  "projectionMatrix" : [
    1.6757643222808838,
    0,
    0.0094513297080993652,
    0,
    0,
    2.2343523502349854,
    0.0022675991058349609,
    0,
    0,
    0,
    -0.9999997615814209,
    -0.00099999981466680765,
    0,
    0,
    -1,
    0
  ]
}