{
  "cameraPoseARFrame" : [
    0.99995589256286621,
    0.002830098383128643,
    0.0089764585718512535,
    0.17475517094135284,
    -0.0042656981386244297,
    0.98641932010650635,
    0.16419109702110291,
    0.31830504536628723,
    -0.0083900010213255882,
    -0.1642221063375473,
    0.98638784885406494,
    0.09375404566526413,
    0,
    0,
    0,
    1.0000001192092896
  ],
  "motionQuality" : 0.90341734886169434,
  "frame_index" : 268,
  "cameraGrain" : 0,
  "averageAngularVelocity" : 0.33803921937942505,
  "time" : 23778.060281541671,
  "intrinsics" : [
    1604.2147216796875,
    0,
    950.3345947265625,
    0,
    1604.2147216796875,
    721.140869140625,
    0,
    0,
    1
  ],
  "averageVelocity" : 0.24106961488723755,
  "exposureDuration" : 0.01666666753590107,
  "projectionMatrix" : [
    1.6710569858551025,
    0,
    0.0095472931861877441,
    0,
    0,
    2.2280759811401367,
    0.0022789835929870605,
    0,
    0,
    0,
    -0.9999997615814209,
    -0.00099999981466680765,
    0,
    0,
    -1,
    0
  ]
}