{
  "averageAngularVelocity" : 0.44658160209655762,
  "cameraGrain" : 0.02990635484457016,
  "time" : 23782.795076750004,
  "motionQuality" : 0.8724052906036377,
  "intrinsics" : [
    1603.7628173828125,
    0,
    950.2906494140625,
    0,
    1603.7628173828125,
    721.1956787109375,
    0,
    0,
    1
  ],
  "exposureDuration" : 0.01666666753590107,
  "cameraPoseARFrame" : [
    0.99873805046081543,
    0.0054248422384262085,
    -0.0499313585460186,
    0.22528102993965149,
    0.011269154958426952,
    0.94459831714630127,
    0.32803499698638916,
    0.22366748750209808,
    0.048944447189569473,
    -0.32818368077278137,
    0.94334506988525391,
    0.20111894607543945,
    0,
    0,
    0,
    1.0000001192092896
  ],
  "projectionMatrix" : [
    1.6705862283706665,
    0,
    0.0095930695533752441,
    0,
    0,
    2.2274484634399414,
    0.0023550987243652344,
    0,
    0,
    0,
    -0.9999997615814209,
    -0.00099999981466680765,
    0,
    0,
    -1,
    0
  ],
  "averageVelocity" : 0.38737526535987854,
  "frame_index" : 323
}