{
  "projectionMatrix" : [
    1.6734106540679932,
    0,
    0.0096873044967651367,
    0,
    0,
    2.2312142848968506,
    0.0023924112319946289,
    0,
    0,
    0,
    -0.9999997615814209,
    -0.00099999981466680765,
    0,
    0,
    -1,
    0
  ],
  "cameraPoseARFrame" : [
    0.8625938892364502,
    -0.16857938468456268,
    0.47698312997817993,
    0.029410900548100471,
    -0.015305668115615845,
    0.93371814489364624,
    0.35768187046051025,
    0.15308378636837006,
    -0.50566560029983521,
    -0.31583470106124878,
    0.80283927917480469,
    0.40411311388015747,
    0,
    0,
    0,
    1.0000001192092896
  ],
  "cameraGrain" : 0.14759215712547302,
  "intrinsics" : [
    1606.4742431640625,
    0,
    950.2001953125,
    0,
    1606.4742431640625,
    721.2225341796875,
    0,
    0,
    1
  ],
  "motionQuality" : 0.98879849910736084,
  "frame_index" : 8,
  "time" : 23755.618040750007,
  "averageVelocity" : 0.030791936442255974,
  "averageAngularVelocity" : 0.039205264300107956,
  "exposureDuration" : 0.01666666753590107
}