{
  "cameraGrain" : 0,
  "frame_index" : 284,
  "time" : 23779.427972125006,
  "exposureDuration" : 0.01666666753590107,
  "averageAngularVelocity" : 0.34185943007469177,
  "intrinsics" : [
    1604.2147216796875,
    0,
    950.4080810546875,
    0,
    1604.2147216796875,
    721.15765380859375,
    0,
    0,
    1
  ],
  "motionQuality" : 0.90232586860656738,
  "projectionMatrix" : [
    1.6710569858551025,
    0,
    0.0094707608222961426,
    0,
    0,
    2.2280759811401367,
    0.0023022890090942383,
    0,
    0,
    0,
    -0.9999997615814209,
    -0.00099999981466680765,
    0,
    0,
    -1,
    0
  ],
  "averageVelocity" : 0.24937151372432709,
  "cameraPoseARFrame" : [
    0.9751848578453064,
    -0.076211966574192047,
    0.20786158740520477,
    0.058592177927494049,
    0.030822910368442535,
    0.97647494077682495,
    0.21341629326343536,
    0.2453920841217041,
    -0.21923656761646271,
    -0.20171342790126801,
    0.95459264516830444,
    0.14625367522239685,
    0,
    0,
    0,
    1
  ]
}