{
  "cameraGrain" : 0.1182631328701973,
  "averageAngularVelocity" : 0.16375970840454102,
  "averageVelocity" : 0.13962650299072266,
  "cameraPoseARFrame" : [
    0.98438721895217896,
    0.068461552262306213,
    -0.16215749084949493,
    0.29395371675491333,
    -0.014730244874954224,
    0.95006954669952393,
    0.3116905689239502,
    0.18550495803356171,
    0.17539961636066437,
    -0.3044356107711792,
    0.93624472618103027,
    0.25768017768859863,
    0,
    0,
    0,
    1.0000001192092896
  ],
  "motionQuality" : 0.95321148633956909,
  "exposureDuration" : 0.01666666753590107,
  "frame_index" : 56,
  "intrinsics" : [
    1600.1475830078125,
    0,
    950.224609375,
    0,
    1600.1475830078125,
    721.18902587890625,
    0,
    0,
    1
  ],
  "projectionMatrix" : [
    1.6668204069137573,
    0,
    0.0096618533134460449,
    0,
    0,
    2.2224271297454834,
    0.0023458600044250488,
    0,
    0,
    0,
    -0.9999997615814209,
    -0.00099999981466680765,
    0,
    0,
    -1,
    0
  ],
  "time" : 23759.685833041673
}