{
  "cameraGrain" : 0.11808117479085922,
  "averageAngularVelocity" : 0.15859059989452362,
  "averageVelocity" : 0.11778023838996887,
  "cameraPoseARFrame" : [
    0.98678094148635864,
    0.069029629230499268,
    -0.14662392437458038,
    0.26785334944725037,
    -0.015184366144239902,
    0.94014889001846313,
    0.34042534232139587,
    0.1707768589258194,
    0.1613476574420929,
    -0.33369883894920349,
    0.92876917123794556,
    0.2794567346572876,
    0,
    0,
    0,
    1.0000001192092896
  ],
  "motionQuality" : 0.9546884298324585,
  "exposureDuration" : 0.01666666753590107,
  "frame_index" : 53,
  "intrinsics" : [
    1600.1475830078125,
    0,
    950.2109375,
    0,
    1600.1475830078125,
    721.20233154296875,
    0,
    0,
    1
  ],
  "projectionMatrix" : [
    1.6668204069137573,
    0,
    0.0096760988235473633,
    0,
    0,
    2.2224271297454834,
    0.0023643374443054199,
    0,
    0,
    0,
    -0.9999997615814209,
    -0.00099999981466680765,
    0,
    0,
    -1,
    0
  ],
  "time" : 23759.419630000004
}