{
  "motionQuality" : 0.9371522068977356,
  "exposureDuration" : 0.01666666753590107,
  "projectionMatrix" : [
    1.6880034208297729,
    0,
    0.010530054569244385,
    0,
    0,
    2.2506711483001709,
    0.0025739669799804688,
    0,
    0,
    0,
    -0.9999997615814209,
    -0.00099999981466680765,
    0,
    0,
    -1,
    0
  ],
  "cameraPoseARFrame" : [
    0.80279606580734253,
    -0.087326906621456146,
    0.58982431888580322,
    0.085675179958343506,
    -0.29701671004295349,
    0.79917812347412109,
    0.52258545160293579,
    0.12387779355049133,
    -0.51701045036315918,
    -0.59471720457077026,
    0.61563938856124878,
    0.23824673891067505,
    0,
    0,
    0,
    1.0000001192092896
  ],
  "intrinsics" : [
    1620.4832763671875,
    0,
    949.39117431640625,
    0,
    1620.4832763671875,
    721.353271484375,
    0,
    0,
    1
  ],
  "cameraGrain" : 0.13513189554214478,
  "averageAngularVelocity" : 0.21996723115444183,
  "time" : 23788.333491708338,
  "frame_index" : 387,
  "averageVelocity" : 0.04940970242023468
}