{
  "cameraGrain" : 0.32732462882995605,
  "frame_index" : 126,
  "time" : 23765.588752375006,
  "motionQuality" : 0.96501535177230835,
  "cameraPoseARFrame" : [
    0.77463781833648682,
    -0.096465557813644409,
    0.62500464916229248,
    -0.13055288791656494,
    -0.0037525629159063101,
    0.98757916688919067,
    0.15707762539386749,
    0.31915155053138733,
    -0.63239419460296631,
    -0.12402362376451492,
    0.76465404033660889,
    0.29464417695999146,
    0,
    0,
    0,
    1.0000002384185791
  ],
  "averageVelocity" : 0,
  "averageAngularVelocity" : 0.12244635075330734,
  "exposureDuration" : 0.01666666753590107,
  "intrinsics" : [
    1608.7337646484375,
    0,
    950.341796875,
    0,
    1608.7337646484375,
    721.13983154296875,
    0,
    0,
    1
  ],
  "projectionMatrix" : [
    1.6757643222808838,
    0,
    0.0095397830009460449,
    0,
    0,
    2.2343523502349854,
    0.0022775530815124512,
    0,
    0,
    0,
    -0.9999997615814209,
    -0.00099999981466680765,
    0,
    0,
    -1,
    0
  ]
}