{
  "averageAngularVelocity" : 0.35674688220024109,
  "exposureDuration" : 0.01666666753590107,
  "cameraGrain" : 0.04723837599158287,
  "intrinsics" : [
    1603.7628173828125,
    0,
    950.24053955078125,
    0,
    1603.7628173828125,
    721.1900634765625,
    0,
    0,
    1
  ],
  "frame_index" : 326,
  "projectionMatrix" : [
    1.6705862283706665,
    0,
    0.0096452832221984863,
    0,
    0,
    2.2274484634399414,
    0.0023472905158996582,
    0,
    0,
    0,
    -0.9999997615814209,
    -0.00099999981466680765,
    0,
    0,
    -1,
    0
  ],
  "cameraPoseARFrame" : [
    0.9999462366104126,
    0.010319814085960388,
    0.0011068289168179035,
    0.21780568361282349,
    -0.01013580895960331,
    0.94800096750259399,
    0.3181057870388031,
    0.18406757712364197,
    0.0022334095556288958,
    -0.31809994578361511,
    0.94805461168289185,
    0.28807869553565979,
    0,
    0,
    0,
    1.0000002384185791
  ],
  "time" : 23783.093918166673,
  "motionQuality" : 0.89807230234146118,
  "averageVelocity" : 0.32140710949897766
}