{
  "cameraGrain" : 0.33478832244873047,
  "frame_index" : 128,
  "cameraPoseARFrame" : [
    0.77216625213623047,
    -0.091704607009887695,
    0.62876850366592407,
    -0.12617875635623932,
    0.017116602510213852,
    0.99217373132705688,
    0.1236862912774086,
    0.34293246269226074,
    -0.63519018888473511,
    -0.084743984043598175,
    0.7676926851272583,
    0.31094327569007874,
    0,
    0,
    0,
    1.0000002384185791
  ],
  "time" : 23765.786858541673,
  "motionQuality" : 0.94123989343643188,
  "averageVelocity" : 0.16705891489982605,
  "averageAngularVelocity" : 0.20566032826900482,
  "exposureDuration" : 0.01666666753590107,
  "intrinsics" : [
    1608.7337646484375,
    0,
    950.41241455078125,
    0,
    1608.7337646484375,
    721.13653564453125,
    0,
    0,
    1
  ],
  "projectionMatrix" : [
    1.6757643222808838,
    0,
    0.0094662308692932129,
    0,
    0,
    2.2343523502349854,
    0.0022729635238647461,
    0,
    0,
    0,
    -0.9999997615814209,
    -0.00099999981466680765,
    0,
    0,
    -1,
    0
  ]
}