{
  "cameraGrain" : 0,
  "averageAngularVelocity" : 0.21000081300735474,
  "averageVelocity" : 0.14345596730709076,
  "cameraPoseARFrame" : [
    0.98766255378723145,
    -0.03832390159368515,
    0.15183557569980621,
    0.082143068313598633,
    0.014178622514009476,
    0.98749393224716187,
    0.15701811015605927,
    0.33280161023139954,
    -0.15595431625843048,
    -0.15292809903621674,
    0.97585415840148926,
    0.14429304003715515,
    0,
    0,
    0,
    1.0000001192092896
  ],
  "motionQuality" : 0.93999975919723511,
  "exposureDuration" : 0.01666666753590107,
  "frame_index" : 91,
  "intrinsics" : [
    1605.1185302734375,
    0,
    950.37530517578125,
    0,
    1605.1185302734375,
    721.14190673828125,
    0,
    0,
    1
  ],
  "projectionMatrix" : [
    1.6719985008239746,
    0,
    0.0095049142837524414,
    0,
    0,
    2.2293312549591064,
    0.0022804141044616699,
    0,
    0,
    0,
    -0.9999997615814209,
    -0.00099999981466680765,
    0,
    0,
    -1,
    0
  ],
  "time" : 23762.522429833338
}