{
  "exposureDuration" : 0.01666666753590107,
  "time" : 23763.487629750005,
  "frame_index" : 102,
  "cameraPoseARFrame" : [
    0.96037960052490234,
    -0.082240678369998932,
    0.26628518104553223,
    -0.010603237897157669,
    0.039859041571617126,
    0.98617845773696899,
    0.16082073748111725,
    0.33161565661430359,
    -0.27583080530166626,
    -0.14383506774902344,
    0.95038366317749023,
    0.17701661586761475,
    0,
    0,
    0,
    1.0000001192092896
  ],
  "averageVelocity" : 0.074422135949134827,
  "projectionMatrix" : [
    1.669644832611084,
    0,
    0.0094335675239562988,
    0,
    0,
    2.2261929512023926,
    0.002287447452545166,
    0,
    0,
    0,
    -0.9999997615814209,
    -0.00099999981466680765,
    0,
    0,
    -1,
    0
  ],
  "motionQuality" : 0.97670882940292358,
  "intrinsics" : [
    1602.8590087890625,
    0,
    950.44378662109375,
    0,
    1602.8590087890625,
    721.14697265625,
    0,
    0,
    1
  ],
  "averageAngularVelocity" : 0.081519030034542084,
  "cameraGrain" : 0.049450520426034927
}