{
  "cameraGrain" : 0.00070539204170927405,
  "time" : 23778.66006708334,
  "exposureDuration" : 0.01666666753590107,
  "averageVelocity" : 0.15553310513496399,
  "cameraPoseARFrame" : [
    0.99999642372131348,
    -0.00076291535515338182,
    0.0026391262654215097,
    0.19468496739864349,
    0.00048270064871758223,
    0.99451559782028198,
    0.10458714514970779,
    0.34550949931144714,
    -0.0027046788018196821,
    -0.10458549112081528,
    0.99451225996017456,
    0.074381552636623383,
    0,
    0,
    0,
    1.0000001192092896
  ],
  "projectionMatrix" : [
    1.6715277433395386,
    0,
    0.0094997882843017578,
    0,
    0,
    2.2287037372589111,
    0.0022641420364379883,
    0,
    0,
    0,
    -0.9999997615814209,
    -0.00099999981466680765,
    0,
    0,
    -1,
    0
  ],
  "frame_index" : 275,
  "motionQuality" : 0.91572797298431396,
  "intrinsics" : [
    1604.6666259765625,
    0,
    950.38018798828125,
    0,
    1604.6666259765625,
    721.13018798828125,
    0,
    0,
    1
  ],
  "averageAngularVelocity" : 0.29495218396186829
}