{
  "cameraPoseARFrame" : [
    0.98719680309295654,
    -0.054231319576501846,
    0.15000526607036591,
    0.10328767448663712,
    0.033051740378141403,
    0.98956561088562012,
    0.14024083316326141,
    0.28923410177230835,
    -0.15604567527770996,
    -0.13348737359046936,
    0.97868835926055908,
    0.12279806286096573,
    0,
    0,
    0,
    1.0000002384185791
  ],
  "frame_index" : 281,
  "projectionMatrix" : [
    1.6710569858551025,
    0,
    0.0094267129898071289,
    0,
    0,
    2.2280759811401367,
    0.0022793412208557129,
    0,
    0,
    0,
    -0.9999997615814209,
    -0.00099999981466680765,
    0,
    0,
    -1,
    0
  ],
  "exposureDuration" : 0.01666666753590107,
  "intrinsics" : [
    1604.2147216796875,
    0,
    950.45037841796875,
    0,
    1604.2147216796875,
    721.14111328125,
    0,
    0,
    1
  ],
  "time" : 23779.16069579167,
  "averageAngularVelocity" : 0.24985198676586151,
  "cameraGrain" : 0,
  "motionQuality" : 0.92786604166030884,
  "averageVelocity" : 0.25246879458427429
}