{
  "averageVelocity" : 0.14822538197040558,
  "cameraGrain" : 0.25872346758842468,
  "averageAngularVelocity" : 0.33390480279922485,
  "frame_index" : 162,
  "time" : 23768.72182558334,
  "motionQuality" : 0.9045986533164978,
  "projectionMatrix" : [
    1.6649374961853027,
    0,
    0.009708106517791748,
    0,
    0,
    2.2199165821075439,
    0.0024052262306213379,
    0,
    0,
    0,
    -0.9999997615814209,
    -0.00099999981466680765,
    0,
    0,
    -1,
    0
  ],
  "cameraPoseARFrame" : [
    0.69820988178253174,
    -0.27338674664497375,
    0.66163641214370728,
    0.033378176391124725,
    -0.020748129114508629,
    0.91609513759613037,
    0.4004235565662384,
    0.05143042653799057,
    -0.71559256315231323,
    -0.29330736398696899,
    0.63395434617996216,
    0.44321095943450928,
    0,
    0,
    0,
    1
  ],
  "exposureDuration" : 0.01666666753590107,
  "intrinsics" : [
    1598.3399658203125,
    0,
    950.18023681640625,
    0,
    1598.3399658203125,
    721.23175048828125,
    0,
    0,
    1
  ]
}