{
  "motionQuality" : 0.87124484777450562,
  "frame_index" : 269,
  "cameraPoseARFrame" : [
    0.99998557567596436,
    0.0048618069849908352,
    0.002302949782460928,
    0.18081092834472656,
    -0.0051258457824587822,
    0.9910273551940918,
    0.1335601806640625,
    0.33451426029205322,
    -0.0016330111538991332,
    -0.13357007503509521,
    0.99103802442550659,
    0.089637093245983124,
    0,
    0,
    0,
    1
  ],
  "cameraGrain" : 0,
  "averageAngularVelocity" : 0.45064306259155273,
  "time" : 23778.127873416674,
  "intrinsics" : [
    1604.6666259765625,
    0,
    950.3472900390625,
    0,
    1604.6666259765625,
    721.1346435546875,
    0,
    0,
    1
  ],
  "averageVelocity" : 0.26235267519950867,
  "exposureDuration" : 0.01666666753590107,
  "projectionMatrix" : [
    1.6715277433395386,
    0,
    0.0095340609550476074,
    0,
    0,
    2.2287037372589111,
    0.0022703409194946289,
    0,
    0,
    0,
    -0.9999997615814209,
    -0.00099999981466680765,
    0,
    0,
    -1,
    0
  ]
}