{
  "cameraGrain" : 0.1594630628824234,
  "frame_index" : 366,
  "time" : 23786.629974250005,
  "averageVelocity" : 0.018362799659371376,
  "cameraPoseARFrame" : [
    0.982688307762146,
    -0.17152823507785797,
    -0.070015087723731995,
    -0.12070696800947189,
    0.18508054316043854,
    0.89192157983779907,
    0.41257861256599426,
    0.064849361777305603,
    -0.0083209797739982605,
    -0.41839456558227539,
    0.90822732448577881,
    0.31707009673118591,
    0,
    0,
    0,
    1.0000001192092896
  ],
  "exposureDuration" : 0.01666666753590107,
  "intrinsics" : [
    1600.5994873046875,
    0,
    950.69464111328125,
    0,
    1600.5994873046875,
    721.29150390625,
    0,
    0,
    1
  ],
  "averageAngularVelocity" : 0.05298241600394249,
  "motionQuality" : 0.98486214876174927,
  "projectionMatrix" : [
    1.6672911643981934,
    0,
    0.0091722607612609863,
    0,
    0,
    2.2230548858642578,
    0.0024881958961486816,
    0,
    0,
    0,
    -0.9999997615814209,
    -0.00099999981466680765,
    0,
    0,
    -1,
    0
  ]
}