{
  "cameraGrain" : 0.070177026093006134,
  "averageAngularVelocity" : 0.37163674831390381,
  "averageVelocity" : 0.19261546432971954,
  "cameraPoseARFrame" : [
    0.94735985994338989,
    -0.1180703416466713,
    0.29760542511940002,
    0.069637283682823181,
    0.0036853470373898745,
    0.9334794282913208,
    0.35861209034919739,
    0.15149889886379242,
    -0.32015001773834229,
    -0.33863785862922668,
    0.88477593660354614,
    0.33479008078575134,
    0,
    0,
    0,
    1.0000001192092896
  ],
  "motionQuality" : 0.89381808042526245,
  "exposureDuration" : 0.01666666753590107,
  "frame_index" : 32,
  "intrinsics" : [
    1607.3780517578125,
    0,
    950.26580810546875,
    0,
    1607.3780517578125,
    721.21923828125,
    0,
    0,
    1
  ],
  "projectionMatrix" : [
    1.6743521690368652,
    0,
    0.0096189379692077637,
    0,
    0,
    2.2324695587158203,
    0.0023878216743469238,
    0,
    0,
    0,
    -0.9999997615814209,
    -0.00099999981466680765,
    0,
    0,
    -1,
    0
  ],
  "time" : 23757.717143500005
}