{
  "motionQuality" : 0.97178435325622559,
  "exposureDuration" : 0.01666666753590107,
  "cameraPoseARFrame" : [
    0.99653166532516479,
    0.068685062229633331,
    -0.046981435269117355,
    0.28258815407752991,
    -0.052875176072120667,
    0.95858198404312134,
    0.27986553311347961,
    0.16085655987262726,
    0.06425803154706955,
    -0.27641069889068604,
    0.95888900756835938,
    0.18523946404457092,
    0,
    0,
    0,
    1.0000001192092896
  ],
  "frame_index" : 254,
  "time" : 23776.893135083337,
  "averageVelocity" : 0.055541735142469406,
  "averageAngularVelocity" : 0,
  "cameraGrain" : 0.082866944372653961,
  "intrinsics" : [
    1603.3109130859375,
    0,
    950.1451416015625,
    0,
    1603.3109130859375,
    721.1705322265625,
    0,
    0,
    1
  ],
  "projectionMatrix" : [
    1.67011559009552,
    0,
    0.0097446441650390625,
    0,
    0,
    2.226820707321167,
    0.0023201704025268555,
    0,
    0,
    0,
    -0.9999997615814209,
    -0.00099999981466680765,
    0,
    0,
    -1,
    0
  ]
}