{
  "cameraGrain" : 0.11355732381343842,
  "averageAngularVelocity" : 0.25791832804679871,
  "averageVelocity" : 0.0830979123711586,
  "cameraPoseARFrame" : [
    0.89642030000686646,
    -0.15831100940704346,
    0.41396674513816833,
    0.031508591026067734,
    -0.0020747212693095207,
    0.93252032995223999,
    0.3611113429069519,
    0.15197375416755676,
    -0.44320046901702881,
    -0.32456633448600769,
    0.83560162782669067,
    0.37447488307952881,
    0,
    0,
    0,
    1.0000001192092896
  ],
  "motionQuality" : 0.92630904912948608,
  "exposureDuration" : 0.01666666753590107,
  "frame_index" : 28,
  "intrinsics" : [
    1606.4742431640625,
    0,
    950.25030517578125,
    0,
    1606.4742431640625,
    721.22149658203125,
    0,
    0,
    1
  ],
  "projectionMatrix" : [
    1.6734106540679932,
    0,
    0.0096350908279418945,
    0,
    0,
    2.2312142848968506,
    0.0023909807205200195,
    0,
    0,
    0,
    -0.9999997615814209,
    -0.00099999981466680765,
    0,
    0,
    -1,
    0
  ],
  "time" : 23757.384768291671
}