{
  "cameraGrain" : 0.077002279460430145,
  "averageAngularVelocity" : 0.27716416120529175,
  "averageVelocity" : 0.1122283935546875,
  "cameraPoseARFrame" : [
    0.99746572971343994,
    0.036152292042970657,
    -0.061280220746994019,
    0.22143876552581787,
    -0.012495172210037708,
    0.93691074848175049,
    0.34934535622596741,
    0.16368232667446136,
    0.070043660700321198,
    -0.34769430756568909,
    0.93498802185058594,
    0.28824806213378906,
    0,
    0,
    0,
    1.0000001192092896
  ],
  "motionQuality" : 0.92081022262573242,
  "exposureDuration" : 0.01666666753590107,
  "frame_index" : 48,
  "intrinsics" : [
    1599.6956787109375,
    0,
    950.2159423828125,
    0,
    1599.6956787109375,
    721.2081298828125,
    0,
    0,
    1
  ],
  "projectionMatrix" : [
    1.6663496494293213,
    0,
    0.0096709132194519043,
    0,
    0,
    2.2217996120452881,
    0.0023723840713500977,
    0,
    0,
    0,
    -0.9999997615814209,
    -0.00099999981466680765,
    0,
    0,
    -1,
    0
  ],
  "time" : 23758.985814791671
}