{
  "cameraGrain" : 0.10609201341867447,
  "averageAngularVelocity" : 0.10698741674423218,
  "averageVelocity" : 0.10500246286392212,
  "cameraPoseARFrame" : [
    0.98756837844848633,
    0.07096610963344574,
    -0.14025972783565521,
    0.30097383260726929,
    -0.025082170963287354,
    0.95199894905090332,
    0.30507189035415649,
    0.198430135846138,
    0.15517674386501312,
    -0.29776132106781006,
    0.94194400310516357,
    0.23642989993095398,
    0,
    0,
    0,
    1.0000001192092896
  ],
  "motionQuality" : 0.96943217515945435,
  "exposureDuration" : 0.01666666753590107,
  "frame_index" : 59,
  "intrinsics" : [
    1599.6956787109375,
    0,
    950.195556640625,
    0,
    1599.6956787109375,
    721.184814453125,
    0,
    0,
    1
  ],
  "projectionMatrix" : [
    1.6663496494293213,
    0,
    0.0096921324729919434,
    0,
    0,
    2.2217996120452881,
    0.0023400187492370605,
    0,
    0,
    0,
    -0.9999997615814209,
    -0.00099999981466680765,
    0,
    0,
    -1,
    0
  ],
  "time" : 23759.919816333339
}