{
  "frame_index" : 374,
  "averageAngularVelocity" : 0.45742601156234741,
  "exposureDuration" : 0.01666666753590107,
  "time" : 23787.230954375005,
  "motionQuality" : 0.86930686235427856,
  "intrinsics" : [
    1600.1475830078125,
    0,
    950.25604248046875,
    0,
    1600.1475830078125,
    721.2989501953125,
    0,
    0,
    1
  ],
  "projectionMatrix" : [
    1.6668204069137573,
    0,
    0.0096291303634643555,
    0,
    0,
    2.2224271297454834,
    0.0024985671043395996,
    0,
    0,
    0,
    -0.9999997615814209,
    -0.00099999981466680765,
    0,
    0,
    -1,
    0
  ],
  "averageVelocity" : 0.29968297481536865,
  "cameraPoseARFrame" : [
    0.96070170402526855,
    -0.16042789816856384,
    0.2265288233757019,
    -0.027828043326735497,
    0.030365645885467529,
    0.87191647291183472,
    0.48871216177940369,
    0.095205806195735931,
    -0.27591732144355774,
    -0.46262788772583008,
    0.84252309799194336,
    0.30618336796760559,
    0,
    0,
    0,
    1
  ],
  "cameraGrain" : 0.1299259215593338
}