{
  "averageVelocity" : 0.12879179418087006,
  "projectionMatrix" : [
    1.6705862283706665,
    0,
    0.0095527172088623047,
    0,
    0,
    2.2274484634399414,
    0.0023269057273864746,
    0,
    0,
    0,
    -0.9999997615814209,
    -0.00099999981466680765,
    0,
    0,
    -1,
    0
  ],
  "cameraGrain" : 0,
  "motionQuality" : 0.94476723670959473,
  "intrinsics" : [
    1603.7628173828125,
    0,
    950.32940673828125,
    0,
    1603.7628173828125,
    721.17535400390625,
    0,
    0,
    1
  ],
  "cameraPoseARFrame" : [
    0.93659299612045288,
    -0.10689231008291245,
    0.33371818065643311,
    -0.01990729384124279,
    0.01155802421271801,
    0.96124434471130371,
    0.27545535564422607,
    0.20217441022396088,
    -0.35022884607315063,
    -0.25413239002227783,
    0.90153002738952637,
    0.16910398006439209,
    0,
    0,
    0,
    1.0000001192092896
  ],
  "time" : 23779.961096208339,
  "exposureDuration" : 0.01666666753590107,
  "frame_index" : 290,
  "averageAngularVelocity" : 0.19331477582454681
}