{
  "projectionMatrix" : [
    1.6734106540679932,
    0,
    0.009662926197052002,
    0,
    0,
    2.2312142848968506,
    0.0023887753486633301,
    0,
    0,
    0,
    -0.9999997615814209,
    -0.00099999981466680765,
    0,
    0,
    -1,
    0
  ],
  "cameraPoseARFrame" : [
    0.86462301015853882,
    -0.1707741767168045,
    0.47250759601593018,
    0.023777397349476814,
    -0.010853628627955914,
    0.93389254808425903,
    0.35738903284072876,
    0.1531069278717041,
    -0.50230419635772705,
    -0.31413516402244568,
    0.80561137199401855,
    0.40090411901473999,
    0,
    0,
    0,
    1
  ],
  "cameraGrain" : 0.1468605101108551,
  "intrinsics" : [
    1606.4742431640625,
    0,
    950.22357177734375,
    0,
    1606.4742431640625,
    721.21990966796875,
    0,
    0,
    1
  ],
  "motionQuality" : 0.97828823328018188,
  "frame_index" : 14,
  "time" : 23756.116307416672,
  "averageVelocity" : 0.047202665358781815,
  "averageAngularVelocity" : 0.075991250574588776,
  "exposureDuration" : 0.01666666753590107
}