{
  "projectionMatrix" : [
    1.6729398965835571,
    0,
    0.0096976757049560547,
    0,
    0,
    2.2305865287780762,
    0.0023936033248901367,
    0,
    0,
    0,
    -0.9999997615814209,
    -0.00099999981466680765,
    0,
    0,
    -1,
    0
  ],
  "frame_index" : 4,
  "averageVelocity" : 0.074044279754161835,
  "averageAngularVelocity" : 0.11836694926023483,
  "cameraPoseARFrame" : [
    0.85691660642623901,
    -0.1701643168926239,
    0.4865574836730957,
    0.031208282336592674,
    -0.014741075225174427,
    0.93546122312545776,
    0.35312166810035706,
    0.15188921988010406,
    -0.51524442434310913,
    -0.30976817011833191,
    0.79910379648208618,
    0.38379353284835815,
    0,
    0,
    0,
    1.0000001192092896
  ],
  "motionQuality" : 0.96618086099624634,
  "time" : 23755.217961083337,
  "intrinsics" : [
    1606.0223388671875,
    0,
    950.19024658203125,
    0,
    1606.0223388671875,
    721.223388671875,
    0,
    0,
    1
  ],
  "cameraGrain" : 0.14444105327129364,
  "exposureDuration" : 0.01666666753590107
}