{
  "averageAngularVelocity" : 0.4046732485294342,
  "cameraGrain" : 0.26998454332351685,
  "motionQuality" : 0.88437908887863159,
  "intrinsics" : [
    1607.3780517578125,
    0,
    950.2767333984375,
    0,
    1607.3780517578125,
    721.28631591796875,
    0,
    0,
    1
  ],
  "cameraPoseARFrame" : [
    0.93899393081665039,
    0.12914779782295227,
    -0.31876558065414429,
    0.3626197874546051,
    0.037130139768123627,
    0.88333994150161743,
    0.46726003289222717,
    0.055494736880064011,
    0.34192380309104919,
    -0.45059013366699219,
    0.82465565204620361,
    0.34113875031471252,
    0,
    0,
    0,
    1.0000001192092896
  ],
  "averageVelocity" : 0.10265029966831207,
  "exposureDuration" : 0.01666666753590107,
  "time" : 23771.72302479167,
  "frame_index" : 196,
  "projectionMatrix" : [
    1.6743521690368652,
    0,
    0.0096075534820556641,
    0,
    0,
    2.2324695587158203,
    0.0024809837341308594,
    0,
    0,
    0,
    -0.9999997615814209,
    -0.00099999981466680765,
    0,
    0,
    -1,
    0
  ]
}