{
  "cameraGrain" : 0.15164691209793091,
  "averageAngularVelocity" : 0,
  "averageVelocity" : 0.030007511377334595,
  "cameraPoseARFrame" : [
    0.85959756374359131,
    -0.1739928126335144,
    0.4804360568523407,
    0.026358382776379585,
    -0.012056575156748295,
    0.93307149410247803,
    0.35948911309242249,
    0.15251052379608154,
    -0.51082974672317505,
    -0.31480833888053894,
    0.79996806383132935,
    0.40792295336723328,
    0,
    0,
    0,
    1.0000002384185791
  ],
  "motionQuality" : 0.9860759973526001,
  "exposureDuration" : 0.01666666753590107,
  "frame_index" : 10,
  "intrinsics" : [
    1606.4742431640625,
    0,
    950.21240234375,
    0,
    1606.4742431640625,
    721.22161865234375,
    0,
    0,
    1
  ],
  "projectionMatrix" : [
    1.6734106540679932,
    0,
    0.0096746087074279785,
    0,
    0,
    2.2312142848968506,
    0.0023911595344543457,
    0,
    0,
    0,
    -0.9999997615814209,
    -0.00099999981466680765,
    0,
    0,
    -1,
    0
  ],
  "time" : 23755.817955416671
}