{
  "projectionMatrix" : [
    1.6658788919448853,
    0,
    0.0094853639602661133,
    0,
    0,
    2.2211718559265137,
    0.0023135542869567871,
    0,
    0,
    0,
    -0.9999997615814209,
    -0.00099999981466680765,
    0,
    0,
    -1,
    0
  ],
  "motionQuality" : 0.88913083076477051,
  "time" : 23764.720785208337,
  "averageAngularVelocity" : 0.38804209232330322,
  "cameraPoseARFrame" : [
    0.88350749015808105,
    -0.13784505426883698,
    0.44767546653747559,
    -0.10749363899230957,
    0.033443175256252289,
    0.97184348106384277,
    0.23324154317378998,
    0.26928809285163879,
    -0.46722182631492615,
    -0.19109894335269928,
    0.86324089765548706,
    0.21284931898117065,
    0,
    0,
    0,
    1.0000001192092896
  ],
  "cameraGrain" : 0.21059837937355042,
  "intrinsics" : [
    1599.2437744140625,
    0,
    950.39404296875,
    0,
    1599.2437744140625,
    721.165771484375,
    0,
    0,
    1
  ],
  "exposureDuration" : 0.01666666753590107,
  "frame_index" : 116,
  "averageVelocity" : 0.12518462538719177
}