{
  "cameraPoseARFrame" : [
    0.95090603828430176,
    -0.09435475617647171,
    0.2947458028793335,
    0.012053017504513264,
    0.016789965331554413,
    0.96671611070632935,
    0.25529995560646057,
    0.21370765566825867,
    -0.30902436375617981,
    -0.23781748116016388,
    0.92084032297134399,
    0.16622035205364227,
    0,
    0,
    0,
    1.0000002384185791
  ],
  "projectionMatrix" : [
    1.6705862283706665,
    0,
    0.0095304250717163086,
    0,
    0,
    2.2274484634399414,
    0.002317965030670166,
    0,
    0,
    0,
    -0.9999997615814209,
    -0.00099999981466680765,
    0,
    0,
    -1,
    0
  ],
  "motionQuality" : 0.90893590450286865,
  "exposureDuration" : 0.01666666753590107,
  "frame_index" : 287,
  "time" : 23779.727166375003,
  "intrinsics" : [
    1603.7628173828125,
    0,
    950.35076904296875,
    0,
    1603.7628173828125,
    721.1689453125,
    0,
    0,
    1
  ],
  "averageAngularVelocity" : 0.31872439384460449,
  "cameraGrain" : 0.01422882080078125,
  "averageVelocity" : 0.18038228154182434
}