{
  "averageVelocity" : 0.15668149292469025,
  "frame_index" : 148,
  "cameraPoseARFrame" : [
    0.67214930057525635,
    -0.17192447185516357,
    0.72017872333526611,
    -0.069179363548755646,
    -0.015095191076397896,
    0.96928393840789795,
    0.24548050761222839,
    0.21226474642753601,
    -0.74026185274124146,
    -0.17587077617645264,
    0.64890819787979126,
    0.41777235269546509,
    0,
    0,
    0,
    1
  ],
  "intrinsics" : [
    1608.2818603515625,
    0,
    950.27288818359375,
    0,
    1608.2818603515625,
    721.16278076171875,
    0,
    0,
    1
  ],
  "projectionMatrix" : [
    1.6752935647964478,
    0,
    0.0096115469932556152,
    0,
    0,
    2.23372483253479,
    0.0023094415664672852,
    0,
    0,
    0,
    -0.9999997615814209,
    -0.00099999981466680765,
    0,
    0,
    -1,
    0
  ],
  "time" : 23767.589286833339,
  "averageAngularVelocity" : 0,
  "motionQuality" : 0.9552338719367981,
  "exposureDuration" : 0.01666666753590107,
  "cameraGrain" : 0.40111705660820007
}