{
  "time" : 23764.322255625004,
  "motionQuality" : 0.91304779052734375,
  "intrinsics" : [
    1598.7918701171875,
    0,
    950.4964599609375,
    0,
    1598.7918701171875,
    721.16119384765625,
    0,
    0,
    1
  ],
  "frame_index" : 112,
  "averageVelocity" : 0.16247324645519257,
  "averageAngularVelocity" : 0.30433276295661926,
  "cameraGrain" : 0.11593496799468994,
  "exposureDuration" : 0.01666666753590107,
  "projectionMatrix" : [
    1.6654082536697388,
    0,
    0.0093786716461181641,
    0,
    0,
    2.2205443382263184,
    0.0023072361946105957,
    0,
    0,
    0,
    -0.9999997615814209,
    -0.00099999981466680765,
    0,
    0,
    -1,
    0
  ],
  "cameraPoseARFrame" : [
    0.93361574411392212,
    -0.13121332228183746,
    0.33338412642478943,
    -0.074928693473339081,
    0.066785536706447601,
    0.97794973850250244,
    0.1978737860918045,
    0.29879829287528992,
    -0.35199674963951111,
    -0.16247284412384033,
    0.92179226875305176,
    0.18656477332115173,
    0,
    0,
    0,
    1.0000001192092896
  ]
}