{
  "cameraPoseARFrame" : [
    0.9576641321182251,
    -0.10097313672304153,
    0.2695997953414917,
    -0.030062373727560043,
    0.054333720356225967,
    0.98303711414337158,
    0.17517399787902832,
    0.32820692658424377,
    -0.28271466493606567,
    -0.15310946106910706,
    0.94690555334091187,
    0.17869079113006592,
    0,
    0,
    0,
    1.0000001192092896
  ],
  "frame_index" : 106,
  "projectionMatrix" : [
    1.6574057340621948,
    0,
    0.009401857852935791,
    0,
    0,
    2.2098743915557861,
    0.0022956728935241699,
    0,
    0,
    0,
    -0.9999997615814209,
    -0.00099999981466680765,
    0,
    0,
    -1,
    0
  ],
  "exposureDuration" : 0.01666666753590107,
  "intrinsics" : [
    1591.1094970703125,
    0,
    950.4742431640625,
    0,
    1591.1094970703125,
    721.15289306640625,
    0,
    0,
    1
  ],
  "time" : 23763.78738433334,
  "averageAngularVelocity" : 0.04637511819601059,
  "cameraGrain" : 0.061425670981407166,
  "motionQuality" : 0.97975164651870728,
  "averageVelocity" : 0.07086925208568573
}