{
  "time" : 23777.82528770834,
  "cameraPoseARFrame" : [
    0.99925827980041504,
    0.015238265506923199,
    0.035367511212825775,
    0.16825295984745026,
    -0.022731563076376915,
    0.9747164249420166,
    0.22228586673736572,
    0.27768680453300476,
    -0.03108617477118969,
    -0.22292496263980865,
    0.97433984279632568,
    0.11681411415338516,
    0,
    0,
    0,
    1.0000001192092896
  ],
  "averageAngularVelocity" : 0.097370296716690063,
  "cameraGrain" : 0,
  "projectionMatrix" : [
    1.6767058372497559,
    0,
    0.0096269845962524414,
    0,
    0,
    2.2356076240539551,
    0.00229644775390625,
    0,
    0,
    0,
    -0.9999997615814209,
    -0.00099999981466680765,
    0,
    0,
    -1,
    0
  ],
  "exposureDuration" : 0.01666666753590107,
  "frame_index" : 265,
  "motionQuality" : 0.95595192909240723,
  "intrinsics" : [
    1609.6375732421875,
    0,
    950.25811767578125,
    0,
    1609.6375732421875,
    721.1534423828125,
    0,
    0,
    1
  ],
  "averageVelocity" : 0.15416829288005829
}