{
  "time" : 23782.161593791672,
  "projectionMatrix" : [
    1.6715277433395386,
    0,
    0.0095742344856262207,
    0,
    0,
    2.2287037372589111,
    0.0022550225257873535,
    0,
    0,
    0,
    -0.9999997615814209,
    -0.00099999981466680765,
    0,
    0,
    -1,
    0
  ],
  "intrinsics" : [
    1604.6666259765625,
    0,
    950.3087158203125,
    0,
    1604.6666259765625,
    721.12359619140625,
    0,
    0,
    1
  ],
  "averageVelocity" : 0.20072302222251892,
  "cameraPoseARFrame" : [
    0.99938398599624634,
    0.032288234680891037,
    0.013765366747975349,
    0.23559261858463287,
    -0.03329889103770256,
    0.99616348743438721,
    0.080928869545459747,
    0.35936793684959412,
    -0.011099612340331078,
    -0.081337384879589081,
    0.99662488698959351,
    0.035164080560207367,
    0,
    0,
    0,
    1.0000002384185791
  ],
  "frame_index" : 316,
  "cameraGrain" : 0.02878614142537117,
  "exposureDuration" : 0.01666666753590107,
  "motionQuality" : 0.90475940704345703,
  "averageAngularVelocity" : 0.33334201574325562
}