{
  "averageVelocity" : 0.017991820350289345,
  "exposureDuration" : 0.01666666753590107,
  "projectionMatrix" : [
    1.6748229265213013,
    0,
    0.0097103714942932129,
    0,
    0,
    2.2330970764160156,
    0.0024913549423217773,
    0,
    0,
    0,
    -0.9999997615814209,
    -0.00099999981466680765,
    0,
    0,
    -1,
    0
  ],
  "time" : 23771.022649000006,
  "frame_index" : 188,
  "cameraPoseARFrame" : [
    0.99605250358581543,
    0.040821313858032227,
    -0.07882438600063324,
    0.29526346921920776,
    0.0027089992072433233,
    0.87359499931335449,
    0.48664602637290955,
    0.047417722642421722,
    0.088725961744785309,
    -0.48493850231170654,
    0.87003588676452637,
    0.35033601522445679,
    0,
    0,
    0,
    1
  ],
  "intrinsics" : [
    1607.8299560546875,
    0,
    950.17803955078125,
    0,
    1607.8299560546875,
    721.29376220703125,
    0,
    0,
    1
  ],
  "averageAngularVelocity" : 0.040434230118989944,
  "cameraGrain" : 0.24270205199718475,
  "motionQuality" : 0.98844736814498901
}