{
  "cameraPoseARFrame" : [
    0.97609710693359375,
    0.12445954233407974,
    -0.17816969752311707,
    0.34209555387496948,
    -0.08238886296749115,
    0.97050285339355469,
    0.22657503187656403,
    0.30063050985336304,
    0.20111340284347534,
    -0.20648007094860077,
    0.95755922794342041,
    0.08091280609369278,
    0,
    0,
    0,
    1.0000002384185791
  ],
  "averageVelocity" : 0,
  "intrinsics" : [
    1603.7628173828125,
    0,
    950.08978271484375,
    0,
    1603.7628173828125,
    721.15399169921875,
    0,
    0,
    1
  ],
  "frame_index" : 237,
  "projectionMatrix" : [
    1.6705862283706665,
    0,
    0.0098022818565368652,
    0,
    0,
    2.2274484634399414,
    0.0022972226142883301,
    0,
    0,
    0,
    -0.9999997615814209,
    -0.00099999981466680765,
    0,
    0,
    -1,
    0
  ],
  "cameraGrain" : 0.099833406507968903,
  "exposureDuration" : 0.01666666753590107,
  "time" : 23775.357372333339,
  "averageAngularVelocity" : 0.24124749004840851,
  "motionQuality" : 0.93107211589813232
}