{
  "time" : 23781.593219166672,
  "motionQuality" : 0.97658133506774902,
  "frame_index" : 309,
  "intrinsics" : [
    1604.6666259765625,
    0,
    950.41259765625,
    0,
    1604.6666259765625,
    721.12255859375,
    0,
    0,
    1
  ],
  "projectionMatrix" : [
    1.6715277433395386,
    0,
    0.0094660520553588867,
    0,
    0,
    2.2287037372589111,
    0.0022535324096679688,
    0,
    0,
    0,
    -0.9999997615814209,
    -0.00099999981466680765,
    0,
    0,
    -1,
    0
  ],
  "averageVelocity" : 0.081965319812297821,
  "averageAngularVelocity" : 0,
  "cameraPoseARFrame" : [
    0.99967432022094727,
    0.0069945608265697956,
    -0.024549447000026703,
    0.25100558996200562,
    -0.0067214495502412319,
    0.99991476535797119,
    0.011189868673682213,
    0.40081325173377991,
    0.024625517427921295,
    -0.01102121639996767,
    0.99963605403900146,
    0.032340474426746368,
    0,
    0,
    0,
    1.0000001192092896
  ],
  "cameraGrain" : 0.097932107746601105,
  "exposureDuration" : 0.01666666753590107
}