{
  "motionQuality" : 0.92421966791152954,
  "time" : 23777.328978875004,
  "intrinsics" : [
    1603.3109130859375,
    0,
    950.22198486328125,
    0,
    1603.3109130859375,
    721.16192626953125,
    0,
    0,
    1
  ],
  "averageAngularVelocity" : 0.22013086080551147,
  "cameraGrain" : 0.0046491897664964199,
  "projectionMatrix" : [
    1.67011559009552,
    0,
    0.0096645951271057129,
    0,
    0,
    2.226820707321167,
    0.0023082494735717773,
    0,
    0,
    0,
    -0.9999997615814209,
    -0.00099999981466680765,
    0,
    0,
    -1,
    0
  ],
  "cameraPoseARFrame" : [
    0.99946659803390503,
    0.025503059849143028,
    0.020407199859619141,
    0.22064681351184845,
    -0.029812870547175407,
    0.96753072738647461,
    0.25098881125450134,
    0.22037731111049652,
    -0.013343819417059422,
    -0.25146329402923584,
    0.96777492761611938,
    0.17458322644233704,
    0,
    0,
    0,
    1.0000001192092896
  ],
  "frame_index" : 259,
  "averageVelocity" : 0.26523116230964661,
  "exposureDuration" : 0.01666666753590107
}