{
  "motionQuality" : 0.93368148803710938,
  "time" : 23767.855813375005,
  "cameraGrain" : 0.32732737064361572,
  "cameraPoseARFrame" : [
    0.68465632200241089,
    -0.20617945492267609,
    0.69909650087356567,
    -0.036685556173324585,
    -0.012047627009451389,
    0.95582383871078491,
    0.293692946434021,
    0.1664617508649826,
    -0.72876667976379395,
    -0.20950116217136383,
    0.65192669630050659,
    0.41151916980743408,
    0,
    0,
    0,
    1.0000001192092896
  ],
  "projectionMatrix" : [
    1.6752935647964478,
    0,
    0.0096286535263061523,
    0,
    0,
    2.23372483253479,
    0.0023345947265625,
    0,
    0,
    0,
    -0.9999997615814209,
    -0.00099999981466680765,
    0,
    0,
    -1,
    0
  ],
  "intrinsics" : [
    1608.2818603515625,
    0,
    950.2564697265625,
    0,
    1608.2818603515625,
    721.180908203125,
    0,
    0,
    1
  ],
  "averageAngularVelocity" : 0.23211471736431122,
  "frame_index" : 151,
  "exposureDuration" : 0.01666666753590107,
  "averageVelocity" : 0.22521589696407318
}