{
  "exposureDuration" : 0.01666666753590107,
  "frame_index" : 135,
  "averageVelocity" : 0.071246765553951263,
  "intrinsics" : [
    1609.1856689453125,
    0,
    950.454833984375,
    0,
    1609.1856689453125,
    721.12615966796875,
    0,
    0,
    1
  ],
  "cameraPoseARFrame" : [
    0.76980322599411011,
    -0.030445726588368416,
    0.63755488395690918,
    -0.09477224200963974,
    0.01420300081372261,
    0.99943149089813232,
    0.030577605590224266,
    0.42268195748329163,
    -0.63812345266342163,
    -0.014483544044196606,
    0.7697979211807251,
    0.36424651741981506,
    0,
    0,
    0,
    1.0000001192092896
  ],
  "time" : 23766.388983833338,
  "cameraGrain" : 0.38702893257141113,
  "averageAngularVelocity" : 0.10830233246088028,
  "projectionMatrix" : [
    1.6762350797653198,
    0,
    0.0094220638275146484,
    0,
    0,
    2.2349801063537598,
    0.0022585391998291016,
    0,
    0,
    0,
    -0.9999997615814209,
    -0.00099999981466680765,
    0,
    0,
    -1,
    0
  ],
  "motionQuality" : 0.96905648708343506
}