{
  "cameraGrain" : 0.05187726765871048,
  "averageAngularVelocity" : 0.11586082726716995,
  "averageVelocity" : 0.14446297287940979,
  "cameraPoseARFrame" : [
    0.99046999216079712,
    0.03557312861084938,
    -0.13305655121803284,
    0.27541077136993408,
    0.0026522884145379066,
    0.96096396446228027,
    0.27666071057319641,
    0.25307464599609375,
    0.13770404458045959,
    -0.27437701821327209,
    0.95171159505844116,
    0.1770184338092804,
    0,
    0,
    0,
    1.0000001192092896
  ],
  "motionQuality" : 0.95872485637664795,
  "exposureDuration" : 0.01666666753590107,
  "frame_index" : 67,
  "intrinsics" : [
    1602.4071044921875,
    0,
    950.2760009765625,
    0,
    1602.4071044921875,
    721.176513671875,
    0,
    0,
    1
  ],
  "projectionMatrix" : [
    1.6691740751266479,
    0,
    0.0096083283424377441,
    0,
    0,
    2.2255654335021973,
    0.0023285150527954102,
    0,
    0,
    0,
    -0.9999997615814209,
    -0.00099999981466680765,
    0,
    0,
    -1,
    0
  ],
  "time" : 23760.61782320834
}