{
  "frame_index" : 341,
  "cameraPoseARFrame" : [
    0.97241044044494629,
    -0.073758155107498169,
    0.22130976617336273,
    0.10773190855979919,
    -0.0068380464799702168,
    0.939278244972229,
    0.34308838844299316,
    0.15728004276752472,
    -0.23317711055278778,
    -0.33513599634170532,
    0.91285943984985352,
    0.44767075777053833,
    0,
    0,
    0,
    1.0000001192092896
  ],
  "projectionMatrix" : [
    1.6677619218826294,
    0,
    0.0096452832221984863,
    0,
    0,
    2.2236824035644531,
    0.0023661255836486816,
    0,
    0,
    0,
    -0.9999997615814209,
    -0.00099999981466680765,
    0,
    0,
    -1,
    0
  ],
  "motionQuality" : 0.9910128116607666,
  "averageVelocity" : 0.0070881755091249943,
  "averageAngularVelocity" : 0.031455114483833313,
  "cameraGrain" : 0,
  "intrinsics" : [
    1601.0513916015625,
    0,
    950.24053955078125,
    0,
    1601.0513916015625,
    721.20361328125,
    0,
    0,
    1
  ],
  "time" : 23784.42982583334,
  "exposureDuration" : 0.01666666753590107
}