{
  "exposureDuration" : 0.01666666753590107,
  "time" : 23763.687508125004,
  "frame_index" : 104,
  "cameraPoseARFrame" : [
    0.95909649133682251,
    -0.096327304840087891,
    0.26618653535842896,
    -0.023053418844938278,
    0.050768077373504639,
    0.9836081862449646,
    0.17302465438842773,
    0.32884129881858826,
    -0.27849039435386658,
    -0.15243354439735413,
    0.94826537370681763,
    0.17759183049201965,
    0,
    0,
    0,
    1.0000001192092896
  ],
  "averageVelocity" : 0,
  "projectionMatrix" : [
    1.6625838279724121,
    0,
    0.009409487247467041,
    0,
    0,
    2.2167782783508301,
    0.0022941827774047852,
    0,
    0,
    0,
    -0.9999997615814209,
    -0.00099999981466680765,
    0,
    0,
    -1,
    0
  ],
  "motionQuality" : 0.98176229000091553,
  "intrinsics" : [
    1596.0804443359375,
    0,
    950.4669189453125,
    0,
    1596.0804443359375,
    721.15179443359375,
    0,
    0,
    1
  ],
  "averageAngularVelocity" : 0,
  "cameraGrain" : 0
}