{
  "intrinsics" : [
    1604.2147216796875,
    0,
    950.2757568359375,
    0,
    1604.2147216796875,
    721.13397216796875,
    0,
    0,
    1
  ],
  "exposureDuration" : 0.01666666753590107,
  "frame_index" : 319,
  "cameraPoseARFrame" : [
    0.99948060512542725,
    0.029893048107624054,
    0.012051277793943882,
    0.23054942488670349,
    -0.031373601406812668,
    0.98799145221710205,
    0.15128897130489349,
    0.31925508379936218,
    -0.0073841526173055172,
    -0.15158846974372864,
    0.98841601610183716,
    0.081372953951358795,
    0,
    0,
    0,
    1.0000001192092896
  ],
  "time" : 23782.395180708339,
  "projectionMatrix" : [
    1.6710569858551025,
    0,
    0.0096085667610168457,
    0,
    0,
    2.2280759811401367,
    0.0022693872451782227,
    0,
    0,
    0,
    -0.9999997615814209,
    -0.00099999981466680765,
    0,
    0,
    -1,
    0
  ],
  "averageAngularVelocity" : 0.31994739174842834,
  "motionQuality" : 0.90858644247055054,
  "averageVelocity" : 0.2769295871257782,
  "cameraGrain" : 0
}