{
  "averageVelocity" : 0.32882627844810486,
  "exposureDuration" : 0.01666666753590107,
  "cameraPoseARFrame" : [
    0.99241578578948975,
    -0.020726410672068596,
    0.12116752564907074,
    0.15302687883377075,
    -0.025517376139760017,
    0.92947912216186523,
    0.36799103021621704,
    0.15535019338130951,
    -0.12025000900030136,
    -0.36829200387001038,
    0.92190080881118774,
    0.42132470011711121,
    0,
    0,
    0,
    1.0000002384185791
  ],
  "motionQuality" : 0.87856334447860718,
  "time" : 23783.529554000004,
  "intrinsics" : [
    1603.3109130859375,
    0,
    950.1690673828125,
    0,
    1603.3109130859375,
    721.21380615234375,
    0,
    0,
    1
  ],
  "cameraGrain" : 0.063621193170547485,
  "projectionMatrix" : [
    1.67011559009552,
    0,
    0.0097197294235229492,
    0,
    0,
    2.226820707321167,
    0.0023803114891052246,
    0,
    0,
    0,
    -0.9999997615814209,
    -0.00099999981466680765,
    0,
    0,
    -1,
    0
  ],
  "frame_index" : 331,
  "averageAngularVelocity" : 0.42502838373184204
}