{
  "frame_index" : 340,
  "cameraPoseARFrame" : [
    0.97256982326507568,
    -0.07482486218214035,
    0.220248743891716,
    0.10807386040687561,
    -0.0052284463308751583,
    0.93957978487014771,
    0.34229004383087158,
    0.15721143782138824,
    -0.23255321383476257,
    -0.33405247330665588,
    0.91341561079025269,
    0.44726747274398804,
    0,
    0,
    0,
    1.0000001192092896
  ],
  "projectionMatrix" : [
    1.6559935808181763,
    0,
    0.0096397995948791504,
    0,
    0,
    2.207991361618042,
    0.0023659467697143555,
    0,
    0,
    0,
    -0.9999997615814209,
    -0.00099999981466680765,
    0,
    0,
    -1,
    0
  ],
  "motionQuality" : 0.98792529106140137,
  "averageVelocity" : 0.011232753284275532,
  "averageAngularVelocity" : 0.042261514812707901,
  "cameraGrain" : 0.0616651251912117,
  "intrinsics" : [
    1589.7537841796875,
    0,
    950.24578857421875,
    0,
    1589.7537841796875,
    721.2034912109375,
    0,
    0,
    1
  ],
  "time" : 23784.331583166673,
  "exposureDuration" : 0.01666666753590107
}