{
  "intrinsics" : [
    1607.8299560546875,
    0,
    950.18756103515625,
    0,
    1607.8299560546875,
    721.29315185546875,
    0,
    0,
    1
  ],
  "motionQuality" : 0.96859645843505859,
  "time" : 23771.125055583339,
  "frame_index" : 189,
  "averageVelocity" : 0.032745040953159332,
  "cameraGrain" : 0.24742518365383148,
  "exposureDuration" : 0.01666666753590107,
  "averageAngularVelocity" : 0.10991240292787552,
  "projectionMatrix" : [
    1.6748229265213013,
    0,
    0.009700477123260498,
    0,
    0,
    2.2330970764160156,
    0.0024904608726501465,
    0,
    0,
    0,
    -0.9999997615814209,
    -0.00099999981466680765,
    0,
    0,
    -1,
    0
  ],
  "cameraPoseARFrame" : [
    0.99498534202575684,
    0.042992729693651199,
    -0.090310491621494293,
    0.29842397570610046,
    0.0062200501561164856,
    0.87456470727920532,
    0.48486897349357605,
    0.047557007521390915,
    0.099828086793422699,
    -0.48299926519393921,
    0.86991161108016968,
    0.35017308592796326,
    0,
    0,
    0,
    1.0000001192092896
  ]
}