{
  "exposureDuration" : 0.01666666753590107,
  "averageAngularVelocity" : 0,
  "time" : 23763.95456808334,
  "projectionMatrix" : [
    1.6658788919448853,
    0,
    0.0093705058097839355,
    0,
    0,
    2.2211718559265137,
    0.0023008584976196289,
    0,
    0,
    0,
    -0.9999997615814209,
    -0.00099999981466680765,
    0,
    0,
    -1,
    0
  ],
  "cameraGrain" : 0,
  "averageVelocity" : 0.076679341495037079,
  "motionQuality" : 0.97809159755706787,
  "frame_index" : 108,
  "cameraPoseARFrame" : [
    0.95474517345428467,
    -0.11562906950712204,
    0.27402880787849426,
    -0.042283717542886734,
    0.067357935011386871,
    0.98145776987075806,
    0.17945338785648346,
    0.32576650381088257,
    -0.28969785571098328,
    -0.15287423133850098,
    0.94483053684234619,
    0.18062335252761841,
    0,
    0,
    0,
    1.0000001192092896
  ],
  "intrinsics" : [
    1599.2437744140625,
    0,
    950.50433349609375,
    0,
    1599.2437744140625,
    721.1566162109375,
    0,
    0,
    1
  ]
}