{
  "cameraGrain" : 0.028989845886826515,
  "averageAngularVelocity" : 0.26702013611793518,
  "averageVelocity" : 0.12084445357322693,
  "cameraPoseARFrame" : [
    0.99093145132064819,
    -0.038110684603452682,
    0.12885136902332306,
    0.14707967638969421,
    -0.010982418432831764,
    0.93275511264801025,
    0.360343337059021,
    0.15586733818054199,
    -0.13391990959644318,
    -0.35849064588546753,
    0.92387771606445312,
    0.2982001006603241,
    0,
    0,
    0,
    1
  ],
  "motionQuality" : 0.92370855808258057,
  "exposureDuration" : 0.01666666753590107,
  "frame_index" : 40,
  "intrinsics" : [
    1599.6956787109375,
    0,
    950.22149658203125,
    0,
    1599.6956787109375,
    721.21539306640625,
    0,
    0,
    1
  ],
  "projectionMatrix" : [
    1.6663496494293213,
    0,
    0.0096651315689086914,
    0,
    0,
    2.2217996120452881,
    0.0023825168609619141,
    0,
    0,
    0,
    -0.9999997615814209,
    -0.00099999981466680765,
    0,
    0,
    -1,
    0
  ],
  "time" : 23758.31939733334
}