{
  "averageVelocity" : 0.10938794910907745,
  "projectionMatrix" : [
    1.6705862283706665,
    0,
    0.009549558162689209,
    0,
    0,
    2.2274484634399414,
    0.0023292303085327148,
    0,
    0,
    0,
    -0.9999997615814209,
    -0.00099999981466680765,
    0,
    0,
    -1,
    0
  ],
  "cameraGrain" : 0.048667799681425095,
  "cameraPoseARFrame" : [
    0.93212157487869263,
    -0.1124037429690361,
    0.34426015615463257,
    -0.026194551959633827,
    0.012699628248810768,
    0.96017265319824219,
    0.27911862730979919,
    0.19948007166385651,
    -0.36192327737808228,
    -0.25580045580863953,
    0.89642500877380371,
    0.16885039210319519,
    0,
    0,
    0,
    1.0000001192092896
  ],
  "intrinsics" : [
    1603.7628173828125,
    0,
    950.3323974609375,
    0,
    1603.7628173828125,
    721.17706298828125,
    0,
    0,
    1
  ],
  "time" : 23780.028342583337,
  "motionQuality" : 0.94540524482727051,
  "exposureDuration" : 0.01666666753590107,
  "frame_index" : 291,
  "averageAngularVelocity" : 0.19108173251152039
}