{
  "averageAngularVelocity" : 0.35008379817008972,
  "intrinsics" : [
    1607.8299560546875,
    0,
    950.1768798828125,
    0,
    1607.8299560546875,
    721.28619384765625,
    0,
    0,
    1
  ],
  "projectionMatrix" : [
    1.6748229265213013,
    0,
    0.0097115635871887207,
    0,
    0,
    2.2330970764160156,
    0.0024808049201965332,
    0,
    0,
    0,
    -0.9999997615814209,
    -0.00099999981466680765,
    0,
    0,
    -1,
    0
  ],
  "cameraPoseARFrame" : [
    0.99996906518936157,
    0.0064382762648165226,
    -0.0045519862323999405,
    0.26847395300865173,
    -0.0034780926071107388,
    0.87826806306838989,
    0.47815605998039246,
    0.050338815897703171,
    0.0070763006806373596,
    -0.47812542319297791,
    0.87826317548751831,
    0.35490471124649048,
    0,
    0,
    0,
    1.0000001192092896
  ],
  "time" : 23770.524661916672,
  "averageVelocity" : 0.13807111978530884,
  "motionQuality" : 0.89997607469558716,
  "cameraGrain" : 0.19904817640781403,
  "exposureDuration" : 0.01666666753590107,
  "frame_index" : 182
}