{
  "cameraGrain" : 0,
  "averageAngularVelocity" : 0.29875674843788147,
  "averageVelocity" : 0.11244476586580276,
  "cameraPoseARFrame" : [
    0.9986305832862854,
    0.02924765832722187,
    -0.043379828333854675,
    0.21403296291828156,
    -0.012262555770576,
    0.93689852952957153,
    0.34938639402389526,
    0.16317345201969147,
    0.050861135125160217,
    -0.34837597608566284,
    0.93597406148910522,
    0.28877580165863037,
    0,
    0,
    0,
    1.0000001192092896
  ],
  "motionQuality" : 0.91464090347290039,
  "exposureDuration" : 0.01666666753590107,
  "frame_index" : 47,
  "intrinsics" : [
    1599.6956787109375,
    0,
    950.21673583984375,
    0,
    1599.6956787109375,
    721.20819091796875,
    0,
    0,
    1
  ],
  "projectionMatrix" : [
    1.6663496494293213,
    0,
    0.0096700787544250488,
    0,
    0,
    2.2217996120452881,
    0.0023725032806396484,
    0,
    0,
    0,
    -0.9999997615814209,
    -0.00099999981466680765,
    0,
    0,
    -1,
    0
  ],
  "time" : 23758.917933333338
}