{
  "cameraGrain" : 0,
  "time" : 23779.093449333337,
  "exposureDuration" : 0.01666666753590107,
  "averageVelocity" : 0.23988394439220428,
  "cameraPoseARFrame" : [
    0.98983657360076904,
    -0.048561383038759232,
    0.13366228342056274,
    0.11512481421232224,
    0.030816299840807915,
    0.99080222845077515,
    0.13176214694976807,
    0.29811346530914307,
    -0.13883151113986969,
    -0.12630400061607361,
    0.98222869634628296,
    0.11414705961942673,
    0,
    0,
    0,
    1.0000002384185791
  ],
  "projectionMatrix" : [
    1.6715277433395386,
    0,
    0.0094315409660339355,
    0,
    0,
    2.2287037372589111,
    0.0022763609886169434,
    0,
    0,
    0,
    -0.9999997615814209,
    -0.00099999981466680765,
    0,
    0,
    -1,
    0
  ],
  "frame_index" : 280,
  "intrinsics" : [
    1604.6666259765625,
    0,
    950.44573974609375,
    0,
    1604.6666259765625,
    721.13897705078125,
    0,
    0,
    1
  ],
  "motionQuality" : 0.93146175146102905,
  "averageAngularVelocity" : 0.2091950923204422
}