{
  "motionQuality" : 0.95408123731613159,
  "exposureDuration" : 0.01666666753590107,
  "frame_index" : 256,
  "cameraPoseARFrame" : [
    0.99780791997909546,
    0.056334197521209717,
    -0.034729249775409698,
    0.2715403139591217,
    -0.04512014240026474,
    0.9629938006401062,
    0.2657199501991272,
    0.17272815108299255,
    0.048412971198558807,
    -0.26357048749923706,
    0.96342456340789795,
    0.1864154189825058,
    0,
    0,
    0,
    1.0000002384185791
  ],
  "time" : 23777.028635958337,
  "averageVelocity" : 0.13228887319564819,
  "averageAngularVelocity" : 0.16071568429470062,
  "cameraGrain" : 0,
  "intrinsics" : [
    1603.3109130859375,
    0,
    950.17230224609375,
    0,
    1603.3109130859375,
    721.16583251953125,
    0,
    0,
    1
  ],
  "projectionMatrix" : [
    1.67011559009552,
    0,
    0.009716331958770752,
    0,
    0,
    2.226820707321167,
    0.0023136734962463379,
    0,
    0,
    0,
    -0.9999997615814209,
    -0.00099999981466680765,
    0,
    0,
    -1,
    0
  ]
}