{
  "averageVelocity" : 0.068900100886821747,
  "cameraGrain" : 0,
  "exposureDuration" : 0.01666666753590107,
  "frame_index" : 239,
  "averageAngularVelocity" : 0.20465761423110962,
  "motionQuality" : 0.94152641296386719,
  "intrinsics" : [
    1603.3109130859375,
    0,
    950.11590576171875,
    0,
    1603.3109130859375,
    721.14495849609375,
    0,
    0,
    1
  ],
  "projectionMatrix" : [
    1.67011559009552,
    0,
    0.0097751021385192871,
    0,
    0,
    2.226820707321167,
    0.0022846460342407227,
    0,
    0,
    0,
    -0.9999997615814209,
    -0.00099999981466680765,
    0,
    0,
    -1,
    0
  ],
  "time" : 23775.525300166672,
  "cameraPoseARFrame" : [
    0.97979432344436646,
    0.11191853880882263,
    -0.16576336324214935,
    0.33265513181686401,
    -0.078391149640083313,
    0.97735917568206787,
    0.1965295821428299,
    0.30389055609703064,
    0.18400555849075317,
    -0.1795642077922821,
    0.9663844108581543,
    0.081921882927417755,
    0,
    0,
    0,
    1.0000001192092896
  ]
}