{
  "averageVelocity" : 0.31448471546173096,
  "cameraGrain" : 0.052195139229297638,
  "exposureDuration" : 0.01666666753590107,
  "cameraPoseARFrame" : [
    0.99960750341415405,
    0.0066974605433642864,
    -0.027205578982830048,
    0.22094538807868958,
    0.0029461137019097805,
    0.94049984216690063,
    0.33978137373924255,
    0.19164355099201202,
    0.027862366288900375,
    -0.33972817659378052,
    0.94011098146438599,
    0.25676891207695007,
    0,
    0,
    0,
    1.0000001192092896
  ],
  "averageAngularVelocity" : 0.25918880105018616,
  "frame_index" : 325,
  "intrinsics" : [
    1603.3109130859375,
    0,
    950.2640380859375,
    0,
    1603.3109130859375,
    721.201171875,
    0,
    0,
    1
  ],
  "projectionMatrix" : [
    1.67011559009552,
    0,
    0.0096207857131958008,
    0,
    0,
    2.226820707321167,
    0.0023627281188964844,
    0,
    0,
    0,
    -0.9999997615814209,
    -0.00099999981466680765,
    0,
    0,
    -1,
    0
  ],
  "motionQuality" : 0.91014724969863892,
  "time" : 23782.99380445834
}