{
  "projectionMatrix" : [
    1.661171555519104,
    0,
    0.0096386075019836426,
    0,
    0,
    2.214895486831665,
    0.0023653507232666016,
    0,
    0,
    0,
    -0.9999997615814209,
    -0.00099999981466680765,
    0,
    0,
    -1,
    0
  ],
  "motionQuality" : 0.9890066385269165,
  "frame_index" : 338,
  "averageVelocity" : 0.020908355712890625,
  "cameraGrain" : 0.0616651251912117,
  "time" : 23784.231452833337,
  "exposureDuration" : 0.01666666753590107,
  "cameraPoseARFrame" : [
    0.97354376316070557,
    -0.073166817426681519,
    0.2164701372385025,
    0.10814056545495987,
    -0.0052051940001547337,
    0.94000178575515747,
    0.34112986922264099,
    0.15725977718830109,
    -0.22844180464744568,
    -0.33323162794113159,
    0.91475188732147217,
    0.44632148742675781,
    0,
    0,
    0,
    1.0000001192092896
  ],
  "intrinsics" : [
    1594.7247314453125,
    0,
    950.2469482421875,
    0,
    1594.7247314453125,
    721.20306396484375,
    0,
    0,
    1
  ],
  "averageAngularVelocity" : 0.03847682848572731
}