{
  "projectionMatrix" : [
    1.6762350797653198,
    0,
    0.010032296180725098,
    0,
    0,
    2.2349801063537598,
    0.0024650692939758301,
    0,
    0,
    0,
    -0.9999997615814209,
    -0.00099999981466680765,
    0,
    0,
    -1,
    0
  ],
  "motionQuality" : 0.89759129285812378,
  "exposureDuration" : 0.01666666753590107,
  "frame_index" : 209,
  "cameraPoseARFrame" : [
    0.9706040620803833,
    0.2036290317773819,
    -0.12830944359302521,
    0.42415922880172729,
    -0.12182123214006424,
    0.87541383504867554,
    0.46777155995368958,
    0.077981732785701752,
    0.20757552981376648,
    -0.43839013576507568,
    0.87448638677597046,
    0.24116525053977966,
    0,
    0,
    0,
    1
  ],
  "averageAngularVelocity" : 0.35843053460121155,
  "averageVelocity" : 0.13003292679786682,
  "intrinsics" : [
    1609.1856689453125,
    0,
    949.8690185546875,
    0,
    1609.1856689453125,
    721.27484130859375,
    0,
    0,
    1
  ],
  "time" : 23772.825302458339,
  "cameraGrain" : 0.24649304151535034
}