{
  "averageAngularVelocity" : 0.25548830628395081,
  "exposureDuration" : 0.01666666753590107,
  "cameraGrain" : 0,
  "intrinsics" : [
    1603.3109130859375,
    0,
    950.23193359375,
    0,
    1603.3109130859375,
    721.1873779296875,
    0,
    0,
    1
  ],
  "frame_index" : 327,
  "projectionMatrix" : [
    1.67011559009552,
    0,
    0.0096542239189147949,
    0,
    0,
    2.226820707321167,
    0.002343595027923584,
    0,
    0,
    0,
    -0.9999997615814209,
    -0.00099999981466680765,
    0,
    0,
    -1,
    0
  ],
  "motionQuality" : 0.90212178230285645,
  "time" : 23783.194983750007,
  "cameraPoseARFrame" : [
    0.99970072507858276,
    0.0060586840845644474,
    0.023703915998339653,
    0.20838107168674469,
    -0.013186128810048103,
    0.94952273368835449,
    0.31342080235481262,
    0.17633102834224701,
    -0.020608646795153618,
    -0.31363961100578308,
    0.94931840896606445,
    0.3207823634147644,
    0,
    0,
    0,
    1.0000001192092896
  ],
  "averageVelocity" : 0.34257367253303528
}