{
  "cameraGrain" : 0.081994630396366119,
  "averageAngularVelocity" : 0.35092759132385254,
  "averageVelocity" : 0.17259021103382111,
  "cameraPoseARFrame" : [
    0.93365532159805298,
    -0.13360573351383209,
    0.33232131600379944,
    0.05406440794467926,
    0.0051116356626152992,
    0.93269920349121094,
    0.36061921715736389,
    0.15164841711521149,
    -0.3581366240978241,
    -0.3349953293800354,
    0.87150239944458008,
    0.34635215997695923,
    0,
    0,
    0,
    1.0000001192092896
  ],
  "motionQuality" : 0.8997349739074707,
  "exposureDuration" : 0.01666666753590107,
  "frame_index" : 31,
  "intrinsics" : [
    1606.9261474609375,
    0,
    950.26904296875,
    0,
    1606.9261474609375,
    721.2205810546875,
    0,
    0,
    1
  ],
  "projectionMatrix" : [
    1.6738814115524292,
    0,
    0.0096156001091003418,
    0,
    0,
    2.2318418025970459,
    0.0023896694183349609,
    0,
    0,
    0,
    -0.9999997615814209,
    -0.00099999981466680765,
    0,
    0,
    -1,
    0
  ],
  "time" : 23757.618974125005
}