{
  "cameraPoseARFrame" : [
    0.96879392862319946,
    -0.080097496509552002,
    0.23456980288028717,
    0.042312350124120712,
    0.023311369121074677,
    0.97159737348556519,
    0.23548899590969086,
    0.23061187565326691,
    -0.24676956236362457,
    -0.22267216444015503,
    0.94314473867416382,
    0.1532873809337616,
    0,
    0,
    0,
    1.0000001192092896
  ],
  "projectionMatrix" : [
    1.6705862283706665,
    0,
    0.0095022320747375488,
    0,
    0,
    2.2274484634399414,
    0.0023100376129150391,
    0,
    0,
    0,
    -0.9999997615814209,
    -0.00099999981466680765,
    0,
    0,
    -1,
    0
  ],
  "motionQuality" : 0.89661175012588501,
  "exposureDuration" : 0.01666666753590107,
  "frame_index" : 285,
  "time" : 23779.528414458338,
  "intrinsics" : [
    1603.7628173828125,
    0,
    950.37786865234375,
    0,
    1603.7628173828125,
    721.1632080078125,
    0,
    0,
    1
  ],
  "averageAngularVelocity" : 0.36185896396636963,
  "cameraGrain" : 0,
  "averageVelocity" : 0.23103882372379303
}