{
  "cameraGrain" : 0,
  "averageAngularVelocity" : 0.27946028113365173,
  "averageVelocity" : 0.1147017776966095,
  "cameraPoseARFrame" : [
    0.99700504541397095,
    -0.015990400686860085,
    0.075667515397071838,
    0.16922317445278168,
    -0.012207088991999626,
    0.93359094858169556,
    0.35813251137733459,
    0.15808394551277161,
    -0.076369307935237885,
    -0.35798358917236328,
    0.93059957027435303,
    0.29282471537590027,
    0,
    0,
    0,
    1.0000001192092896
  ],
  "motionQuality" : 0.92015421390533447,
  "exposureDuration" : 0.01666666753590107,
  "frame_index" : 42,
  "intrinsics" : [
    1599.6956787109375,
    0,
    950.21661376953125,
    0,
    1599.6956787109375,
    721.2132568359375,
    0,
    0,
    1
  ],
  "projectionMatrix" : [
    1.6663496494293213,
    0,
    0.0096701979637145996,
    0,
    0,
    2.2217996120452881,
    0.0023795366287231445,
    0,
    0,
    0,
    -0.9999997615814209,
    -0.00099999981466680765,
    0,
    0,
    -1,
    0
  ],
  "time" : 23758.519656166671
}