{
  "averageAngularVelocity" : 0.34748220443725586,
  "averageVelocity" : 0.19550642371177673,
  "time" : 23773.723819958337,
  "cameraPoseARFrame" : [
    0.91715049743652344,
    0.36338740587234497,
    -0.16366134583950043,
    0.42446771264076233,
    -0.19115845859050751,
    0.76143413782119751,
    0.61941629648208618,
    0.21254019439220428,
    0.34970518946647644,
    -0.53681272268295288,
    0.76781415939331055,
    0.1140143945813179,
    0,
    0,
    0,
    1.0000001192092896
  ],
  "frame_index" : 219,
  "cameraGrain" : 0.20439071953296661,
  "exposureDuration" : 0.01666666753590107,
  "motionQuality" : 0.90071934461593628,
  "projectionMatrix" : [
    1.6734106540679932,
    0,
    0.010306119918823242,
    0,
    0,
    2.2312142848968506,
    0.0026630163192749023,
    0,
    0,
    0,
    -0.9999997615814209,
    -0.00099999981466680765,
    0,
    0,
    -1,
    0
  ],
  "intrinsics" : [
    1606.4742431640625,
    0,
    949.60614013671875,
    0,
    1606.4742431640625,
    721.4173583984375,
    0,
    0,
    1
  ]
}