{
  "cameraGrain" : 0.15868084132671356,
  "frame_index" : 367,
  "time" : 23786.730993958339,
  "averageVelocity" : 0.028248982504010201,
  "cameraPoseARFrame" : [
    0.98447370529174805,
    -0.16534170508384705,
    -0.058939512819051743,
    -0.11832930892705917,
    0.17470450699329376,
    0.89036238193511963,
    0.42039644718170166,
    0.066117838025093079,
    -0.017031656578183174,
    -0.42416620254516602,
    0.90542429685592651,
    0.31674686074256897,
    0,
    0,
    0,
    1.0000001192092896
  ],
  "exposureDuration" : 0.01666666753590107,
  "intrinsics" : [
    1600.5994873046875,
    0,
    950.66583251953125,
    0,
    1600.5994873046875,
    721.29254150390625,
    0,
    0,
    1
  ],
  "averageAngularVelocity" : 0.14338791370391846,
  "motionQuality" : 0.95903199911117554,
  "projectionMatrix" : [
    1.6672911643981934,
    0,
    0.0092022418975830078,
    0,
    0,
    2.2230548858642578,
    0.002489626407623291,
    0,
    0,
    0,
    -0.9999997615814209,
    -0.00099999981466680765,
    0,
    0,
    -1,
    0
  ]
}