{
  "cameraGrain" : 0.02801230363547802,
  "averageAngularVelocity" : 0.27033579349517822,
  "averageVelocity" : 0.11940963566303253,
  "cameraPoseARFrame" : [
    0.98155134916305542,
    -0.061995752155780792,
    0.18086913228034973,
    0.12452904880046844,
    -0.0072124265134334564,
    0.93329352140426636,
    0.35904183983802795,
    0.15267409384250641,
    -0.19106324017047882,
    -0.35372251272201538,
    0.91562825441360474,
    0.3055393397808075,
    0,
    0,
    0,
    1.0000001192092896
  ],
  "motionQuality" : 0.92276120185852051,
  "exposureDuration" : 0.01666666753590107,
  "frame_index" : 37,
  "intrinsics" : [
    1593.3690185546875,
    0,
    950.2366943359375,
    0,
    1593.3690185546875,
    721.21630859375,
    0,
    0,
    1
  ],
  "projectionMatrix" : [
    1.6597594022750854,
    0,
    0.0096492767333984375,
    0,
    0,
    2.2130124568939209,
    0.0023837685585021973,
    0,
    0,
    0,
    -0.9999997615814209,
    -0.00099999981466680765,
    0,
    0,
    -1,
    0
  ],
  "time" : 23758.117675166672
}