{
  "exposureDuration" : 0.01666666753590107,
  "averageAngularVelocity" : 0.20003344118595123,
  "projectionMatrix" : [
    1.6762350797653198,
    0,
    0.009424746036529541,
    0,
    0,
    2.2349801063537598,
    0.002260744571685791,
    0,
    0,
    0,
    -0.9999997615814209,
    -0.00099999981466680765,
    0,
    0,
    -1,
    0
  ],
  "cameraPoseARFrame" : [
    0.76076924800872803,
    -0.046416375786066055,
    0.64736074209213257,
    -0.093883976340293884,
    0.01643846184015274,
    0.9984973669052124,
    0.052274957299232483,
    0.40472432971000671,
    -0.64881455898284912,
    -0.029127554967999458,
    0.76038897037506104,
    0.36859965324401855,
    0,
    0,
    0,
    1
  ],
  "averageVelocity" : 0.14521390199661255,
  "cameraGrain" : 0.38046985864639282,
  "motionQuality" : 0.9428476095199585,
  "intrinsics" : [
    1609.1856689453125,
    0,
    950.4522705078125,
    0,
    1609.1856689453125,
    721.12774658203125,
    0,
    0,
    1
  ],
  "time" : 23766.622774541673,
  "frame_index" : 138
}