{
  "cameraGrain" : 0.090123854577541351,
  "averageAngularVelocity" : 0,
  "averageVelocity" : 0.11540951579809189,
  "cameraPoseARFrame" : [
    0.98794734477996826,
    0.060212161391973495,
    -0.14260019361972809,
    0.29676160216331482,
    -0.015068622305989265,
    0.9542776346206665,
    0.29854154586791992,
    0.21765796840190887,
    0.15405590832233429,
    -0.29279452562332153,
    0.94368332624435425,
    0.21071988344192505,
    0,
    0,
    0,
    1.0000001192092896
  ],
  "motionQuality" : 0.96702587604522705,
  "exposureDuration" : 0.01666666753590107,
  "frame_index" : 62,
  "intrinsics" : [
    1600.1475830078125,
    0,
    950.2208251953125,
    0,
    1600.1475830078125,
    721.1829833984375,
    0,
    0,
    1
  ],
  "projectionMatrix" : [
    1.6668204069137573,
    0,
    0.0096657872200012207,
    0,
    0,
    2.2224271297454834,
    0.0023374557495117188,
    0,
    0,
    0,
    -0.9999997615814209,
    -0.00099999981466680765,
    0,
    0,
    -1,
    0
  ],
  "time" : 23760.217964125004
}