{
  "intrinsics" : [
    1604.2147216796875,
    0,
    950.28216552734375,
    0,
    1604.2147216796875,
    721.12908935546875,
    0,
    0,
    1
  ],
  "exposureDuration" : 0.01666666753590107,
  "frame_index" : 318,
  "cameraPoseARFrame" : [
    0.99914014339447021,
    0.031864412128925323,
    0.026526505127549171,
    0.23008841276168823,
    -0.034909360110759735,
    0.99171692132949829,
    0.12360688298940659,
    0.33569678664207458,
    -0.022368205711245537,
    -0.12442664802074432,
    0.99197661876678467,
    0.059082545340061188,
    0,
    0,
    0,
    1
  ],
  "time" : 23782.294675250007,
  "projectionMatrix" : [
    1.6710569858551025,
    0,
    0.009601891040802002,
    0,
    0,
    2.2280759811401367,
    0.0022626519203186035,
    0,
    0,
    0,
    -0.9999997615814209,
    -0.00099999981466680765,
    0,
    0,
    -1,
    0
  ],
  "averageAngularVelocity" : 0.31829553842544556,
  "motionQuality" : 0.90905839204788208,
  "averageVelocity" : 0.2567209005355835,
  "cameraGrain" : 0
}