{
  "motionQuality" : 0.85161876678466797,
  "frame_index" : 245,
  "projectionMatrix" : [
    1.67011559009552,
    0,
    0.0098012089729309082,
    0,
    0,
    2.226820707321167,
    0.002306520938873291,
    0,
    0,
    0,
    -0.9999997615814209,
    -0.00099999981466680765,
    0,
    0,
    -1,
    0
  ],
  "cameraPoseARFrame" : [
    0.99296325445175171,
    0.099481217563152313,
    -0.064247742295265198,
    0.28889650106430054,
    -0.08015972375869751,
    0.96395516395568848,
    0.25370234251022339,
    0.22580274939537048,
    0.087170377373695374,
    -0.24676701426506042,
    0.96514636278152466,
    0.11680365353822708,
    0,
    0,
    0,
    1.0000002384185791
  ],
  "intrinsics" : [
    1603.3109130859375,
    0,
    950.0908203125,
    0,
    1603.3109130859375,
    721.16070556640625,
    0,
    0,
    1
  ],
  "exposureDuration" : 0.01666666753590107,
  "cameraGrain" : 0,
  "averageVelocity" : 0.2704346776008606,
  "time" : 23776.057733791673,
  "averageAngularVelocity" : 0.51933443546295166
}