{
  "motionQuality" : 0.9618149995803833,
  "time" : 23776.428618375005,
  "cameraPoseARFrame" : [
    0.99437642097473145,
    0.087444096803665161,
    -0.05974394828081131,
    0.28280168771743774,
    -0.067616507411003113,
    0.95839005708694458,
    0.27733835577964783,
    0.18238271772861481,
    0.081509612500667572,
    -0.27173903584480286,
    0.95891302824020386,
    0.16326013207435608,
    0,
    0,
    0,
    1.0000001192092896
  ],
  "averageVelocity" : 0.13364757597446442,
  "exposureDuration" : 0.01666666753590107,
  "frame_index" : 249,
  "averageAngularVelocity" : 0,
  "projectionMatrix" : [
    1.67011559009552,
    0,
    0.0097802281379699707,
    0,
    0,
    2.226820707321167,
    0.0023176670074462891,
    0,
    0,
    0,
    -0.9999997615814209,
    -0.00099999981466680765,
    0,
    0,
    -1,
    0
  ],
  "intrinsics" : [
    1603.3109130859375,
    0,
    950.1109619140625,
    0,
    1603.3109130859375,
    721.168701171875,
    0,
    0,
    1
  ],
  "cameraGrain" : 0
}