{
  "frame_index" : 375,
  "averageAngularVelocity" : 0.59344333410263062,
  "exposureDuration" : 0.01666666753590107,
  "time" : 23787.330931458338,
  "motionQuality" : 0.83044475317001343,
  "intrinsics" : [
    1600.1475830078125,
    0,
    950.17303466796875,
    0,
    1600.1475830078125,
    721.29913330078125,
    0,
    0,
    1
  ],
  "projectionMatrix" : [
    1.6668204069137573,
    0,
    0.0097156167030334473,
    0,
    0,
    2.2224271297454834,
    0.0024988055229187012,
    0,
    0,
    0,
    -0.9999997615814209,
    -0.00099999981466680765,
    0,
    0,
    -1,
    0
  ],
  "averageVelocity" : 0.31878858804702759,
  "cameraPoseARFrame" : [
    0.94618982076644897,
    -0.15991905331611633,
    0.28133761882781982,
    0.0026268176734447479,
    -0.00039443423156626523,
    0.86879545450210571,
    0.49517080187797546,
    0.10139875113964081,
    -0.32361212372779846,
    -0.46863654255867004,
    0.82198232412338257,
    0.29895272850990295,
    0,
    0,
    0,
    1.0000001192092896
  ],
  "cameraGrain" : 0.1194610595703125
}