{
  "projectionMatrix" : [
    1.6762350797653198,
    0,
    0.01008981466293335,
    0,
    0,
    2.2349801063537598,
    0.0024619102478027344,
    0,
    0,
    0,
    -0.9999997615814209,
    -0.00099999981466680765,
    0,
    0,
    -1,
    0
  ],
  "motionQuality" : 0.90936601161956787,
  "exposureDuration" : 0.01666666753590107,
  "frame_index" : 210,
  "cameraPoseARFrame" : [
    0.97235536575317383,
    0.2117147296667099,
    -0.098499365150928497,
    0.4273037314414978,
    -0.14367938041687012,
    0.87498569488525391,
    0.46233779191970825,
    0.083712652325630188,
    0.18406905233860016,
    -0.43540433049201965,
    0.88121610879898071,
    0.2313990592956543,
    0,
    0,
    0,
    1.0000001192092896
  ],
  "averageAngularVelocity" : 0.31721898913383484,
  "averageVelocity" : 0.11748479306697845,
  "intrinsics" : [
    1609.1856689453125,
    0,
    949.81378173828125,
    0,
    1609.1856689453125,
    721.2725830078125,
    0,
    0,
    1
  ],
  "time" : 23772.923731541672,
  "cameraGrain" : 0.24508105218410492
}