{
  "intrinsics" : [
    1605.1185302734375,
    0,
    950.43438720703125,
    0,
    1605.1185302734375,
    721.12420654296875,
    0,
    0,
    1
  ],
  "averageAngularVelocity" : 0.11137878149747849,
  "frame_index" : 307,
  "cameraGrain" : 0,
  "exposureDuration" : 0.01666666753590107,
  "motionQuality" : 0.96817749738693237,
  "time" : 23781.394918250004,
  "averageVelocity" : 0.10799048095941544,
  "cameraPoseARFrame" : [
    0.99961274862289429,
    -0.0035621316637843847,
    -0.027604425325989723,
    0.24609647691249847,
    0.0042160181328654289,
    0.99971103668212891,
    0.023665774613618851,
    0.39587268233299255,
    0.027512062340974808,
    -0.023772984743118286,
    0.99933880567550659,
    0.048037104308605194,
    0,
    0,
    0,
    1.0000001192092896
  ],
  "projectionMatrix" : [
    1.6719985008239746,
    0,
    0.0094433426856994629,
    0,
    0,
    2.2293312549591064,
    0.002255856990814209,
    0,
    0,
    0,
    -0.9999997615814209,
    -0.00099999981466680765,
    0,
    0,
    -1,
    0
  ]
}