{
  "projectionMatrix" : [
    1.6715277433395386,
    0,
    0.0095019936561584473,
    0,
    0,
    2.2287037372589111,
    0.0022642612457275391,
    0,
    0,
    0,
    -0.9999997615814209,
    -0.00099999981466680765,
    0,
    0,
    -1,
    0
  ],
  "averageVelocity" : 0.23688027262687683,
  "cameraPoseARFrame" : [
    0.99986523389816284,
    0.00084374862490221858,
    -0.016399716958403587,
    0.18925477564334869,
    0.00084648525808006525,
    0.99470329284667969,
    0.10278479009866714,
    0.35537233948707581,
    0.016399441286921501,
    -0.10278482735157013,
    0.99456846714019775,
    0.082642398774623871,
    0,
    0,
    0,
    1.0000001192092896
  ],
  "cameraGrain" : 0.00059482030337676406,
  "time" : 23778.227188791672,
  "motionQuality" : 0.89056527614593506,
  "exposureDuration" : 0.01666666753590107,
  "averageAngularVelocity" : 0.38302159309387207,
  "intrinsics" : [
    1604.6666259765625,
    0,
    950.37811279296875,
    0,
    1604.6666259765625,
    721.1302490234375,
    0,
    0,
    1
  ],
  "frame_index" : 270
}