{
  "averageAngularVelocity" : 0.35869082808494568,
  "averageVelocity" : 0.27243906259536743,
  "time" : 23773.325817958339,
  "cameraPoseARFrame" : [
    0.93914794921875,
    0.33532524108886719,
    -0.074556164443492889,
    0.43214675784111023,
    -0.24830274283885956,
    0.81264424324035645,
    0.52721470594406128,
    0.1480395644903183,
    0.23737587034702301,
    -0.47662001848220825,
    0.8464551568031311,
    0.19128930568695068,
    0,
    0,
    0,
    1.0000001192092896
  ],
  "frame_index" : 215,
  "cameraGrain" : 0.24093861877918243,
  "exposureDuration" : 0.01666666753590107,
  "motionQuality" : 0.89751690626144409,
  "projectionMatrix" : [
    1.6687033176422119,
    0,
    0.010404884815216064,
    0,
    0,
    2.2249376773834229,
    0.0025560259819030762,
    0,
    0,
    0,
    -0.9999997615814209,
    -0.00099999981466680765,
    0,
    0,
    -1,
    0
  ],
  "intrinsics" : [
    1601.9552001953125,
    0,
    949.51129150390625,
    0,
    1601.9552001953125,
    721.34033203125,
    0,
    0,
    1
  ]
}