{
  "cameraGrain" : 0,
  "averageAngularVelocity" : 0.1054084450006485,
  "averageVelocity" : 0.10454043745994568,
  "cameraPoseARFrame" : [
    0.99466276168823242,
    0.03167145699262619,
    -0.098198316991329193,
    0.24658308923244476,
    -0.0077542769722640514,
    0.97197794914245605,
    0.23494352400302887,
    0.28536853194236755,
    0.10288762301206589,
    -0.23292814195156097,
    0.96703594923019409,
    0.1382470428943634,
    0,
    0,
    0,
    1
  ],
  "motionQuality" : 0.96988332271575928,
  "exposureDuration" : 0.01666666753590107,
  "frame_index" : 74,
  "intrinsics" : [
    1609.6375732421875,
    0,
    950.27215576171875,
    0,
    1609.6375732421875,
    721.16046142578125,
    0,
    0,
    1
  ],
  "projectionMatrix" : [
    1.6767058372497559,
    0,
    0.0096123218536376953,
    0,
    0,
    2.2356076240539551,
    0.0023062229156494141,
    0,
    0,
    0,
    -0.9999997615814209,
    -0.00099999981466680765,
    0,
    0,
    -1,
    0
  ],
  "time" : 23761.153489416673
}