{
  "cameraGrain" : 0.1234959214925766,
  "averageAngularVelocity" : 0.15299782156944275,
  "averageVelocity" : 0.13911797106266022,
  "cameraPoseARFrame" : [
    0.9843515157699585,
    0.072599776089191437,
    -0.16056670248508453,
    0.27921825647354126,
    -0.014698958024382591,
    0.94184035062789917,
    0.3357386589050293,
    0.17454837262630463,
    0.17560259997844696,
    -0.32812467217445374,
    0.92816901206970215,
    0.27192619442939758,
    0,
    0,
    0,
    1.0000001192092896
  ],
  "motionQuality" : 0.95628631114959717,
  "exposureDuration" : 0.01666666753590107,
  "frame_index" : 54,
  "intrinsics" : [
    1599.6956787109375,
    0,
    950.2147216796875,
    0,
    1599.6956787109375,
    721.20001220703125,
    0,
    0,
    1
  ],
  "projectionMatrix" : [
    1.6663496494293213,
    0,
    0.0096721649169921875,
    0,
    0,
    2.2217996120452881,
    0.0023611187934875488,
    0,
    0,
    0,
    -0.9999997615814209,
    -0.00099999981466680765,
    0,
    0,
    -1,
    0
  ],
  "time" : 23759.521410000005
}