{
  "cameraGrain" : 0.2668699324131012,
  "frame_index" : 159,
  "projectionMatrix" : [
    1.6574057340621948,
    0,
    0.0096412897109985352,
    0,
    0,
    2.2098743915557861,
    0.0023711919784545898,
    0,
    0,
    0,
    -0.9999997615814209,
    -0.00099999981466680765,
    0,
    0,
    -1,
    0
  ],
  "averageAngularVelocity" : 0.1309799998998642,
  "averageVelocity" : 0.13260988891124725,
  "cameraPoseARFrame" : [
    0.67708408832550049,
    -0.25434708595275879,
    0.69055414199829102,
    0.01939908042550087,
    -0.0056185410358011723,
    0.93655896186828613,
    0.35046523809432983,
    0.076830893754959106,
    -0.73588442802429199,
    -0.24117431044578552,
    0.63269996643066406,
    0.44416341185569763,
    0,
    0,
    0,
    1.0000002384185791
  ],
  "intrinsics" : [
    1591.1094970703125,
    0,
    950.244384765625,
    0,
    1591.1094970703125,
    721.207275390625,
    0,
    0,
    1
  ],
  "exposureDuration" : 0.01666666753590107,
  "time" : 23768.52187545834,
  "motionQuality" : 0.96211147308349609
}