{
  "cameraGrain" : 0.28236058354377747,
  "cameraPoseARFrame" : [
    0.97274863719940186,
    0.093060091137886047,
    -0.21236781775951385,
    0.33649206161499023,
    0.020115941762924194,
    0.87859511375427246,
    0.47714352607727051,
    0.053874872624874115,
    0.23098817467689514,
    -0.46841269731521606,
    0.85278022289276123,
    0.34595006704330444,
    0,
    0,
    0,
    1
  ],
  "intrinsics" : [
    1607.8299560546875,
    0,
    950.22686767578125,
    0,
    1607.8299560546875,
    721.29010009765625,
    0,
    0,
    1
  ],
  "averageAngularVelocity" : 0.46121895313262939,
  "averageVelocity" : 0.12304297089576721,
  "exposureDuration" : 0.01666666753590107,
  "motionQuality" : 0.86822319030761719,
  "frame_index" : 193,
  "time" : 23771.489122375006,
  "projectionMatrix" : [
    1.6748229265213013,
    0,
    0.0096595287322998047,
    0,
    0,
    2.2330970764160156,
    0.0024862289428710938,
    0,
    0,
    0,
    -0.9999997615814209,
    -0.00099999981466680765,
    0,
    0,
    -1,
    0
  ]
}