{
  "cameraGrain" : 0,
  "averageAngularVelocity" : 0.09824565052986145,
  "averageVelocity" : 0.10052791237831116,
  "cameraPoseARFrame" : [
    0.99431514739990234,
    0.0318148173391819,
    -0.10161460191011429,
    0.24907499551773071,
    -0.0068744276650249958,
    0.9715084433555603,
    0.23690517246723175,
    0.2837662398815155,
    0.10625638067722321,
    -0.23485983908176422,
    0.96620422601699829,
    0.14047540724277496,
    0,
    0,
    0,
    1.0000002384185791
  ],
  "motionQuality" : 0.97127771377563477,
  "exposureDuration" : 0.01666666753590107,
  "frame_index" : 73,
  "intrinsics" : [
    1609.6375732421875,
    0,
    950.2740478515625,
    0,
    1609.6375732421875,
    721.1612548828125,
    0,
    0,
    1
  ],
  "projectionMatrix" : [
    1.6767058372497559,
    0,
    0.0096103549003601074,
    0,
    0,
    2.2356076240539551,
    0.0023072957992553711,
    0,
    0,
    0,
    -0.9999997615814209,
    -0.00099999981466680765,
    0,
    0,
    -1,
    0
  ],
  "time" : 23761.120571791671
}