{
  "cameraGrain" : 0,
  "averageAngularVelocity" : 0.28076830506324768,
  "averageVelocity" : 0.13221888244152069,
  "cameraPoseARFrame" : [
    0.97544974088668823,
    -0.075656823813915253,
    0.20681869983673096,
    0.11358966678380966,
    -0.0031159883365035057,
    0.93429970741271973,
    0.35647466778755188,
    0.15138009190559387,
    -0.2202005535364151,
    -0.34836757183074951,
    0.91112655401229858,
    0.31029137969017029,
    0,
    0,
    0,
    1.0000001192092896
  ],
  "motionQuality" : 0.91978049278259277,
  "exposureDuration" : 0.01666666753590107,
  "frame_index" : 36,
  "intrinsics" : [
    1597.8880615234375,
    0,
    950.24951171875,
    0,
    1597.8880615234375,
    721.21685791015625,
    0,
    0,
    1
  ],
  "projectionMatrix" : [
    1.6644667387008667,
    0,
    0.00963592529296875,
    0,
    0,
    2.2192890644073486,
    0.0023845434188842773,
    0,
    0,
    0,
    -0.9999997615814209,
    -0.00099999981466680765,
    0,
    0,
    -1,
    0
  ],
  "time" : 23758.019792250005
}