{
  "cameraGrain" : 0.26918721199035645,
  "frame_index" : 158,
  "projectionMatrix" : [
    1.661171555519104,
    0,
    0.0096275806427001953,
    0,
    0,
    2.214895486831665,
    0.0023673176765441895,
    0,
    0,
    0,
    -0.9999997615814209,
    -0.00099999981466680765,
    0,
    0,
    -1,
    0
  ],
  "averageAngularVelocity" : 0,
  "averageVelocity" : 0.13862892985343933,
  "cameraPoseARFrame" : [
    0.67189282178878784,
    -0.25279176235198975,
    0.69617277383804321,
    0.015187633223831654,
    -0.0012672466691583395,
    0.93955659866333008,
    0.34239143133163452,
    0.084286652505397797,
    -0.74064749479293823,
    -0.23093253374099731,
    0.63096082210540771,
    0.44361567497253418,
    0,
    0,
    0,
    1
  ],
  "intrinsics" : [
    1594.7247314453125,
    0,
    950.25750732421875,
    0,
    1594.7247314453125,
    721.2044677734375,
    0,
    0,
    1
  ],
  "exposureDuration" : 0.01666666753590107,
  "time" : 23768.454565791671,
  "motionQuality" : 0.96039175987243652
}