{
  "cameraPoseARFrame" : [
    0.97965121269226074,
    -0.1750861257314682,
    0.098125621676445007,
    -0.086607262492179871,
    0.10969623178243637,
    0.87648934125900269,
    0.46875706315040588,
    0.077903732657432556,
    -0.1680789589881897,
    -0.44845438003540039,
    0.87786006927490234,
    0.31758949160575867,
    0,
    0,
    0,
    1.0000001192092896
  ],
  "motionQuality" : 0.79380190372467041,
  "intrinsics" : [
    1600.1475830078125,
    0,
    950.4742431640625,
    0,
    1600.1475830078125,
    721.302490234375,
    0,
    0,
    1
  ],
  "projectionMatrix" : [
    1.6668204069137573,
    0,
    0.009401857852935791,
    0,
    0,
    2.2224271297454834,
    0.0025034546852111816,
    0,
    0,
    0,
    -0.9999997615814209,
    -0.00099999981466680765,
    0,
    0,
    -1,
    0
  ],
  "exposureDuration" : 0.01666666753590107,
  "time" : 23786.99688416667,
  "averageAngularVelocity" : 0.72169339656829834,
  "cameraGrain" : 0.14192798733711243,
  "frame_index" : 371,
  "averageVelocity" : 0.17491869628429413
}