{
  "averageVelocity" : 0.013090995140373707,
  "cameraGrain" : 0.0616651251912117,
  "exposureDuration" : 0.01666666753590107,
  "cameraPoseARFrame" : [
    0.9757651686668396,
    -0.066688857972621918,
    0.20841073989868164,
    0.11502818018198013,
    -0.0085477381944656372,
    0.94008404016494751,
    0.34083539247512817,
    0.15836799144744873,
    -0.21865364909172058,
    -0.33435675501823425,
    0.91673117876052856,
    0.44570440053939819,
    0,
    0,
    0,
    1
  ],
  "averageAngularVelocity" : 0,
  "frame_index" : 346,
  "intrinsics" : [
    1600.5994873046875,
    0,
    950.23907470703125,
    0,
    1600.5994873046875,
    721.20233154296875,
    0,
    0,
    1
  ],
  "time" : 23784.861302250007,
  "projectionMatrix" : [
    1.6672911643981934,
    0,
    0.0096467733383178711,
    0,
    0,
    2.2230548858642578,
    0.0023643374443054199,
    0,
    0,
    0,
    -0.9999997615814209,
    -0.00099999981466680765,
    0,
    0,
    -1,
    0
  ],
  "motionQuality" : 0.99281734228134155
}