{
  "cameraGrain" : 0.04351087287068367,
  "averageAngularVelocity" : 0.11168411374092102,
  "averageVelocity" : 0.14212785661220551,
  "cameraPoseARFrame" : [
    0.9909777045249939,
    0.032820064574480057,
    -0.12994767725467682,
    0.27080073952674866,
    0.0029923843685537577,
    0.96389532089233398,
    0.26626461744308472,
    0.26331156492233276,
    0.1339946836233139,
    -0.26425114274024963,
    0.95510047674179077,
    0.16848006844520569,
    0,
    0,
    0,
    1.0000001192092896
  ],
  "motionQuality" : 0.95939207077026367,
  "exposureDuration" : 0.01666666753590107,
  "frame_index" : 69,
  "intrinsics" : [
    1606.9261474609375,
    0,
    950.2830810546875,
    0,
    1606.9261474609375,
    721.172607421875,
    0,
    0,
    1
  ],
  "projectionMatrix" : [
    1.6738814115524292,
    0,
    0.0096009373664855957,
    0,
    0,
    2.2318418025970459,
    0.0023230910301208496,
    0,
    0,
    0,
    -0.9999997615814209,
    -0.00099999981466680765,
    0,
    0,
    -1,
    0
  ],
  "time" : 23760.720799375005
}