{
  "cameraGrain" : 0.098808236420154572,
  "averageAngularVelocity" : 0,
  "averageVelocity" : 0.10700763016939163,
  "cameraPoseARFrame" : [
    0.98740345239639282,
    0.063763990998268127,
    -0.14480644464492798,
    0.29901385307312012,
    -0.017047885805368423,
    0.95274698734283447,
    0.30328616499900818,
    0.20982180535793304,
    0.15730246901512146,
    -0.29699715971946716,
    0.94183254241943359,
    0.21887990832328796,
    0,
    0,
    0,
    1.0000001192092896
  ],
  "motionQuality" : 0.96942639350891113,
  "exposureDuration" : 0.01666666753590107,
  "frame_index" : 61,
  "intrinsics" : [
    1600.1475830078125,
    0,
    950.21368408203125,
    0,
    1600.1475830078125,
    721.1849365234375,
    0,
    0,
    1
  ],
  "projectionMatrix" : [
    1.6668204069137573,
    0,
    0.0096732378005981445,
    0,
    0,
    2.2224271297454834,
    0.0023401975631713867,
    0,
    0,
    0,
    -0.9999997615814209,
    -0.00099999981466680765,
    0,
    0,
    -1,
    0
  ],
  "time" : 23760.119130666673
}