{
  "time" : 23780.159274583337,
  "frame_index" : 293,
  "motionQuality" : 0.96318507194519043,
  "averageAngularVelocity" : 0.12885214388370514,
  "cameraGrain" : 0,
  "averageVelocity" : 0.079880349338054657,
  "cameraPoseARFrame" : [
    0.92535907030105591,
    -0.11808183044195175,
    0.36023250222206116,
    -0.035568047314882278,
    0.011707327328622341,
    0.95869898796081543,
    0.28418156504631042,
    0.19396965205669403,
    -0.3789113461971283,
    -0.25875258445739746,
    0.88852310180664062,
    0.16869378089904785,
    0,
    0,
    0,
    1.0000001192092896
  ],
  "exposureDuration" : 0.01666666753590107,
  "projectionMatrix" : [
    1.6705862283706665,
    0,
    0.0095528364181518555,
    0,
    0,
    2.2274484634399414,
    0.0023325681686401367,
    0,
    0,
    0,
    -0.9999997615814209,
    -0.00099999981466680765,
    0,
    0,
    -1,
    0
  ],
  "intrinsics" : [
    1603.7628173828125,
    0,
    950.32928466796875,
    0,
    1603.7628173828125,
    721.179443359375,
    0,
    0,
    1
  ]
}