{
  "intrinsics" : [
    1607.8299560546875,
    0,
    950.2978515625,
    0,
    1607.8299560546875,
    721.28289794921875,
    0,
    0,
    1
  ],
  "frame_index" : 198,
  "motionQuality" : 0.94626963138580322,
  "cameraPoseARFrame" : [
    0.92630553245544434,
    0.13563345372676849,
    -0.35151371359825134,
    0.36897945404052734,
    0.044761445373296738,
    0.88673490285873413,
    0.4601062536239624,
    0.057189136743545532,
    0.37410509586334229,
    -0.44193324446678162,
    0.81531625986099243,
    0.33651098608970642,
    0,
    0,
    0,
    1.0000002384185791
  ],
  "averageAngularVelocity" : 0.18805620074272156,
  "projectionMatrix" : [
    1.6748229265213013,
    0,
    0.0095855593681335449,
    0,
    0,
    2.2330970764160156,
    0.0024762749671936035,
    0,
    0,
    0,
    -0.9999997615814209,
    -0.00099999981466680765,
    0,
    0,
    -1,
    0
  ],
  "time" : 23771.891092625006,
  "averageVelocity" : 0.046561073511838913,
  "cameraGrain" : 0.26573827862739563,
  "exposureDuration" : 0.01666666753590107
}