{
  "cameraGrain" : 0.38896685838699341,
  "projectionMatrix" : [
    1.6762350797653198,
    0,
    0.0094189047813415527,
    0,
    0,
    2.2349801063537598,
    0.0022588372230529785,
    0,
    0,
    0,
    -0.9999997615814209,
    -0.00099999981466680765,
    0,
    0,
    -1,
    0
  ],
  "intrinsics" : [
    1609.1856689453125,
    0,
    950.45782470703125,
    0,
    1609.1856689453125,
    721.1263427734375,
    0,
    0,
    1
  ],
  "frame_index" : 136,
  "exposureDuration" : 0.01666666753590107,
  "cameraPoseARFrame" : [
    0.77018493413925171,
    -0.030760630965232849,
    0.63707864284515381,
    -0.09406135231256485,
    0.01505617331713438,
    0.99943488836288452,
    0.030054701492190361,
    0.4228794276714325,
    -0.63764315843582153,
    -0.013555707409977913,
    0.77021270990371704,
    0.36654388904571533,
    0,
    0,
    0,
    1.0000001192092896
  ],
  "motionQuality" : 0.98298710584640503,
  "time" : 23766.455673250006,
  "averageVelocity" : 0.042127080261707306,
  "averageAngularVelocity" : 0.059545177966356277
}