{
  "intrinsics" : [
    1605.1185302734375,
    0,
    950.4302978515625,
    0,
    1605.1185302734375,
    721.124267578125,
    0,
    0,
    1
  ],
  "averageAngularVelocity" : 0.10719478130340576,
  "frame_index" : 306,
  "cameraGrain" : 0.076692089438438416,
  "exposureDuration" : 0.01666666753590107,
  "motionQuality" : 0.96426093578338623,
  "time" : 23781.327235083339,
  "averageVelocity" : 0.125086709856987,
  "cameraPoseARFrame" : [
    0.999744713306427,
    -0.002677176846191287,
    -0.022440912202000618,
    0.24335382878780365,
    0.0033224860671907663,
    0.99958062171936035,
    0.028768189251422882,
    0.39378154277801514,
    0.022354308515787125,
    -0.028835400938987732,
    0.99933421611785889,
    0.053948156535625458,
    0,
    0,
    0,
    1.0000002384185791
  ],
  "projectionMatrix" : [
    1.6719985008239746,
    0,
    0.009447634220123291,
    0,
    0,
    2.2293312549591064,
    0.0022559165954589844,
    0,
    0,
    0,
    -0.9999997615814209,
    -0.00099999981466680765,
    0,
    0,
    -1,
    0
  ]
}