{
  "exposureDuration" : 0.01666666753590107,
  "motionQuality" : 0.93074876070022583,
  "averageVelocity" : 0.202607661485672,
  "projectionMatrix" : [
    1.6710569858551025,
    0,
    0.0095564723014831543,
    0,
    0,
    2.2280759811401367,
    0.0022870302200317383,
    0,
    0,
    0,
    -0.9999997615814209,
    -0.00099999981466680765,
    0,
    0,
    -1,
    0
  ],
  "averageAngularVelocity" : 0.24237942695617676,
  "time" : 23777.992016375007,
  "cameraPoseARFrame" : [
    0.99989479780197144,
    0.00010118292993865907,
    0.014510783366858959,
    0.16944962739944458,
    -0.0028465122450143099,
    0.98191529512405396,
    0.18929913640022278,
    0.30322170257568359,
    -0.014229297637939453,
    -0.18932053446769714,
    0.9818122386932373,
    0.09926808625459671,
    0,
    0,
    0,
    1.0000001192092896
  ],
  "intrinsics" : [
    1604.2147216796875,
    0,
    950.3258056640625,
    0,
    1604.2147216796875,
    721.14666748046875,
    0,
    0,
    1
  ],
  "cameraGrain" : 0,
  "frame_index" : 267
}