{
  "cameraGrain" : 0,
  "averageAngularVelocity" : 0.26428896188735962,
  "averageVelocity" : 0.18674840033054352,
  "cameraPoseARFrame" : [
    0.99904829263687134,
    -0.015404353849589825,
    0.040811177343130112,
    0.15448431670665741,
    0.0087765594944357872,
    0.98742270469665527,
    0.15785874426364899,
    0.33249890804290771,
    -0.042729657143354416,
    -0.1573503166437149,
    0.9866180419921875,
    0.12169308215379715,
    0,
    0,
    0,
    1.0000001192092896
  ],
  "motionQuality" : 0.92448884248733521,
  "exposureDuration" : 0.01666666753590107,
  "frame_index" : 84,
  "intrinsics" : [
    1605.1185302734375,
    0,
    950.35357666015625,
    0,
    1605.1185302734375,
    721.1412353515625,
    0,
    0,
    1
  ],
  "projectionMatrix" : [
    1.6719985008239746,
    0,
    0.0095275044441223145,
    0,
    0,
    2.2293312549591064,
    0.0022795200347900391,
    0,
    0,
    0,
    -0.9999997615814209,
    -0.00099999981466680765,
    0,
    0,
    -1,
    0
  ],
  "time" : 23762.01919558334
}