{
  "projectionMatrix" : [
    1.6677619218826294,
    0,
    0.0096682906150817871,
    0,
    0,
    2.2236824035644531,
    0.002364039421081543,
    0,
    0,
    0,
    -0.9999997615814209,
    -0.00099999981466680765,
    0,
    0,
    -1,
    0
  ],
  "averageVelocity" : 0,
  "cameraGrain" : 0.062449317425489426,
  "motionQuality" : 0.98856478929519653,
  "time" : 23785.029890000005,
  "exposureDuration" : 0.01666666753590107,
  "averageAngularVelocity" : 0.04002327099442482,
  "intrinsics" : [
    1601.0513916015625,
    0,
    950.21844482421875,
    0,
    1601.0513916015625,
    721.20208740234375,
    0,
    0,
    1
  ],
  "frame_index" : 348,
  "cameraPoseARFrame" : [
    0.97489994764328003,
    -0.060998544096946716,
    0.21412491798400879,
    0.11662832647562027,
    -0.01636812649667263,
    0.93949854373931885,
    0.342161625623703,
    0.15897259116172791,
    -0.2220415323972702,
    -0.33707812428474426,
    0.91491848230361938,
    0.4467155933380127,
    0,
    0,
    0,
    1
  ]
}