{
  "projectionMatrix" : [
    1.67011559009552,
    0,
    0.0097289681434631348,
    0,
    0,
    2.226820707321167,
    0.0023171901702880859,
    0,
    0,
    0,
    -0.9999997615814209,
    -0.00099999981466680765,
    0,
    0,
    -1,
    0
  ],
  "exposureDuration" : 0.01666666753590107,
  "frame_index" : 255,
  "cameraPoseARFrame" : [
    0.99710708856582642,
    0.062634043395519257,
    -0.043065045028924942,
    0.27844128012657166,
    -0.04851185530424118,
    0.96055692434310913,
    0.27381935715675354,
    0.16543653607368469,
    0.0585167296230793,
    -0.27093803882598877,
    0.96081662178039551,
    0.18641586601734161,
    0,
    0,
    0,
    1.0000002384185791
  ],
  "time" : 23776.958032208338,
  "averageVelocity" : 0,
  "averageAngularVelocity" : 0.10507809370756149,
  "cameraGrain" : 0.074925124645233154,
  "intrinsics" : [
    1603.3109130859375,
    0,
    950.16021728515625,
    0,
    1603.3109130859375,
    721.16839599609375,
    0,
    0,
    1
  ],
  "motionQuality" : 0.96997767686843872
}