{
  "exposureDuration" : 0.01666666753590107,
  "intrinsics" : [
    1599.6956787109375,
    0,
    949.63232421875,
    0,
    1599.6956787109375,
    721.3446044921875,
    0,
    0,
    1
  ],
  "motionQuality" : 0.77745163440704346,
  "cameraPoseARFrame" : [
    0.79826164245605469,
    -0.18470156192779541,
    0.573292076587677,
    0.06889430433511734,
    -0.20265492796897888,
    0.81396377086639404,
    0.54442071914672852,
    0.10294228047132492,
    -0.56719440221786499,
    -0.55077058076858521,
    0.61232537031173706,
    0.25263509154319763,
    0,
    0,
    0,
    1
  ],
  "frame_index" : 380,
  "time" : 23787.733143041671,
  "averageVelocity" : 0.12650945782661438,
  "cameraGrain" : 0.13776446878910065,
  "averageAngularVelocity" : 0.77891933917999268,
  "projectionMatrix" : [
    1.6663496494293213,
    0,
    0.010278820991516113,
    0,
    0,
    2.2217996120452881,
    0.0025619268417358398,
    0,
    0,
    0,
    -0.9999997615814209,
    -0.00099999981466680765,
    0,
    0,
    -1,
    0
  ]
}