{
  "motionQuality" : 0.93399524688720703,
  "cameraPoseARFrame" : [
    0.78505802154541016,
    -0.1666659414768219,
    0.59657883644104004,
    0.068821370601654053,
    -0.25862166285514832,
    0.78696280717849731,
    0.56018221378326416,
    0.10893460363149643,
    -0.56284886598587036,
    -0.59406387805938721,
    0.57470798492431641,
    0.24128741025924683,
    0,
    0,
    0,
    1
  ],
  "frame_index" : 382,
  "averageAngularVelocity" : 0.23101659119129181,
  "cameraGrain" : 0.14600661396980286,
  "time" : 23787.896854083338,
  "exposureDuration" : 0.01666666753590107,
  "projectionMatrix" : [
    1.6668204069137573,
    0,
    0.010442793369293213,
    0,
    0,
    2.2224271297454834,
    0.002602696418762207,
    0,
    0,
    0,
    -0.9999997615814209,
    -0.00099999981466680765,
    0,
    0,
    -1,
    0
  ],
  "averageVelocity" : 0.074844732880592346,
  "intrinsics" : [
    1600.1475830078125,
    0,
    949.47491455078125,
    0,
    1600.1475830078125,
    721.37396240234375,
    0,
    0,
    1
  ]
}