{
  "frame_index" : 383,
  "cameraGrain" : 0.14672578871250153,
  "intrinsics" : [
    1599.6956787109375,
    0,
    949.39794921875,
    0,
    1599.6956787109375,
    721.3721923828125,
    0,
    0,
    1
  ],
  "averageAngularVelocity" : 0.17223182320594788,
  "averageVelocity" : 0.095994897186756134,
  "exposureDuration" : 0.01666666753590107,
  "motionQuality" : 0.9507908821105957,
  "time" : 23787.997131958338,
  "projectionMatrix" : [
    1.6663496494293213,
    0,
    0.010522961616516113,
    0,
    0,
    2.2217996120452881,
    0.002600252628326416,
    0,
    0,
    0,
    -0.9999997615814209,
    -0.00099999981466680765,
    0,
    0,
    -1,
    0
  ],
  "cameraPoseARFrame" : [
    0.7841726541519165,
    -0.13199742138385773,
    0.6063416600227356,
    0.073180735111236572,
    -0.29084613919258118,
    0.78496330976486206,
    0.54702937602996826,
    0.11580918729305267,
    -0.54816246032714844,
    -0.60531753301620483,
    0.5771557092666626,
    0.2358877956867218,
    0,
    0,
    0,
    1.0000001192092896
  ]
}