{
  "exposureDuration" : 0.01666666753590107,
  "averageAngularVelocity" : 0.32406806945800781,
  "projectionMatrix" : [
    1.6757643222808838,
    0,
    0.0094651579856872559,
    0,
    0,
    2.2343523502349854,
    0.0022626519203186035,
    0,
    0,
    0,
    -0.9999997615814209,
    -0.00099999981466680765,
    0,
    0,
    -1,
    0
  ],
  "cameraPoseARFrame" : [
    0.75676542520523071,
    -0.059975955635309219,
    0.65092933177947998,
    -0.094501063227653503,
    0.0065564475953578949,
    0.99642825126647949,
    0.084187395870685577,
    0.37666437029838562,
    -0.65365368127822876,
    -0.059442326426506042,
    0.75445568561553955,
    0.36627677083015442,
    0,
    0,
    0,
    1
  ],
  "averageVelocity" : 0.27402272820472717,
  "cameraGrain" : 0.36420765519142151,
  "motionQuality" : 0.90740913152694702,
  "intrinsics" : [
    1608.7337646484375,
    0,
    950.4134521484375,
    0,
    1608.7337646484375,
    721.12908935546875,
    0,
    0,
    1
  ],
  "time" : 23766.723191791672,
  "frame_index" : 139
}