{
  "cameraGrain" : 0.38896685838699341,
  "projectionMatrix" : [
    1.6762350797653198,
    0,
    0.0094195008277893066,
    0,
    0,
    2.2349801063537598,
    0.0022591352462768555,
    0,
    0,
    0,
    -0.9999997615814209,
    -0.00099999981466680765,
    0,
    0,
    -1,
    0
  ],
  "frame_index" : 137,
  "intrinsics" : [
    1609.1856689453125,
    0,
    950.457275390625,
    0,
    1609.1856689453125,
    721.1265869140625,
    0,
    0,
    1
  ],
  "exposureDuration" : 0.01666666753590107,
  "cameraPoseARFrame" : [
    0.76619511842727661,
    -0.034030470997095108,
    0.64170646667480469,
    -0.093444041907787323,
    0.01551729254424572,
    0.99928539991378784,
    0.0344657301902771,
    0.41963291168212891,
    -0.64242088794708252,
    -0.016449922695755959,
    0.76617550849914551,
    0.3682732880115509,
    0,
    0,
    0,
    1
  ],
  "motionQuality" : 0.97497797012329102,
  "time" : 23766.52310045834,
  "averageVelocity" : 0.05041121318936348,
  "averageAngularVelocity" : 0
}