{
  "motionQuality" : 0.95797920227050781,
  "averageVelocity" : 0.09095541387796402,
  "intrinsics" : [
    1608.2818603515625,
    0,
    950.346923828125,
    0,
    1608.2818603515625,
    721.14410400390625,
    0,
    0,
    1
  ],
  "time" : 23765.322768541671,
  "exposureDuration" : 0.01666666753590107,
  "cameraPoseARFrame" : [
    0.79567182064056396,
    -0.10616355389356613,
    0.59635210037231445,
    -0.13187840580940247,
    0.0019501548958942294,
    0.98496502637863159,
    0.17274308204650879,
    0.30578526854515076,
    -0.6057249903678894,
    -0.13628381490707397,
    0.78391587734222412,
    0.27772364020347595,
    0,
    0,
    0,
    1.0000001192092896
  ],
  "frame_index" : 123,
  "averageAngularVelocity" : 0.14707279205322266,
  "cameraGrain" : 0.3225843608379364,
  "projectionMatrix" : [
    1.6752935647964478,
    0,
    0.0095344781875610352,
    0,
    0,
    2.23372483253479,
    0.0022834539413452148,
    0,
    0,
    0,
    -0.9999997615814209,
    -0.00099999981466680765,
    0,
    0,
    -1,
    0
  ]
}