{
  "motionQuality" : 0.9950946569442749,
  "cameraPoseARFrame" : [
    0.87377011775970459,
    -0.16641624271869659,
    0.45698118209838867,
    0.026400711387395859,
    -0.011118769645690918,
    0.93255287408828735,
    0.36086216568946838,
    0.15333811938762665,
    -0.48621246218681335,
    -0.32039156556129456,
    0.81298637390136719,
    0.39081943035125732,
    0,
    0,
    0,
    1.0000001192092896
  ],
  "time" : 23756.549739541671,
  "cameraGrain" : 0.13694283366203308,
  "frame_index" : 19,
  "projectionMatrix" : [
    1.6734106540679932,
    0,
    0.0096642971038818359,
    0,
    0,
    2.2312142848968506,
    0.0023917555809020996,
    0,
    0,
    0,
    -0.9999997615814209,
    -0.00099999981466680765,
    0,
    0,
    -1,
    0
  ],
  "averageVelocity" : 0.011124862357974052,
  "exposureDuration" : 0.01666666753590107,
  "intrinsics" : [
    1606.4742431640625,
    0,
    950.2222900390625,
    0,
    1606.4742431640625,
    721.2220458984375,
    0,
    0,
    1
  ],
  "averageAngularVelocity" : 0.017168663442134857
}