{
  "projectionMatrix" : [
    1.6734106540679932,
    0,
    0.0096679329872131348,
    0,
    0,
    2.2312142848968506,
    0.0023924708366394043,
    0,
    0,
    0,
    -0.9999997615814209,
    -0.00099999981466680765,
    0,
    0,
    -1,
    0
  ],
  "cameraPoseARFrame" : [
    0.85855650901794434,
    -0.17827330529689789,
    0.48072806000709534,
    0.024321148172020912,
    -0.0092910286039113998,
    0.93204176425933838,
    0.36223188042640686,
    0.15192314982414246,
    -0.51263493299484253,
    -0.31546297669410706,
    0.79855406284332275,
    0.4076363742351532,
    0,
    0,
    0,
    1.0000002384185791
  ],
  "cameraGrain" : 0.15232162177562714,
  "intrinsics" : [
    1606.4742431640625,
    0,
    950.21881103515625,
    0,
    1606.4742431640625,
    721.22259521484375,
    0,
    0,
    1
  ],
  "motionQuality" : 0.98971933126449585,
  "frame_index" : 11,
  "time" : 23755.918118625006,
  "averageVelocity" : 0.028362786397337914,
  "averageAngularVelocity" : 0.035982277244329453,
  "exposureDuration" : 0.01666666753590107
}