{
  "averageVelocity" : 0.36533236503601074,
  "cameraGrain" : 0,
  "exposureDuration" : 0.01666666753590107,
  "cameraPoseARFrame" : [
    0.99914300441741943,
    -0.011725976131856441,
    0.039697568863630295,
    0.19046270847320557,
    -0.0026987837627530098,
    0.93854236602783203,
    0.34515354037284851,
    0.16172747313976288,
    -0.041305266320705414,
    -0.3449648916721344,
    0.9377063512802124,
    0.36388525366783142,
    0,
    0,
    0,
    1.0000001192092896
  ],
  "averageAngularVelocity" : 0.27582472562789917,
  "frame_index" : 329,
  "intrinsics" : [
    1603.7628173828125,
    0,
    950.24053955078125,
    0,
    1603.7628173828125,
    721.20404052734375,
    0,
    0,
    1
  ],
  "time" : 23783.330911291672,
  "projectionMatrix" : [
    1.6705862283706665,
    0,
    0.0096452832221984863,
    0,
    0,
    2.2274484634399414,
    0.0023667216300964355,
    0,
    0,
    0,
    -0.9999997615814209,
    -0.00099999981466680765,
    0,
    0,
    -1,
    0
  ],
  "motionQuality" : 0.89561933279037476
}