{
  "cameraPoseARFrame" : [
    0.97555255889892578,
    -0.067811541259288788,
    0.20904305577278137,
    0.11380067467689514,
    -0.0075936303474009037,
    0.9402351975440979,
    0.34044083952903748,
    0.15814261138439178,
    -0.21963559091091156,
    -0.33370533585548401,
    0.91673386096954346,
    0.44564461708068848,
    0,
    0,
    0,
    1.0000001192092896
  ],
  "averageVelocity" : 0.01823139376938343,
  "cameraGrain" : 0.0616651251912117,
  "frame_index" : 345,
  "time" : 23784.763226625004,
  "projectionMatrix" : [
    1.6672911643981934,
    0,
    0.0096439123153686523,
    0,
    0,
    2.2230548858642578,
    0.0023641586303710938,
    0,
    0,
    0,
    -0.9999997615814209,
    -0.00099999981466680765,
    0,
    0,
    -1,
    0
  ],
  "exposureDuration" : 0.01666666753590107,
  "intrinsics" : [
    1600.5994873046875,
    0,
    950.2418212890625,
    0,
    1600.5994873046875,
    721.20220947265625,
    0,
    0,
    1
  ],
  "motionQuality" : 0.98829734325408936,
  "averageAngularVelocity" : 0.040959205478429794
}