{
  "time" : 23768.554700125005,
  "averageVelocity" : 0.13305225968360901,
  "exposureDuration" : 0.01666666753590107,
  "cameraPoseARFrame" : [
    0.67929720878601074,
    -0.25613695383071899,
    0.6877131462097168,
    0.021701740100979805,
    -0.0090088788419961929,
    0.9341321587562561,
    0.3568136990070343,
    0.072919569909572601,
    -0.73380810022354126,
    -0.24857804179191589,
    0.63224577903747559,
    0.44427716732025146,
    0,
    0,
    0,
    1
  ],
  "projectionMatrix" : [
    1.6649374961853027,
    0,
    0.0096532106399536133,
    0,
    0,
    2.2199165821075439,
    0.0023749470710754395,
    0,
    0,
    0,
    -0.9999997615814209,
    -0.00099999981466680765,
    0,
    0,
    -1,
    0
  ],
  "averageAngularVelocity" : 0.16303323209285736,
  "frame_index" : 160,
  "motionQuality" : 0.95341908931732178,
  "cameraGrain" : 0.26534861326217651,
  "intrinsics" : [
    1598.3399658203125,
    0,
    950.23291015625,
    0,
    1598.3399658203125,
    721.2099609375,
    0,
    0,
    1
  ]
}