{
  "projectionMatrix" : [
    1.6682325601577759,
    0,
    0.010077774524688721,
    0,
    0,
    2.2243101596832275,
    0.0027161240577697754,
    0,
    0,
    0,
    -0.9999997615814209,
    -0.00099999981466680765,
    0,
    0,
    -1,
    0
  ],
  "exposureDuration" : 0.01666666753590107,
  "cameraGrain" : 0.20306074619293213,
  "averageVelocity" : 0,
  "time" : 23774.52549020834,
  "frame_index" : 228,
  "intrinsics" : [
    1601.5032958984375,
    0,
    949.8253173828125,
    0,
    1601.5032958984375,
    721.45562744140625,
    0,
    0,
    1
  ],
  "cameraPoseARFrame" : [
    0.9205741286277771,
    0.32005077600479126,
    -0.22385488450527191,
    0.39208906888961792,
    -0.097862020134925842,
    0.74388426542282104,
    0.66110450029373169,
    0.22264491021633148,
    0.37810903787612915,
    -0.5866888165473938,
    0.7161213755607605,
    0.061145700514316559,
    0,
    0,
    0,
    1.0000001192092896
  ],
  "motionQuality" : 0.97362214326858521,
  "averageAngularVelocity" : 0
}