{
  "frame_index" : 298,
  "intrinsics" : [
    1604.2147216796875,
    0,
    950.4283447265625,
    0,
    1604.2147216796875,
    721.1478271484375,
    0,
    0,
    1
  ],
  "cameraPoseARFrame" : [
    0.96929711103439331,
    -0.06993112713098526,
    0.23573903739452362,
    0.074892133474349976,
    0.02886897511780262,
    0.98444068431854248,
    0.17332908511161804,
    0.30663958191871643,
    -0.24419228732585907,
    -0.1612018346786499,
    0.9562343955039978,
    0.14562109112739563,
    0,
    0,
    0,
    1
  ],
  "exposureDuration" : 0.01666666753590107,
  "cameraGrain" : 0,
  "averageAngularVelocity" : 0.6308053731918335,
  "motionQuality" : 0.81976985931396484,
  "averageVelocity" : 0.54278051853179932,
  "time" : 23780.594783000004,
  "projectionMatrix" : [
    1.6710569858551025,
    0,
    0.0094496607780456543,
    0,
    0,
    2.2280759811401367,
    0.0022886395454406738,
    0,
    0,
    0,
    -0.9999997615814209,
    -0.00099999981466680765,
    0,
    0,
    -1,
    0
  ]
}