{
  "cameraGrain" : 0,
  "averageAngularVelocity" : 0.1703973263502121,
  "averageVelocity" : 0.13241082429885864,
  "cameraPoseARFrame" : [
    0.97611933946609497,
    -0.049861352890729904,
    0.21143591403961182,
    0.041861444711685181,
    0.017451820895075798,
    0.98815542459487915,
    0.15246084332466125,
    0.33345931768417358,
    -0.21653358638286591,
    -0.14513002336025238,
    0.96542763710021973,
    0.15762436389923096,
    0,
    0,
    0,
    1.0000001192092896
  ],
  "motionQuality" : 0.95131504535675049,
  "exposureDuration" : 0.01666666753590107,
  "frame_index" : 94,
  "intrinsics" : [
    1605.1185302734375,
    0,
    950.3861083984375,
    0,
    1605.1185302734375,
    721.141357421875,
    0,
    0,
    1
  ],
  "projectionMatrix" : [
    1.6719985008239746,
    0,
    0.0094936490058898926,
    0,
    0,
    2.2293312549591064,
    0.0022796392440795898,
    0,
    0,
    0,
    -0.9999997615814209,
    -0.00099999981466680765,
    0,
    0,
    -1,
    0
  ],
  "time" : 23762.819684208338
}