{
  "exposureDuration" : 0.01666666753590107,
  "frame_index" : 134,
  "averageVelocity" : 0.13247703015804291,
  "intrinsics" : [
    1608.7337646484375,
    0,
    950.4346923828125,
    0,
    1608.7337646484375,
    721.12554931640625,
    0,
    0,
    1
  ],
  "cameraPoseARFrame" : [
    0.76453936100006104,
    -0.029879214242100716,
    0.64388442039489746,
    -0.097090594470500946,
    0.0081102875992655754,
    0.99929189682006836,
    0.036741726100444794,
    0.41831663250923157,
    -0.64452636241912842,
    -0.022868400439620018,
    0.76424014568328857,
    0.35968184471130371,
    0,
    0,
    0,
    1.0000001192092896
  ],
  "time" : 23766.288848833337,
  "cameraGrain" : 0.38417637348175049,
  "averageAngularVelocity" : 0.13234585523605347,
  "projectionMatrix" : [
    1.6757643222808838,
    0,
    0.0094430446624755859,
    0,
    0,
    2.2343523502349854,
    0.0022577047348022461,
    0,
    0,
    0,
    -0.9999997615814209,
    -0.00099999981466680765,
    0,
    0,
    -1,
    0
  ],
  "motionQuality" : 0.96214944124221802
}