{
  "motionQuality" : 0.93664401769638062,
  "averageVelocity" : 0.19961477816104889,
  "cameraGrain" : 0.041469793766736984,
  "averageAngularVelocity" : 0.22174584865570068,
  "exposureDuration" : 0.01666666753590107,
  "time" : 23777.128563208338,
  "projectionMatrix" : [
    1.67011559009552,
    0,
    0.0096871852874755859,
    0,
    0,
    2.226820707321167,
    0.0023070573806762695,
    0,
    0,
    0,
    -0.9999997615814209,
    -0.00099999981466680765,
    0,
    0,
    -1,
    0
  ],
  "cameraPoseARFrame" : [
    0.9988444447517395,
    0.043789681047201157,
    -0.019807575270533562,
    0.25626552104949951,
    -0.037447754293680191,
    0.96742916107177734,
    0.25035625696182251,
    0.18593838810920715,
    0.030125278979539871,
    -0.24932524561882019,
    0.96795111894607544,
    0.18534907698631287,
    0,
    0,
    0,
    1
  ],
  "frame_index" : 257,
  "intrinsics" : [
    1603.3109130859375,
    0,
    950.2003173828125,
    0,
    1603.3109130859375,
    721.16107177734375,
    0,
    0,
    1
  ]
}