{
  "averageAngularVelocity" : 0.53006863594055176,
  "cameraGrain" : 0.27438047528266907,
  "motionQuality" : 0.84855180978775024,
  "cameraPoseARFrame" : [
    0.9526175856590271,
    0.11618241667747498,
    -0.2811073362827301,
    0.35274624824523926,
    0.032102733850479126,
    0.88061201572418213,
    0.4727490246295929,
    0.054991535842418671,
    0.30247160792350769,
    -0.45937344431877136,
    0.83515685796737671,
    0.34302869439125061,
    0,
    0,
    0,
    1
  ],
  "intrinsics" : [
    1607.3780517578125,
    0,
    950.26104736328125,
    0,
    1607.3780517578125,
    721.28936767578125,
    0,
    0,
    1
  ],
  "averageVelocity" : 0.12376236170530319,
  "exposureDuration" : 0.01666666753590107,
  "time" : 23771.624730875006,
  "frame_index" : 195,
  "projectionMatrix" : [
    1.6743521690368652,
    0,
    0.0096238851547241211,
    0,
    0,
    2.2324695587158203,
    0.0024852156639099121,
    0,
    0,
    0,
    -0.9999997615814209,
    -0.00099999981466680765,
    0,
    0,
    -1,
    0
  ]
}