{
  "motionQuality" : 0.95846158266067505,
  "exposureDuration" : 0.01666666753590107,
  "projectionMatrix" : [
    1.6729398965835571,
    0,
    0.010569274425506592,
    0,
    0,
    2.2305865287780762,
    0.0025867819786071777,
    0,
    0,
    0,
    -0.9999997615814209,
    -0.00099999981466680765,
    0,
    0,
    -1,
    0
  ],
  "cameraPoseARFrame" : [
    0.79259598255157471,
    -0.089967422187328339,
    0.60307353734970093,
    0.083875939249992371,
    -0.31138017773628235,
    0.79064470529556274,
    0.52718436717987061,
    0.12460831552743912,
    -0.52424639463424683,
    -0.60562926530838013,
    0.59864765405654907,
    0.23388385772705078,
    0,
    0,
    0,
    1
  ],
  "intrinsics" : [
    1606.0223388671875,
    0,
    949.353515625,
    0,
    1606.0223388671875,
    721.36248779296875,
    0,
    0,
    1
  ],
  "cameraGrain" : 0.13935378193855286,
  "averageAngularVelocity" : 0.14538446068763733,
  "time" : 23788.229822041671,
  "frame_index" : 386,
  "averageVelocity" : 0.054073289036750793
}