{
  "cameraGrain" : 0,
  "averageAngularVelocity" : 0.26339125633239746,
  "averageVelocity" : 0.17525307834148407,
  "cameraPoseARFrame" : [
    0.99970245361328125,
    -0.0075604342855513096,
    0.02319876104593277,
    0.16678476333618164,
    0.0037977716419845819,
    0.98740971088409424,
    0.15813799202442169,
    0.33291986584663391,
    -0.024102404713630676,
    -0.15800279378890991,
    0.98714452981948853,
    0.11877391487360001,
    0,
    0,
    0,
    1.0000002384185791
  ],
  "motionQuality" : 0.92474538087844849,
  "exposureDuration" : 0.01666666753590107,
  "frame_index" : 83,
  "intrinsics" : [
    1605.1185302734375,
    0,
    950.3404541015625,
    0,
    1605.1185302734375,
    721.140625,
    0,
    0,
    1
  ],
  "projectionMatrix" : [
    1.6719985008239746,
    0,
    0.0095412135124206543,
    0,
    0,
    2.2293312549591064,
    0.0022786259651184082,
    0,
    0,
    0,
    -0.9999997615814209,
    -0.00099999981466680765,
    0,
    0,
    -1,
    0
  ],
  "time" : 23761.952012583337
}