{
  "cameraGrain" : 0,
  "averageAngularVelocity" : 0.22311310470104218,
  "averageVelocity" : 0.1405857652425766,
  "cameraPoseARFrame" : [
    0.98956257104873657,
    -0.03916659951210022,
    0.13868018984794617,
    0.091319911181926727,
    0.017233274877071381,
    0.98761361837387085,
    0.15595629811286926,
    0.33336153626441956,
    -0.14307086169719696,
    -0.15193860232830048,
    0.97798031568527222,
    0.14155246317386627,
    0,
    0,
    0,
    1.0000002384185791
  ],
  "motionQuality" : 0.93625342845916748,
  "exposureDuration" : 0.01666666753590107,
  "frame_index" : 90,
  "intrinsics" : [
    1605.1185302734375,
    0,
    950.3834228515625,
    0,
    1605.1185302734375,
    721.1422119140625,
    0,
    0,
    1
  ],
  "projectionMatrix" : [
    1.6719985008239746,
    0,
    0.0094964504241943359,
    0,
    0,
    2.2293312549591064,
    0.0022808313369750977,
    0,
    0,
    0,
    -0.9999997615814209,
    -0.00099999981466680765,
    0,
    0,
    -1,
    0
  ],
  "time" : 23762.452085875004
}