{
  "frame_index" : 175,
  "averageAngularVelocity" : 0.31783422827720642,
  "exposureDuration" : 0.01666666753590107,
  "motionQuality" : 0.90919023752212524,
  "intrinsics" : [
    1607.8299560546875,
    0,
    950.1292724609375,
    0,
    1607.8299560546875,
    721.2840576171875,
    0,
    0,
    1
  ],
  "projectionMatrix" : [
    1.6748229265213013,
    0,
    0.0097611546516418457,
    0,
    0,
    2.2330970764160156,
    0.0024778842926025391,
    0,
    0,
    0,
    -0.9999997615814209,
    -0.00099999981466680765,
    0,
    0,
    -1,
    0
  ],
  "averageVelocity" : 0.15917937457561493,
  "time" : 23769.890236250005,
  "cameraGrain" : 0.15317317843437195,
  "cameraPoseARFrame" : [
    0.95448207855224609,
    -0.12361771613359451,
    0.27144581079483032,
    0.17238861322402954,
    -0.022465266287326813,
    0.87769150733947754,
    0.4786992073059082,
    0.057533126324415207,
    -0.29742142558097839,
    -0.46300789713859558,
    0.83496367931365967,
    0.39427626132965088,
    0,
    0,
    0,
    1.0000001192092896
  ]
}