{
  "frame_index" : 207,
  "cameraPoseARFrame" : [
    0.9650273323059082,
    0.20429767668247223,
    -0.16427153348922729,
    0.42128381133079529,
    -0.1065959632396698,
    0.87829291820526123,
    0.4660891592502594,
    0.076701924204826355,
    0.2394992858171463,
    -0.43227806687355042,
    0.8693537712097168,
    0.25341776013374329,
    0,
    0,
    0,
    1.0000001192092896
  ],
  "time" : 23772.725473166673,
  "exposureDuration" : 0.01666666753590107,
  "intrinsics" : [
    1609.1856689453125,
    0,
    949.9080810546875,
    0,
    1609.1856689453125,
    721.27288818359375,
    0,
    0,
    1
  ],
  "averageVelocity" : 0.174555703997612,
  "motionQuality" : 0.92707794904708862,
  "cameraGrain" : 0.24649304151535034,
  "averageAngularVelocity" : 0.25522714853286743,
  "projectionMatrix" : [
    1.6762350797653198,
    0,
    0.0099915862083435059,
    0,
    0,
    2.2349801063537598,
    0.0024623274803161621,
    0,
    0,
    0,
    -0.9999997615814209,
    -0.00099999981466680765,
    0,
    0,
    -1,
    0
  ]
}