{
  "motionQuality" : 0.9538390040397644,
  "time" : 23776.324815750006,
  "cameraPoseARFrame" : [
    0.99483144283294678,
    0.084291420876979828,
    -0.056618325412273407,
    0.28140029311180115,
    -0.065872117877006531,
    0.96007061004638672,
    0.27189186215400696,
    0.19316153228282928,
    0.077275633811950684,
    -0.26675701141357422,
    0.96066087484359741,
    0.15606686472892761,
    0,
    0,
    0,
    1.0000001192092896
  ],
  "averageVelocity" : 0.1615634560585022,
  "exposureDuration" : 0.01666666753590107,
  "frame_index" : 248,
  "averageAngularVelocity" : 0.084174104034900665,
  "projectionMatrix" : [
    1.67011559009552,
    0,
    0.0097739696502685547,
    0,
    0,
    2.226820707321167,
    0.002315521240234375,
    0,
    0,
    0,
    -0.9999997615814209,
    -0.00099999981466680765,
    0,
    0,
    -1,
    0
  ],
  "intrinsics" : [
    1603.3109130859375,
    0,
    950.11700439453125,
    0,
    1603.3109130859375,
    721.16717529296875,
    0,
    0,
    1
  ],
  "cameraGrain" : 0
}