{
  "frame_index" : 304,
  "averageVelocity" : 0.18926729261875153,
  "time" : 23781.128812500006,
  "intrinsics" : [
    1604.6666259765625,
    0,
    950.4205322265625,
    0,
    1604.6666259765625,
    721.12579345703125,
    0,
    0,
    1
  ],
  "cameraGrain" : 0,
  "motionQuality" : 0.91612899303436279,
  "averageAngularVelocity" : 0.29354843497276306,
  "projectionMatrix" : [
    1.6715277433395386,
    0,
    0.0094577670097351074,
    0,
    0,
    2.2287037372589111,
    0.0022580623626708984,
    0,
    0,
    0,
    -0.9999997615814209,
    -0.00099999981466680765,
    0,
    0,
    -1,
    0
  ],
  "cameraPoseARFrame" : [
    0.99991458654403687,
    -0.0038549979217350483,
    -0.012497999705374241,
    0.2280244380235672,
    0.0045350939035415649,
    0.99848413467407227,
    0.0548534095287323,
    0.38120365142822266,
    0.01226732786744833,
    -0.054905399680137634,
    0.99841630458831787,
    0.072521068155765533,
    0,
    0,
    0,
    1.0000001192092896
  ],
  "exposureDuration" : 0.01666666753590107
}