{
  "averageVelocity" : 0.16185317933559418,
  "time" : 23768.28785866667,
  "intrinsics" : [
    1599.2437744140625,
    0,
    950.25518798828125,
    0,
    1599.2437744140625,
    721.20355224609375,
    0,
    0,
    1
  ],
  "averageAngularVelocity" : 0.11083506792783737,
  "exposureDuration" : 0.01666666753590107,
  "cameraPoseARFrame" : [
    0.67292183637619019,
    -0.25052174925804138,
    0.69599956274032593,
    0.0042966417968273163,
    -0.0019990429282188416,
    0.94028443098068237,
    0.34038370847702026,
    0.10231940448284149,
    -0.73971116542816162,
    -0.23044291138648987,
    0.6322370171546936,
    0.43341416120529175,
    0,
    0,
    0,
    1.0000001192092896
  ],
  "projectionMatrix" : [
    1.6658788919448853,
    0,
    0.0096300244331359863,
    0,
    0,
    2.2211718559265137,
    0.0023660659790039062,
    0,
    0,
    0,
    -0.9999997615814209,
    -0.00099999981466680765,
    0,
    0,
    -1,
    0
  ],
  "cameraGrain" : 0.26840999722480774,
  "motionQuality" : 0.95375621318817139,
  "frame_index" : 156
}