{
  "cameraGrain" : 0,
  "averageAngularVelocity" : 0.27891916036605835,
  "averageVelocity" : 0.10834614187479019,
  "cameraPoseARFrame" : [
    0.99585187435150146,
    0.04291529580950737,
    -0.080235108733177185,
    0.22850075364112854,
    -0.012362411245703697,
    0.93742692470550537,
    0.34796255826950073,
    0.16439880430698395,
    0.090147420763969421,
    -0.34552726149559021,
    0.93406867980957031,
    0.28760251402854919,
    0,
    0,
    0,
    1.0000001192092896
  ],
  "motionQuality" : 0.92030882835388184,
  "exposureDuration" : 0.01666666753590107,
  "frame_index" : 49,
  "intrinsics" : [
    1600.1475830078125,
    0,
    950.21673583984375,
    0,
    1600.1475830078125,
    721.2071533203125,
    0,
    0,
    1
  ],
  "projectionMatrix" : [
    1.6668204069137573,
    0,
    0.0096700787544250488,
    0,
    0,
    2.2224271297454834,
    0.0023710727691650391,
    0,
    0,
    0,
    -0.9999997615814209,
    -0.00099999981466680765,
    0,
    0,
    -1,
    0
  ],
  "time" : 23759.052302250006
}