{
  "cameraGrain" : 0.1548418253660202,
  "frame_index" : 368,
  "time" : 23786.829344750004,
  "averageVelocity" : 0,
  "cameraPoseARFrame" : [
    0.98612630367279053,
    -0.16529375314712524,
    -0.015270785428583622,
    -0.11143965274095535,
    0.15533815324306488,
    0.88645488023757935,
    0.43596771359443665,
    0.069701030850410461,
    -0.058525983244180679,
    -0.43229129910469055,
    0.89983278512954712,
    0.31836619973182678,
    0,
    0,
    0,
    1.0000001192092896
  ],
  "exposureDuration" : 0.01666666753590107,
  "intrinsics" : [
    1600.5994873046875,
    0,
    950.60906982421875,
    0,
    1600.5994873046875,
    721.295166015625,
    0,
    0,
    1
  ],
  "averageAngularVelocity" : 0.45567810535430908,
  "projectionMatrix" : [
    1.6672911643981934,
    0,
    0.0092613697052001953,
    0,
    0,
    2.2230548858642578,
    0.0024932622909545898,
    0,
    0,
    0,
    -0.9999997615814209,
    -0.00099999981466680765,
    0,
    0,
    -1,
    0
  ],
  "motionQuality" : 0.86980628967285156
}