{
  "time" : 23774.324419333338,
  "projectionMatrix" : [
    1.6682325601577759,
    0,
    0.010104715824127197,
    0,
    0,
    2.2243101596832275,
    0.0027034282684326172,
    0,
    0,
    0,
    -0.9999997615814209,
    -0.00099999981466680765,
    0,
    0,
    -1,
    0
  ],
  "cameraGrain" : 0.20240108668804169,
  "intrinsics" : [
    1601.5032958984375,
    0,
    949.79949951171875,
    0,
    1601.5032958984375,
    721.44647216796875,
    0,
    0,
    1
  ],
  "frame_index" : 226,
  "cameraPoseARFrame" : [
    0.91688215732574463,
    0.32955741882324219,
    -0.22520911693572998,
    0.39571961760520935,
    -0.10899041593074799,
    0.74947118759155273,
    0.65300393104553223,
    0.22194333374500275,
    0.38398987054824829,
    -0.57418197393417358,
    0.7230953574180603,
    0.062786675989627838,
    0,
    0,
    0,
    1.0000001192092896
  ],
  "motionQuality" : 0.95760577917098999,
  "averageVelocity" : 0.039256829768419266,
  "averageAngularVelocity" : 0.14837975800037384,
  "exposureDuration" : 0.01666666753590107
}