{
  "projectionMatrix" : [
    1.6668204069137573,
    0,
    0.0096687078475952148,
    0,
    0,
    2.2224271297454834,
    0.0023687481880187988,
    0,
    0,
    0,
    -0.9999997615814209,
    -0.00099999981466680765,
    0,
    0,
    -1,
    0
  ],
  "cameraPoseARFrame" : [
    0.99150019884109497,
    0.05624760314822197,
    -0.11731940507888794,
    0.24691958725452423,
    -0.012435407377779484,
    0.93856120109558105,
    0.34488862752914429,
    0.16668426990509033,
    0.12951046228408813,
    -0.34049820899963379,
    0.93128299713134766,
    0.28612709045410156,
    0,
    0,
    0,
    1
  ],
  "cameraGrain" : 0.10114250332117081,
  "intrinsics" : [
    1600.1475830078125,
    0,
    950.218017578125,
    0,
    1600.1475830078125,
    721.20550537109375,
    0,
    0,
    1
  ],
  "motionQuality" : 0.94099670648574829,
  "frame_index" : 51,
  "time" : 23759.21966945834,
  "averageVelocity" : 0.11257623136043549,
  "averageAngularVelocity" : 0.20651157200336456,
  "exposureDuration" : 0.01666666753590107
}