{
  "intrinsics" : [
    1607.3780517578125,
    0,
    950.2884521484375,
    0,
    1607.3780517578125,
    721.2869873046875,
    0,
    0,
    1
  ],
  "frame_index" : 197,
  "motionQuality" : 0.91576266288757324,
  "cameraPoseARFrame" : [
    0.93292605876922607,
    0.13271899521350861,
    -0.33471614122390747,
    0.36614236235618591,
    0.041991841048002243,
    0.88314449787139893,
    0.46721789240837097,
    0.055539451539516449,
    0.35761123895645142,
    -0.44993507862091064,
    0.81833541393280029,
    0.33927556872367859,
    0,
    0,
    0,
    1
  ],
  "averageAngularVelocity" : 0.29483067989349365,
  "projectionMatrix" : [
    1.6743521690368652,
    0,
    0.009595334529876709,
    0,
    0,
    2.2324695587158203,
    0.0024819374084472656,
    0,
    0,
    0,
    -0.9999997615814209,
    -0.00099999981466680765,
    0,
    0,
    -1,
    0
  ],
  "time" : 23771.791111250004,
  "averageVelocity" : 0,
  "cameraGrain" : 0.26998454332351685,
  "exposureDuration" : 0.01666666753590107
}