{
  "averageAngularVelocity" : 0.46276602149009705,
  "exposureDuration" : 0.01666666753590107,
  "frame_index" : 363,
  "motionQuality" : 0.86778116226196289,
  "projectionMatrix" : [
    1.6672911643981934,
    0,
    0.0092227458953857422,
    0,
    0,
    2.2230548858642578,
    0.0024772882461547852,
    0,
    0,
    0,
    -0.9999997615814209,
    -0.00099999981466680765,
    0,
    0,
    -1,
    0
  ],
  "intrinsics" : [
    1600.5994873046875,
    0,
    950.64617919921875,
    0,
    1600.5994873046875,
    721.28363037109375,
    0,
    0,
    1
  ],
  "cameraPoseARFrame" : [
    0.98440968990325928,
    -0.17481932044029236,
    -0.019394267350435257,
    -0.11545218527317047,
    0.16715842485427856,
    0.89551496505737305,
    0.41244521737098694,
    0.073567584156990051,
    -0.054735630750656128,
    -0.40925693511962891,
    0.91077601909637451,
    0.33045560121536255,
    0,
    0,
    0,
    1.0000001192092896
  ],
  "averageVelocity" : 0.16575662791728973,
  "cameraGrain" : 0.13969224691390991,
  "time" : 23786.329396750007
}