{
  "projectionMatrix" : [
    1.6710569858551025,
    0,
    0.0094828009605407715,
    0,
    0,
    2.2280759811401367,
    0.0022941827774047852,
    0,
    0,
    0,
    -0.9999997615814209,
    -0.00099999981466680765,
    0,
    0,
    -1,
    0
  ],
  "cameraGrain" : 0.041190285235643387,
  "intrinsics" : [
    1604.2147216796875,
    0,
    950.396484375,
    0,
    1604.2147216796875,
    721.15179443359375,
    0,
    0,
    1
  ],
  "averageVelocity" : 0.50022661685943604,
  "time" : 23780.427662875005,
  "frame_index" : 296,
  "motionQuality" : 0.81494945287704468,
  "averageAngularVelocity" : 0.64767688512802124,
  "exposureDuration" : 0.01666666753590107,
  "cameraPoseARFrame" : [
    0.94091761112213135,
    -0.083290368318557739,
    0.32823315262794495,
    0.0022401837632060051,
    0.019623864442110062,
    0.98106259107589722,
    0.19269420206546783,
    0.25670430064201355,
    -0.33806696534156799,
    -0.1748681515455246,
    0.92473345994949341,
    0.16752447187900543,
    0,
    0,
    0,
    1.0000002384185791
  ]
}