{
  "exposureDuration" : 0.01666666753590107,
  "frame_index" : 314,
  "averageVelocity" : 0.10747069120407104,
  "intrinsics" : [
    1604.6666259765625,
    0,
    950.366943359375,
    0,
    1604.6666259765625,
    721.12158203125,
    0,
    0,
    1
  ],
  "motionQuality" : 0.95837092399597168,
  "projectionMatrix" : [
    1.6715277433395386,
    0,
    0.0095136165618896484,
    0,
    0,
    2.2287037372589111,
    0.0022522211074829102,
    0,
    0,
    0,
    -0.9999997615814209,
    -0.00099999981466680765,
    0,
    0,
    -1,
    0
  ],
  "time" : 23781.994574166671,
  "cameraGrain" : 0.071766607463359833,
  "cameraPoseARFrame" : [
    0.99979519844055176,
    0.020117433741688728,
    -0.0022745749447494745,
    0.24377013742923737,
    -0.020032040774822235,
    0.99926084280014038,
    0.032808940857648849,
    0.38520753383636475,
    0.0029327883385121822,
    -0.03275664895772934,
    0.99945914745330811,
    0.022819183766841888,
    0,
    0,
    0,
    1.0000002384185791
  ],
  "averageAngularVelocity" : 0.14570187032222748
}