{
  "averageAngularVelocity" : 0.4215008020401001,
  "averageVelocity" : 0.31323724985122681,
  "time" : 23773.425205041673,
  "cameraPoseARFrame" : [
    0.92472869157791138,
    0.36576983332633972,
    -0.10530684888362885,
    0.4320063591003418,
    -0.25238555669784546,
    0.79633170366287231,
    0.54968845844268799,
    0.17340849339962006,
    0.28491845726966858,
    -0.4817347526550293,
    0.82870578765869141,
    0.17229264974594116,
    0,
    0,
    0,
    1.0000001192092896
  ],
  "frame_index" : 216,
  "cameraGrain" : 0.22759158909320831,
  "exposureDuration" : 0.01666666753590107,
  "projectionMatrix" : [
    1.66164231300354,
    0,
    0.010430574417114258,
    0,
    0,
    2.2155230045318604,
    0.0025857090950012207,
    0,
    0,
    0,
    -0.9999997615814209,
    -0.00099999981466680765,
    0,
    0,
    -1,
    0
  ],
  "motionQuality" : 0.87957119941711426,
  "intrinsics" : [
    1595.1766357421875,
    0,
    949.48663330078125,
    0,
    1595.1766357421875,
    721.3616943359375,
    0,
    0,
    1
  ]
}