{
  "motionQuality" : 0.92692798376083374,
  "time" : 23777.427174583339,
  "intrinsics" : [
    1603.3109130859375,
    0,
    950.218017578125,
    0,
    1603.3109130859375,
    721.16192626953125,
    0,
    0,
    1
  ],
  "averageAngularVelocity" : 0.11298267543315887,
  "cameraGrain" : 0,
  "projectionMatrix" : [
    1.67011559009552,
    0,
    0.0096687078475952148,
    0,
    0,
    2.226820707321167,
    0.0023082494735717773,
    0,
    0,
    0,
    -0.9999997615814209,
    -0.00099999981466680765,
    0,
    0,
    -1,
    0
  ],
  "frame_index" : 260,
  "cameraPoseARFrame" : [
    0.99923944473266602,
    0.024640286341309547,
    0.030227715149521828,
    0.20506185293197632,
    -0.031473096460103989,
    0.96722251176834106,
    0.25197222828865051,
    0.23615899682044983,
    -0.023028325289487839,
    -0.25273194909095764,
    0.96726226806640625,
    0.162293940782547,
    0,
    0,
    0,
    1
  ],
  "averageVelocity" : 0.25575199723243713,
  "exposureDuration" : 0.01666666753590107
}