{
  "intrinsics" : [
    1601.0513916015625,
    0,
    950.2200927734375,
    0,
    1601.0513916015625,
    721.20220947265625,
    0,
    0,
    1
  ],
  "averageVelocity" : 0.0050214026123285294,
  "cameraGrain" : 0.062449317425489426,
  "motionQuality" : 0.99756503105163574,
  "time" : 23785.128135208339,
  "exposureDuration" : 0.01666666753590107,
  "averageAngularVelocity" : 0,
  "cameraPoseARFrame" : [
    0.97486740350723267,
    -0.061987441033124924,
    0.21398913860321045,
    0.11677410453557968,
    -0.015435650944709778,
    0.93941128253936768,
    0.34244450926780701,
    0.1591545045375824,
    -0.22225119173526764,
    -0.33714103698730469,
    0.91484451293945312,
    0.44648653268814087,
    0,
    0,
    0,
    1
  ],
  "projectionMatrix" : [
    1.6677619218826294,
    0,
    0.0096665620803833008,
    0,
    0,
    2.2236824035644531,
    0.0023641586303710938,
    0,
    0,
    0,
    -0.9999997615814209,
    -0.00099999981466680765,
    0,
    0,
    -1,
    0
  ],
  "frame_index" : 349
}