{
  "averageVelocity" : 0,
  "projectionMatrix" : [
    1.6734106540679932,
    0,
    0.009665369987487793,
    0,
    0,
    2.2312142848968506,
    0.0023912191390991211,
    0,
    0,
    0,
    -0.9999997615814209,
    -0.00099999981466680765,
    0,
    0,
    -1,
    0
  ],
  "frame_index" : 18,
  "averageAngularVelocity" : 0.039152931421995163,
  "time" : 23756.451564083338,
  "motionQuality" : 0.98881345987319946,
  "cameraGrain" : 0.13694283366203308,
  "cameraPoseARFrame" : [
    0.87366002798080444,
    -0.16550633311271667,
    0.45752176642417908,
    0.026381652802228928,
    -0.011691820807754993,
    0.93294996023178101,
    0.35981631278991699,
    0.15383057296276093,
    -0.48639693856239319,
    -0.31970632076263428,
    0.81314581632614136,
    0.39168891310691833,
    0,
    0,
    0,
    1.0000002384185791
  ],
  "exposureDuration" : 0.01666666753590107,
  "intrinsics" : [
    1606.4742431640625,
    0,
    950.22125244140625,
    0,
    1606.4742431640625,
    721.2216796875,
    0,
    0,
    1
  ]
}