{
  "averageAngularVelocity" : 0.58601129055023193,
  "averageVelocity" : 0.17889901995658875,
  "cameraGrain" : 0.17243859171867371,
  "exposureDuration" : 0.01666666753590107,
  "frame_index" : 179,
  "cameraPoseARFrame" : [
    0.98956537246704102,
    -0.057821746915578842,
    0.13197413086891174,
    0.22487814724445343,
    -0.012624536640942097,
    0.8776281476020813,
    0.47917583584785461,
    0.053202621638774872,
    -0.14353109896183014,
    -0.4758419394493103,
    0.8677404522895813,
    0.37489375472068787,
    0,
    0,
    0,
    1
  ],
  "motionQuality" : 0.83256816864013672,
  "projectionMatrix" : [
    1.6748229265213013,
    0,
    0.0097372531890869141,
    0,
    0,
    2.2330970764160156,
    0.0024802088737487793,
    0,
    0,
    0,
    -0.9999997615814209,
    -0.00099999981466680765,
    0,
    0,
    -1,
    0
  ],
  "intrinsics" : [
    1607.8299560546875,
    0,
    950.1522216796875,
    0,
    1607.8299560546875,
    721.2857666015625,
    0,
    0,
    1
  ],
  "time" : 23770.222369416671
}