{
  "time" : 23771.990228625004,
  "frame_index" : 199,
  "cameraPoseARFrame" : [
    0.92829746007919312,
    0.1396796703338623,
    -0.34460657835006714,
    0.37320968508720398,
    0.035342615097761154,
    0.88942325115203857,
    0.45571616291999817,
    0.060159247368574142,
    0.37015515565872192,
    -0.43521943688392639,
    0.82071268558502197,
    0.33381479978561401,
    0,
    0,
    0,
    1.0000001192092896
  ],
  "averageVelocity" : 0.058784946799278259,
  "intrinsics" : [
    1607.8299560546875,
    0,
    950.27740478515625,
    0,
    1607.8299560546875,
    721.27783203125,
    0,
    0,
    1
  ],
  "motionQuality" : 0.96833205223083496,
  "cameraGrain" : 0.26101812720298767,
  "exposureDuration" : 0.01666666753590107,
  "projectionMatrix" : [
    1.6748229265213013,
    0,
    0.0096068978309631348,
    0,
    0,
    2.2330970764160156,
    0.002469182014465332,
    0,
    0,
    0,
    -0.9999997615814209,
    -0.00099999981466680765,
    0,
    0,
    -1,
    0
  ],
  "averageAngularVelocity" : 0.11083772778511047
}