{
  "cameraPoseARFrame" : [
    0.76129311323165894,
    -0.073317788541316986,
    0.6442495584487915,
    -0.11865314841270447,
    0.016446035355329514,
    0.99545031785964966,
    0.093851767480373383,
    0.36596381664276123,
    -0.64819949865341187,
    -0.060853350907564163,
    0.75903517007827759,
    0.32524007558822632,
    0,
    0,
    0,
    1.0000001192092896
  ],
  "intrinsics" : [
    1608.7337646484375,
    0,
    950.427490234375,
    0,
    1608.7337646484375,
    721.1319580078125,
    0,
    0,
    1
  ],
  "averageVelocity" : 0.21185670793056488,
  "time" : 23765.923096875005,
  "averageAngularVelocity" : 0.25864478945732117,
  "frame_index" : 130,
  "cameraGrain" : 0.34385225176811218,
  "exposureDuration" : 0.01666666753590107,
  "projectionMatrix" : [
    1.6757643222808838,
    0,
    0.0094505548477172852,
    0,
    0,
    2.2343523502349854,
    0.0022665858268737793,
    0,
    0,
    0,
    -0.9999997615814209,
    -0.00099999981466680765,
    0,
    0,
    -1,
    0
  ],
  "motionQuality" : 0.92610150575637817
}