{
  "time" : 23782.194636166671,
  "intrinsics" : [
    1604.2147216796875,
    0,
    950.30157470703125,
    0,
    1604.2147216796875,
    721.12530517578125,
    0,
    0,
    1
  ],
  "projectionMatrix" : [
    1.6710569858551025,
    0,
    0.0095816850662231445,
    0,
    0,
    2.2280759811401367,
    0.0022573471069335938,
    0,
    0,
    0,
    -0.9999997615814209,
    -0.00099999981466680765,
    0,
    0,
    -1,
    0
  ],
  "averageVelocity" : 0.2249349057674408,
  "cameraPoseARFrame" : [
    0.99933314323425293,
    0.031294632703065872,
    0.01881713978946209,
    0.23365755379199982,
    -0.032959137111902237,
    0.9948495626449585,
    0.095854088664054871,
    0.35303479433059692,
    -0.015720652416348457,
    -0.096410356462001801,
    0.99521762132644653,
    0.040279276669025421,
    0,
    0,
    0,
    1.0000001192092896
  ],
  "frame_index" : 317,
  "cameraGrain" : 0.020096806809306145,
  "exposureDuration" : 0.01666666753590107,
  "motionQuality" : 0.88842958211898804,
  "averageAngularVelocity" : 0.39049652218818665
}