{
  "cameraPoseARFrame" : [
    0.97865557670593262,
    -0.077801667153835297,
    0.19021192193031311,
    0.20895463228225708,
    -0.023425305262207985,
    0.87730300426483154,
    0.47936484217643738,
    0.054561804980039597,
    -0.20416900515556335,
    -0.47358879446983337,
    0.8567548394203186,
    0.3830145001411438,
    0,
    0,
    0,
    1.0000001192092896
  ],
  "motionQuality" : 0.87353169918060303,
  "averageAngularVelocity" : 0.44263902306556702,
  "averageVelocity" : 0.17036701738834381,
  "intrinsics" : [
    1607.8299560546875,
    0,
    950.124755859375,
    0,
    1607.8299560546875,
    721.28485107421875,
    0,
    0,
    1
  ],
  "cameraGrain" : 0.16392070055007935,
  "time" : 23770.123938208337,
  "exposureDuration" : 0.01666666753590107,
  "projectionMatrix" : [
    1.6748229265213013,
    0,
    0.0097658634185791016,
    0,
    0,
    2.2330970764160156,
    0.0024789571762084961,
    0,
    0,
    0,
    -0.9999997615814209,
    -0.00099999981466680765,
    0,
    0,
    -1,
    0
  ],
  "frame_index" : 178
}