{
  "cameraPoseARFrame" : [
    0.68500471115112305,
    -0.17905105650424957,
    0.70619368553161621,
    -0.089978419244289398,
    -0.0074921464547514915,
    0.96754628419876099,
    0.25258272886276245,
    0.23130834102630615,
    -0.7285003662109375,
    -0.17831122875213623,
    0.66143214702606201,
    0.41331896185874939,
    0,
    0,
    0,
    1.0000002384185791
  ],
  "cameraGrain" : 0.40939566493034363,
  "exposureDuration" : 0.01666666753590107,
  "averageAngularVelocity" : 0.16478733718395233,
  "projectionMatrix" : [
    1.6748229265213013,
    0,
    0.009594261646270752,
    0,
    0,
    2.2330970764160156,
    0.0023140907287597656,
    0,
    0,
    0,
    -0.9999997615814209,
    -0.00099999981466680765,
    0,
    0,
    -1,
    0
  ],
  "intrinsics" : [
    1607.8299560546875,
    0,
    950.28948974609375,
    0,
    1607.8299560546875,
    721.1661376953125,
    0,
    0,
    1
  ],
  "frame_index" : 146,
  "averageVelocity" : 0.12501011788845062,
  "time" : 23767.38931608334,
  "motionQuality" : 0.95291793346405029
}