{
  "averageVelocity" : 0.21494853496551514,
  "averageAngularVelocity" : 1.3746961355209351,
  "cameraGrain" : 0.15423481166362762,
  "intrinsics" : [
    1602.8590087890625,
    0,
    949.9539794921875,
    0,
    1602.8590087890625,
    721.23681640625,
    0,
    0,
    1
  ],
  "exposureDuration" : 0.01666666753590107,
  "motionQuality" : 0.60722970962524414,
  "time" : 23774.925020000006,
  "frame_index" : 232,
  "projectionMatrix" : [
    1.669644832611084,
    0,
    0.0099437832832336426,
    0,
    0,
    2.2261929512023926,
    0.002412259578704834,
    0,
    0,
    0,
    -0.9999997615814209,
    -0.00099999981466680765,
    0,
    0,
    -1,
    0
  ],
  "cameraPoseARFrame" : [
    0.94933360815048218,
    0.20755384862422943,
    -0.23598144948482513,
    0.37623611092567444,
    -0.098582752048969269,
    0.90965932607650757,
    0.40348657965660095,
    0.28894975781440735,
    0.29840785264968872,
    -0.3597797155380249,
    0.88403141498565674,
    0.069306202232837677,
    0,
    0,
    0,
    1.0000001192092896
  ]
}