{
  "time" : 23774.290310625005,
  "projectionMatrix" : [
    1.6682325601577759,
    0,
    0.010112345218658447,
    0,
    0,
    2.2243101596832275,
    0.0027007460594177246,
    0,
    0,
    0,
    -0.9999997615814209,
    -0.00099999981466680765,
    0,
    0,
    -1,
    0
  ],
  "cameraGrain" : 0.20109215378761292,
  "intrinsics" : [
    1601.5032958984375,
    0,
    949.79217529296875,
    0,
    1601.5032958984375,
    721.44451904296875,
    0,
    0,
    1
  ],
  "cameraPoseARFrame" : [
    0.91748917102813721,
    0.33007374405860901,
    -0.22195737063884735,
    0.3958362340927124,
    -0.11266143620014191,
    0.7508125901222229,
    0.65083622932434082,
    0.22243957221508026,
    0.38147231936454773,
    -0.57212924957275391,
    0.72604900598526001,
    0.06402694433927536,
    0,
    0,
    0,
    1.0000001192092896
  ],
  "frame_index" : 225,
  "motionQuality" : 0.95649445056915283,
  "averageVelocity" : 0.037887759506702423,
  "averageAngularVelocity" : 0.15226943790912628,
  "exposureDuration" : 0.01666666753590107
}