{
  "intrinsics" : [
    1603.7628173828125,
    0,
    950.3272705078125,
    0,
    1603.7628173828125,
    721.1727294921875,
    0,
    0,
    1
  ],
  "cameraGrain" : 0.033276312053203583,
  "exposureDuration" : 0.01666666753590107,
  "time" : 23779.894340708339,
  "frame_index" : 289,
  "averageAngularVelocity" : 0.19459651410579681,
  "cameraPoseARFrame" : [
    0.94099998474121094,
    -0.10011157393455505,
    0.32325977087020874,
    -0.01217304915189743,
    0.0099514396861195564,
    0.9630129337310791,
    0.26927086710929871,
    0.204926997423172,
    -0.33826065063476562,
    -0.25016695261001587,
    0.90719127655029297,
    0.16921916604042053,
    0,
    0,
    0,
    1
  ],
  "projectionMatrix" : [
    1.6705862283706665,
    0,
    0.0095549225807189941,
    0,
    0,
    2.2274484634399414,
    0.0023232102394104004,
    0,
    0,
    0,
    -0.9999997615814209,
    -0.00099999981466680765,
    0,
    0,
    -1,
    0
  ],
  "averageVelocity" : 0.14795012772083282,
  "motionQuality" : 0.94440102577209473
}