{
  "cameraGrain" : 0.14608518779277802,
  "frame_index" : 370,
  "time" : 23786.929440875007,
  "averageVelocity" : 0.13679838180541992,
  "cameraPoseARFrame" : [
    0.9834703803062439,
    -0.1732294112443924,
    0.05270564928650856,
    -0.098403364419937134,
    0.13040785491466522,
    0.87957096099853516,
    0.45754656195640564,
    0.074134692549705505,
    -0.12561897933483124,
    -0.44311022758483887,
    0.88762235641479492,
    0.31906870007514954,
    0,
    0,
    0,
    1.0000001192092896
  ],
  "exposureDuration" : 0.01666666753590107,
  "intrinsics" : [
    1600.1475830078125,
    0,
    950.532470703125,
    0,
    1600.1475830078125,
    721.30096435546875,
    0,
    0,
    1
  ],
  "averageAngularVelocity" : 0.7131500244140625,
  "projectionMatrix" : [
    1.6668204069137573,
    0,
    0.0093411803245544434,
    0,
    0,
    2.2224271297454834,
    0.002501368522644043,
    0,
    0,
    0,
    -0.9999997615814209,
    -0.00099999981466680765,
    0,
    0,
    -1,
    0
  ],
  "motionQuality" : 0.79624283313751221
}