{
  "projectionMatrix" : [
    1.6757643222808838,
    0,
    0.0095304250717163086,
    0,
    0,
    2.2343523502349854,
    0.0022687315940856934,
    0,
    0,
    0,
    -0.9999997615814209,
    -0.00099999981466680765,
    0,
    0,
    -1,
    0
  ],
  "frame_index" : 140,
  "motionQuality" : 0.86342465877532959,
  "intrinsics" : [
    1608.7337646484375,
    0,
    950.35076904296875,
    0,
    1608.7337646484375,
    721.13348388671875,
    0,
    0,
    1
  ],
  "time" : 23766.822688458338,
  "cameraPoseARFrame" : [
    0.74548083543777466,
    -0.080062940716743469,
    0.66170120239257812,
    -0.093555554747581482,
    -0.0082183675840497017,
    0.99157989025115967,
    0.12923572957515717,
    0.34323194622993469,
    -0.66647660732269287,
    -0.10178084671497345,
    0.73854571580886841,
    0.36489057540893555,
    0,
    0,
    0,
    1.0000001192092896
  ],
  "averageAngularVelocity" : 0.47801357507705688,
  "cameraGrain" : 0.353435218334198,
  "exposureDuration" : 0.01666666753590107,
  "averageVelocity" : 0.33233857154846191
}