{
  "projectionMatrix" : [
    1.6748229265213013,
    0,
    0.0097151398658752441,
    0,
    0,
    2.2330970764160156,
    0.0024837255477905273,
    0,
    0,
    0,
    -0.9999997615814209,
    -0.00099999981466680765,
    0,
    0,
    -1,
    0
  ],
  "cameraPoseARFrame" : [
    0.99917423725128174,
    0.022866804152727127,
    -0.033588606864213943,
    0.27908873558044434,
    -0.0038774986751377583,
    0.8765074610710144,
    0.48137271404266357,
    0.05022270604968071,
    0.040448039770126343,
    -0.48084497451782227,
    0.87587225437164307,
    0.35197445750236511,
    0,
    0,
    0,
    1.0000001192092896
  ],
  "time" : 23770.622685750004,
  "cameraGrain" : 0.21400566399097443,
  "frame_index" : 183,
  "exposureDuration" : 0.01666666753590107,
  "intrinsics" : [
    1607.8299560546875,
    0,
    950.1734619140625,
    0,
    1607.8299560546875,
    721.28826904296875,
    0,
    0,
    1
  ],
  "averageVelocity" : 0.11179646849632263,
  "motionQuality" : 0.91644757986068726,
  "averageAngularVelocity" : 0.29243338108062744
}