{
  "averageVelocity" : 0,
  "cameraGrain" : 0.080702103674411774,
  "exposureDuration" : 0.01666666753590107,
  "frame_index" : 240,
  "averageAngularVelocity" : 0.28282502293586731,
  "motionQuality" : 0.9191928505897522,
  "intrinsics" : [
    1604.2147216796875,
    0,
    950.14288330078125,
    0,
    1604.2147216796875,
    721.13818359375,
    0,
    0,
    1
  ],
  "time" : 23775.624639708338,
  "projectionMatrix" : [
    1.6710569858551025,
    0,
    0.0097469687461853027,
    0,
    0,
    2.2280759811401367,
    0.0022752285003662109,
    0,
    0,
    0,
    -0.9999997615814209,
    -0.00099999981466680765,
    0,
    0,
    -1,
    0
  ],
  "cameraPoseARFrame" : [
    0.98327594995498657,
    0.10033900290727615,
    -0.15198934078216553,
    0.32630103826522827,
    -0.073748253285884857,
    0.98242610692977905,
    0.17146444320678711,
    0.30119001865386963,
    0.16652286052703857,
    -0.15738792717456818,
    0.97339576482772827,
    0.082571916282176971,
    0,
    0,
    0,
    1
  ]
}