{
  "cameraPoseARFrame" : [
    0.96707165241241455,
    0.20317523181438446,
    -0.15327274799346924,
    0.42221292853355408,
    -0.11001183837652206,
    0.87678474187850952,
    0.46813032031059265,
    0.07666894793510437,
    0.22949941456317902,
    -0.43585380911827087,
    0.87026530504226685,
    0.24870292842388153,
    0,
    0,
    0,
    1.0000002384185791
  ],
  "time" : 23772.75643666667,
  "frame_index" : 208,
  "exposureDuration" : 0.01666666753590107,
  "intrinsics" : [
    1609.1856689453125,
    0,
    949.897705078125,
    0,
    1609.1856689453125,
    721.2745361328125,
    0,
    0,
    1
  ],
  "averageVelocity" : 0.16087856888771057,
  "motionQuality" : 0.91802144050598145,
  "cameraGrain" : 0.24649304151535034,
  "averageAngularVelocity" : 0.2869250476360321,
  "projectionMatrix" : [
    1.6762350797653198,
    0,
    0.010002374649047852,
    0,
    0,
    2.2349801063537598,
    0.0024646520614624023,
    0,
    0,
    0,
    -0.9999997615814209,
    -0.00099999981466680765,
    0,
    0,
    -1,
    0
  ]
}