{
  "cameraGrain" : 0,
  "averageAngularVelocity" : 0.24787312746047974,
  "averageVelocity" : 0.13634093105792999,
  "cameraPoseARFrame" : [
    0.99756526947021484,
    0.014456918463110924,
    -0.068226262927055359,
    0.22003878653049469,
    -0.0018338715890422463,
    0.98337799310684204,
    0.18156076967716217,
    0.31707718968391418,
    0.069716885685920715,
    -0.18099360167980194,
    0.9810100793838501,
    0.11638220399618149,
    0,
    0,
    0,
    1
  ],
  "motionQuality" : 0.92917913198471069,
  "exposureDuration" : 0.01666666753590107,
  "frame_index" : 78,
  "intrinsics" : [
    1601.0513916015625,
    0,
    950.31390380859375,
    0,
    1601.0513916015625,
    721.14599609375,
    0,
    0,
    1
  ],
  "projectionMatrix" : [
    1.6677619218826294,
    0,
    0.0095688700675964355,
    0,
    0,
    2.2236824035644531,
    0.002286076545715332,
    0,
    0,
    0,
    -0.9999997615814209,
    -0.00099999981466680765,
    0,
    0,
    -1,
    0
  ],
  "time" : 23761.520782791671
}