{
  "intrinsics" : [
    1608.7337646484375,
    0,
    950.42425537109375,
    0,
    1608.7337646484375,
    721.129638671875,
    0,
    0,
    1
  ],
  "cameraPoseARFrame" : [
    0.75480622053146362,
    -0.061163049191236496,
    0.65309029817581177,
    -0.11270280927419662,
    0.012089284136891365,
    0.99677133560180664,
    0.079377241432666779,
    0.38324913382530212,
    -0.65583676099777222,
    -0.052019026130437851,
    0.7531084418296814,
    0.33600258827209473,
    0,
    0,
    0,
    1.0000001192092896
  ],
  "averageVelocity" : 0.2116597592830658,
  "time" : 23766.020686375006,
  "averageAngularVelocity" : 0.18490102887153625,
  "frame_index" : 131,
  "cameraGrain" : 0.35447883605957031,
  "exposureDuration" : 0.01666666753590107,
  "projectionMatrix" : [
    1.6757643222808838,
    0,
    0.009453892707824707,
    0,
    0,
    2.2343523502349854,
    0.0022633671760559082,
    0,
    0,
    0,
    -0.9999997615814209,
    -0.00099999981466680765,
    0,
    0,
    -1,
    0
  ],
  "motionQuality" : 0.9395257830619812
}