{
  "intrinsics" : [
    1604.6666259765625,
    0,
    950.4052734375,
    0,
    1604.6666259765625,
    721.1290283203125,
    0,
    0,
    1
  ],
  "time" : 23778.427498875004,
  "averageAngularVelocity" : 0.0640062615275383,
  "cameraGrain" : 0.02313755638897419,
  "exposureDuration" : 0.01666666753590107,
  "projectionMatrix" : [
    1.6715277433395386,
    0,
    0.0094736814498901367,
    0,
    0,
    2.2287037372589111,
    0.0022625327110290527,
    0,
    0,
    0,
    -0.9999997615814209,
    -0.00099999981466680765,
    0,
    0,
    -1,
    0
  ],
  "frame_index" : 272,
  "cameraPoseARFrame" : [
    0.99936264753341675,
    -0.0041566086001694202,
    -0.035459425300359726,
    0.20484635233879089,
    0.0072341300547122955,
    0.99617254734039307,
    0.087108723819255829,
    0.36701065301895142,
    0.034961450845003128,
    -0.087309718132019043,
    0.99556761980056763,
    0.073777548968791962,
    0,
    0,
    0,
    1.0000001192092896
  ],
  "motionQuality" : 0.97564685344696045,
  "averageVelocity" : 0
}