{
  "averageVelocity" : 0.15407666563987732,
  "frame_index" : 119,
  "cameraPoseARFrame" : [
    0.84902769327163696,
    -0.11621396243572235,
    0.51540911197662354,
    -0.11754524707794189,
    0.012718456797301769,
    0.97972232103347778,
    0.19995592534542084,
    0.28123459219932556,
    -0.52819555997848511,
    -0.16321288049221039,
    0.83328932523727417,
    0.23803970217704773,
    0,
    0,
    0,
    1.0000001192092896
  ],
  "exposureDuration" : 0.01666666753590107,
  "motionQuality" : 0.88782882690429688,
  "time" : 23764.922436208337,
  "cameraGrain" : 0.28356501460075378,
  "projectionMatrix" : [
    1.6691740751266479,
    0,
    0.0095217227935791016,
    0,
    0,
    2.2255654335021973,
    0.002295374870300293,
    0,
    0,
    0,
    -0.9999997615814209,
    -0.00099999981466680765,
    0,
    0,
    -1,
    0
  ],
  "averageAngularVelocity" : 0.39259901642799377,
  "intrinsics" : [
    1602.4071044921875,
    0,
    950.359130859375,
    0,
    1602.4071044921875,
    721.15264892578125,
    0,
    0,
    1
  ]
}