{
  "frame_index" : 250,
  "averageAngularVelocity" : 0.061993878334760666,
  "projectionMatrix" : [
    1.67011559009552,
    0,
    0.0097854733467102051,
    0,
    0,
    2.226820707321167,
    0.0023201107978820801,
    0,
    0,
    0,
    -0.9999997615814209,
    -0.00099999981466680765,
    0,
    0,
    -1,
    0
  ],
  "time" : 23776.525785583337,
  "intrinsics" : [
    1603.3109130859375,
    0,
    950.10595703125,
    0,
    1603.3109130859375,
    721.17047119140625,
    0,
    0,
    1
  ],
  "motionQuality" : 0.9618108868598938,
  "cameraGrain" : 0.074775643646717072,
  "averageVelocity" : 0.13366198539733887,
  "exposureDuration" : 0.01666666753590107,
  "cameraPoseARFrame" : [
    0.99443203210830688,
    0.08830607682466507,
    -0.057508062571287155,
    0.28469523787498474,
    -0.068674847483634949,
    0.9569706916809082,
    0.28194111585617065,
    0.17119430005550385,
    0.079930447041988373,
    -0.2764219343662262,
    0.95770668983459473,
    0.17036455869674683,
    0,
    0,
    0,
    1.0000001192092896
  ]
}