{
  "cameraGrain" : 0.12242551892995834,
  "averageAngularVelocity" : 0.125407874584198,
  "averageVelocity" : 0.14178310334682465,
  "cameraPoseARFrame" : [
    0.9840206503868103,
    0.073862776160240173,
    -0.16201195120811462,
    0.28574579954147339,
    -0.01681661419570446,
    0.94438421726226807,
    0.32841372489929199,
    0.17853645980358124,
    0.17725898325443268,
    -0.32044139504432678,
    0.93053561449050903,
    0.2665361762046814,
    0,
    0,
    0,
    1.0000001192092896
  ],
  "motionQuality" : 0.95949053764343262,
  "exposureDuration" : 0.01666666753590107,
  "frame_index" : 55,
  "intrinsics" : [
    1600.1475830078125,
    0,
    950.212646484375,
    0,
    1600.1475830078125,
    721.19671630859375,
    0,
    0,
    1
  ],
  "projectionMatrix" : [
    1.6668204069137573,
    0,
    0.0096743106842041016,
    0,
    0,
    2.2224271297454834,
    0.0023565292358398438,
    0,
    0,
    0,
    -0.9999997615814209,
    -0.00099999981466680765,
    0,
    0,
    -1,
    0
  ],
  "time" : 23759.586122500004
}