{
  "cameraGrain" : 0,
  "averageAngularVelocity" : 0.27902409434318542,
  "averageVelocity" : 0.17224813997745514,
  "cameraPoseARFrame" : [
    0.99662792682647705,
    -0.024920267984271049,
    0.078179582953453064,
    0.13188391923904419,
    0.01220123004168272,
    0.98718219995498657,
    0.15913055837154388,
    0.33244025707244873,
    -0.08114316314458847,
    -0.15764005482196808,
    0.9841572642326355,
    0.12705644965171814,
    0,
    0,
    0,
    1.0000002384185791
  ],
  "motionQuality" : 0.92027884721755981,
  "exposureDuration" : 0.01666666753590107,
  "frame_index" : 86,
  "intrinsics" : [
    1605.1185302734375,
    0,
    950.3636474609375,
    0,
    1605.1185302734375,
    721.14190673828125,
    0,
    0,
    1
  ],
  "projectionMatrix" : [
    1.6719985008239746,
    0,
    0.0095170140266418457,
    0,
    0,
    2.2293312549591064,
    0.0022804141044616699,
    0,
    0,
    0,
    -0.9999997615814209,
    -0.00099999981466680765,
    0,
    0,
    -1,
    0
  ],
  "time" : 23762.154044458337
}