{
  "frame_index" : 358,
  "intrinsics" : [
    1600.5994873046875,
    0,
    950.586181640625,
    0,
    1600.5994873046875,
    721.2547607421875,
    0,
    0,
    1
  ],
  "projectionMatrix" : [
    1.6672911643981934,
    0,
    0.0092852115631103516,
    0,
    0,
    2.2230548858642578,
    0.0024371743202209473,
    0,
    0,
    0,
    -0.9999997615814209,
    -0.00099999981466680765,
    0,
    0,
    -1,
    0
  ],
  "time" : 23785.896983583338,
  "cameraPoseARFrame" : [
    0.98123341798782349,
    -0.17774052917957306,
    0.07476402074098587,
    -0.018032258376479149,
    0.13657912611961365,
    0.91434627771377563,
    0.381204754114151,
    0.10419295728206635,
    -0.13611587882041931,
    -0.36383956670761108,
    0.92146259546279907,
    0.36309188604354858,
    0,
    0,
    0,
    1.0000001192092896
  ],
  "averageAngularVelocity" : 0.16148701310157776,
  "exposureDuration" : 0.01666666753590107,
  "averageVelocity" : 0.39322823286056519,
  "motionQuality" : 0.8876490592956543,
  "cameraGrain" : 0
}