{
  "averageVelocity" : 0.1873779296875,
  "exposureDuration" : 0.01666666753590107,
  "motionQuality" : 0.94646346569061279,
  "intrinsics" : [
    1605.5704345703125,
    0,
    950.2591552734375,
    0,
    1605.5704345703125,
    721.1986083984375,
    0,
    0,
    1
  ],
  "cameraGrain" : 0.27173185348510742,
  "averageAngularVelocity" : 0.14758779108524323,
  "time" : 23768.08914695834,
  "frame_index" : 154,
  "cameraPoseARFrame" : [
    0.68666869401931763,
    -0.23892919719219208,
    0.68658500909805298,
    -0.011907017789781094,
    -0.0025087313260883093,
    0.94366228580474854,
    0.33090022206306458,
    0.12652420997619629,
    -0.72696638107299805,
    -0.22894126176834106,
    0.64738386869430542,
    0.4185212254524231,
    0,
    0,
    0,
    1.0000001192092896
  ],
  "projectionMatrix" : [
    1.6724692583084106,
    0,
    0.009625852108001709,
    0,
    0,
    2.2299590110778809,
    0.0023591518402099609,
    0,
    0,
    0,
    -0.9999997615814209,
    -0.00099999981466680765,
    0,
    0,
    -1,
    0
  ]
}