{
  "averageAngularVelocity" : 0.35152313113212585,
  "exposureDuration" : 0.01666666753590107,
  "frame_index" : 364,
  "motionQuality" : 0.89956480264663696,
  "projectionMatrix" : [
    1.6672911643981934,
    0,
    0.0091750025749206543,
    0,
    0,
    2.2230548858642578,
    0.0024862289428710938,
    0,
    0,
    0,
    -0.9999997615814209,
    -0.00099999981466680765,
    0,
    0,
    -1,
    0
  ],
  "intrinsics" : [
    1600.5994873046875,
    0,
    950.6920166015625,
    0,
    1600.5994873046875,
    721.29010009765625,
    0,
    0,
    1
  ],
  "cameraPoseARFrame" : [
    0.98257040977478027,
    -0.17774173617362976,
    -0.054438449442386627,
    -0.11949225515127182,
    0.18425706028938293,
    0.8924834132194519,
    0.41173136234283447,
    0.067438587546348572,
    -0.024596650153398514,
    -0.41458570957183838,
    0.90967792272567749,
    0.32216212153434753,
    0,
    0,
    0,
    1.0000001192092896
  ],
  "averageVelocity" : 0.1137169674038887,
  "cameraGrain" : 0.15014997124671936,
  "time" : 23786.432324208337
}