{
  "exposureDuration" : 0.01666666753590107,
  "projectionMatrix" : [
    1.6682325601577759,
    0,
    0.0096229314804077148,
    0,
    0,
    2.2243101596832275,
    0.0023694634437561035,
    0,
    0,
    0,
    -0.9999997615814209,
    -0.00099999981466680765,
    0,
    0,
    -1,
    0
  ],
  "intrinsics" : [
    1601.5032958984375,
    0,
    950.261962890625,
    0,
    1601.5032958984375,
    721.20599365234375,
    0,
    0,
    1
  ],
  "time" : 23784.031824000005,
  "motionQuality" : 0.98233097791671753,
  "cameraPoseARFrame" : [
    0.97390449047088623,
    -0.081200368702411652,
    0.2119358628988266,
    0.10458274930715561,
    0.0029920954257249832,
    0.93832004070281982,
    0.3457551896572113,
    0.15552437305450439,
    -0.22693924605846405,
    -0.33609834313392639,
    0.91407692432403564,
    0.44601422548294067,
    0,
    0,
    0,
    1.0000001192092896
  ],
  "cameraGrain" : 0,
  "frame_index" : 336,
  "averageVelocity" : 0.029917901381850243,
  "averageAngularVelocity" : 0
}