{
  "averageAngularVelocity" : 0.44308865070343018,
  "intrinsics" : [
    1607.8299560546875,
    0,
    950.17962646484375,
    0,
    1607.8299560546875,
    721.2852783203125,
    0,
    0,
    1
  ],
  "projectionMatrix" : [
    1.6748229265213013,
    0,
    0.009708702564239502,
    0,
    0,
    2.2330970764160156,
    0.00247955322265625,
    0,
    0,
    0,
    -0.9999997615814209,
    -0.00099999981466680765,
    0,
    0,
    -1,
    0
  ],
  "cameraPoseARFrame" : [
    0.99944251775741577,
    -0.013334129005670547,
    0.0306136105209589,
    0.25569117069244385,
    -0.0028696600347757339,
    0.87911814451217651,
    0.47659531235694885,
    0.051089446991682053,
    -0.033268053084611893,
    -0.47641745209693909,
    0.8785896897315979,
    0.35944893956184387,
    0,
    0,
    0,
    1.0000001192092896
  ],
  "time" : 23770.424534541671,
  "averageVelocity" : 0.16923849284648895,
  "motionQuality" : 0.87340325117111206,
  "cameraGrain" : 0.18692289292812347,
  "exposureDuration" : 0.01666666753590107,
  "frame_index" : 181
}