{
  "cameraGrain" : 0,
  "averageAngularVelocity" : 0.22121289372444153,
  "averageVelocity" : 0.14786702394485474,
  "cameraPoseARFrame" : [
    0.9839666485786438,
    -0.03990478441119194,
    0.17383153736591339,
    0.068024121224880219,
    0.012176577933132648,
    0.98740500211715698,
    0.15774372220039368,
    0.33254304528236389,
    -0.17793697118759155,
    -0.15309786796569824,
    0.97205942869186401,
    0.14882943034172058,
    0,
    0,
    0,
    1
  ],
  "motionQuality" : 0.93679630756378174,
  "exposureDuration" : 0.01666666753590107,
  "frame_index" : 92,
  "intrinsics" : [
    1605.1185302734375,
    0,
    950.36962890625,
    0,
    1605.1185302734375,
    721.14178466796875,
    0,
    0,
    1
  ],
  "projectionMatrix" : [
    1.6719985008239746,
    0,
    0.0095108151435852051,
    0,
    0,
    2.2293312549591064,
    0.0022802352905273438,
    0,
    0,
    0,
    -0.9999997615814209,
    -0.00099999981466680765,
    0,
    0,
    -1,
    0
  ],
  "time" : 23762.62102079167
}