{
  "cameraPoseARFrame" : [
    0.96027582883834839,
    -0.084080561995506287,
    0.26608461141586304,
    0.027152374386787415,
    0.01598563976585865,
    0.96853619813919067,
    0.24835871160030365,
    0.22124837338924408,
    -0.27859482169151306,
    -0.23423931002616882,
    0.93140590190887451,
    0.1599656343460083,
    0,
    0,
    0,
    1.0000001192092896
  ],
  "projectionMatrix" : [
    1.6705862283706665,
    0,
    0.0095289945602416992,
    0,
    0,
    2.2274484634399414,
    0.0023143291473388672,
    0,
    0,
    0,
    -0.9999997615814209,
    -0.00099999981466680765,
    0,
    0,
    -1,
    0
  ],
  "motionQuality" : 0.8961377739906311,
  "exposureDuration" : 0.01666666753590107,
  "time" : 23779.626118958338,
  "frame_index" : 286,
  "intrinsics" : [
    1603.7628173828125,
    0,
    950.3521728515625,
    0,
    1603.7628173828125,
    721.16632080078125,
    0,
    0,
    1
  ],
  "averageAngularVelocity" : 0.36351770162582397,
  "cameraGrain" : 0.0033330644946545362,
  "averageVelocity" : 0.19286957383155823
}