{
  "cameraGrain" : 0.035351071506738663,
  "averageAngularVelocity" : 0.28560256958007812,
  "averageVelocity" : 0.15370634198188782,
  "cameraPoseARFrame" : [
    0.97315168380737305,
    -0.079913705587387085,
    0.21584683656692505,
    0.11033501476049423,
    -0.0022568355780094862,
    0.93443256616592407,
    0.3561331033706665,
    0.15068526566028595,
    -0.23015433549880981,
    -0.34705862402915955,
    0.90916413068771362,
    0.31094032526016235,
    0,
    0,
    0,
    1.0000002384185791
  ],
  "motionQuality" : 0.91839927434921265,
  "exposureDuration" : 0.01666666753590107,
  "frame_index" : 35,
  "intrinsics" : [
    1597.8880615234375,
    0,
    950.25128173828125,
    0,
    1597.8880615234375,
    721.216796875,
    0,
    0,
    1
  ],
  "projectionMatrix" : [
    1.6644667387008667,
    0,
    0.0096340775489807129,
    0,
    0,
    2.2192890644073486,
    0.0023844242095947266,
    0,
    0,
    0,
    -0.9999997615814209,
    -0.00099999981466680765,
    0,
    0,
    -1,
    0
  ],
  "time" : 23757.983685458337
}