{
  "cameraPoseARFrame" : [
    0.99998760223388672,
    -0.0048410361632704735,
    0.0012591875856742263,
    0.21655432879924774,
    0.0047232643701136112,
    0.99670916795730591,
    0.080922335386276245,
    0.37025934457778931,
    -0.0016469276743009686,
    -0.080915391445159912,
    0.99671965837478638,
    0.082228951156139374,
    0,
    0,
    0,
    1
  ],
  "averageVelocity" : 0.25010386109352112,
  "frame_index" : 303,
  "cameraGrain" : 0,
  "exposureDuration" : 0.01666666753590107,
  "motionQuality" : 0.88537073135375977,
  "intrinsics" : [
    1604.6666259765625,
    0,
    950.408203125,
    0,
    1604.6666259765625,
    721.1280517578125,
    0,
    0,
    1
  ],
  "averageAngularVelocity" : 0.40120244026184082,
  "projectionMatrix" : [
    1.6715277433395386,
    0,
    0.0094706416130065918,
    0,
    0,
    2.2287037372589111,
    0.0022611618041992188,
    0,
    0,
    0,
    -0.9999997615814209,
    -0.00099999981466680765,
    0,
    0,
    -1,
    0
  ],
  "time" : 23781.028703375006
}