{
  "cameraGrain" : 0.13424883782863617,
  "averageAngularVelocity" : 0,
  "averageVelocity" : 0.007635804358869791,
  "cameraPoseARFrame" : [
    0.8755648136138916,
    -0.16742460429668427,
    0.45316177606582642,
    0.026752691715955734,
    -0.0091209383681416512,
    0.93213087320327759,
    0.3620067834854126,
    0.15313573181629181,
    -0.48301497101783752,
    -0.32109361886978149,
    0.81461381912231445,
    0.38919118046760559,
    0,
    0,
    0,
    1.0000002384185791
  ],
  "motionQuality" : 0.99522709846496582,
  "exposureDuration" : 0.01666666753590107,
  "frame_index" : 22,
  "intrinsics" : [
    1606.4742431640625,
    0,
    950.22918701171875,
    0,
    1606.4742431640625,
    721.22235107421875,
    0,
    0,
    1
  ],
  "projectionMatrix" : [
    1.6734106540679932,
    0,
    0.0096570849418640137,
    0,
    0,
    2.2312142848968506,
    0.0023921728134155273,
    0,
    0,
    0,
    -0.9999997615814209,
    -0.00099999981466680765,
    0,
    0,
    -1,
    0
  ],
  "time" : 23756.816529291671
}