{
  "projectionMatrix" : [
    1.6752935647964478,
    0,
    0.0095625519752502441,
    0,
    0,
    2.23372483253479,
    0.0023105144500732422,
    0,
    0,
    0,
    -0.9999997615814209,
    -0.00099999981466680765,
    0,
    0,
    -1,
    0
  ],
  "time" : 23767.18928941667,
  "intrinsics" : [
    1608.2818603515625,
    0,
    950.3199462890625,
    0,
    1608.2818603515625,
    721.16357421875,
    0,
    0,
    1
  ],
  "exposureDuration" : 0.01666666753590107,
  "cameraPoseARFrame" : [
    0.70801699161529541,
    -0.17320893704891205,
    0.68462443351745605,
    -0.10006749629974365,
    0.0025847603101283312,
    0.97008365392684937,
    0.24275660514831543,
    0.25317853689193726,
    -0.70619076490402222,
    -0.1701062023639679,
    0.68728333711624146,
    0.40054386854171753,
    0,
    0,
    0,
    1
  ],
  "motionQuality" : 0.89235109090805054,
  "averageAngularVelocity" : 0.3767712414264679,
  "frame_index" : 144,
  "cameraGrain" : 0.39702773094177246,
  "averageVelocity" : 0.19875690340995789
}