{
  "cameraGrain" : 0.25312691926956177,
  "intrinsics" : [
    1601.5032958984375,
    0,
    950.061279296875,
    0,
    1601.5032958984375,
    721.2623291015625,
    0,
    0,
    1
  ],
  "motionQuality" : 0.9168848991394043,
  "cameraPoseARFrame" : [
    0.94111186265945435,
    0.19547533988952637,
    -0.27585902810096741,
    0.40926250815391541,
    -0.053661201149225235,
    0.8919374942779541,
    0.44896334409713745,
    0.07289847731590271,
    0.33381015062332153,
    -0.40772178769111633,
    0.84990227222442627,
    0.29980543255805969,
    0,
    0,
    0,
    1.0000002384185791
  ],
  "frame_index" : 204,
  "time" : 23772.423161666673,
  "projectionMatrix" : [
    1.6682325601577759,
    0,
    0.0098320245742797852,
    0,
    0,
    2.2243101596832275,
    0.002447664737701416,
    0,
    0,
    0,
    -0.9999997615814209,
    -0.00099999981466680765,
    0,
    0,
    -1,
    0
  ],
  "averageAngularVelocity" : 0.29090294241905212,
  "exposureDuration" : 0.01666666753590107,
  "averageVelocity" : 0.15618419647216797
}