{
  "projectionMatrix" : [
    1.67011559009552,
    0,
    0.0097551941871643066,
    0,
    0,
    2.226820707321167,
    0.0023253560066223145,
    0,
    0,
    0,
    -0.9999997615814209,
    -0.00099999981466680765,
    0,
    0,
    -1,
    0
  ],
  "exposureDuration" : 0.01666666753590107,
  "cameraPoseARFrame" : [
    0.99608772993087769,
    0.072881251573562622,
    -0.049979563802480698,
    0.28486254811286926,
    -0.055381793528795242,
    0.9555356502532959,
    0.28962844610214233,
    0.15666384994983673,
    0.068865574896335602,
    -0.28572735190391541,
    0.95583343505859375,
    0.18226876854896545,
    0,
    0,
    0,
    1.0000001192092896
  ],
  "frame_index" : 253,
  "time" : 23776.793019250006,
  "averageVelocity" : 0.046474728733301163,
  "averageAngularVelocity" : 0.09103596955537796,
  "cameraGrain" : 0.089915789663791656,
  "intrinsics" : [
    1603.3109130859375,
    0,
    950.135009765625,
    0,
    1603.3109130859375,
    721.17425537109375,
    0,
    0,
    1
  ],
  "motionQuality" : 0.97398972511291504
}