{
  "cameraGrain" : 0.048241805285215378,
  "averageAngularVelocity" : 0.32497289776802063,
  "averageVelocity" : 0.18630930781364441,
  "cameraPoseARFrame" : [
    0.96551322937011719,
    -0.093138314783573151,
    0.24312518537044525,
    0.097125217318534851,
    0.00032997538801282644,
    0.93425977230072021,
    0.35659322142601013,
    0.15070903301239014,
    -0.26035469770431519,
    -0.34421515464782715,
    0.90207064151763916,
    0.31837627291679382,
    0,
    0,
    0,
    1.0000002384185791
  ],
  "motionQuality" : 0.90715062618255615,
  "exposureDuration" : 0.01666666753590107,
  "frame_index" : 34,
  "intrinsics" : [
    1601.9552001953125,
    0,
    950.25823974609375,
    0,
    1601.9552001953125,
    721.21759033203125,
    0,
    0,
    1
  ],
  "projectionMatrix" : [
    1.6687033176422119,
    0,
    0.0096268057823181152,
    0,
    0,
    2.2249376773834229,
    0.002385556697845459,
    0,
    0,
    0,
    -0.9999997615814209,
    -0.00099999981466680765,
    0,
    0,
    -1,
    0
  ],
  "time" : 23757.885339250006
}