{
  "projectionMatrix" : [
    1.6630545854568481,
    0,
    0.0097293853759765625,
    0,
    0,
    2.2174060344696045,
    0.0023927688598632812,
    0,
    0,
    0,
    -0.9999997615814209,
    -0.00099999981466680765,
    0,
    0,
    -1,
    0
  ],
  "frame_index" : 1,
  "averageVelocity" : 0.037942152470350266,
  "averageAngularVelocity" : 0.14914877712726593,
  "cameraPoseARFrame" : [
    0.85254192352294922,
    -0.15716114640235901,
    0.49847066402435303,
    0.032019156962633133,
    -0.034565199166536331,
    0.93467879295349121,
    0.35380911827087402,
    0.15199932456016541,
    -0.52151507139205933,
    -0.3188667893409729,
    0.79142040014266968,
    0.36871200799942017,
    0,
    0,
    0,
    1.0000002384185791
  ],
  "time" : 23754.982425500006,
  "intrinsics" : [
    1596.5323486328125,
    0,
    950.1597900390625,
    0,
    1596.5323486328125,
    721.2227783203125,
    0,
    0,
    1
  ],
  "motionQuality" : 0.9573860764503479,
  "cameraGrain" : 0.14212913811206818,
  "exposureDuration" : 0.01666666753590107
}