{
  "intrinsics" : [
    1606.0223388671875,
    0,
    950.20220947265625,
    0,
    1606.0223388671875,
    721.22802734375,
    0,
    0,
    1
  ],
  "projectionMatrix" : [
    1.6729398965835571,
    0,
    0.009685218334197998,
    0,
    0,
    2.2305865287780762,
    0.0024000406265258789,
    0,
    0,
    0,
    -0.9999997615814209,
    -0.00099999981466680765,
    0,
    0,
    -1,
    0
  ],
  "averageVelocity" : 0.060124162584543228,
  "time" : 23755.417976750006,
  "frame_index" : 6,
  "cameraGrain" : 0.14366564154624939,
  "cameraPoseARFrame" : [
    0.86250400543212891,
    -0.17689290642738342,
    0.47412657737731934,
    0.029475340619683266,
    -0.0089628836140036583,
    0.93142873048782349,
    0.36381351947784424,
    0.15161769092082977,
    -0.50597113370895386,
    -0.31804010272026062,
    0.80177539587020874,
    0.39657729864120483,
    0,
    0,
    0,
    1.0000001192092896
  ],
  "averageAngularVelocity" : 0,
  "exposureDuration" : 0.01666666753590107,
  "motionQuality" : 0.98277223110198975
}