{
  "cameraGrain" : 0.25312691926956177,
  "intrinsics" : [
    1603.3109130859375,
    0,
    950.14312744140625,
    0,
    1603.3109130859375,
    721.26739501953125,
    0,
    0,
    1
  ],
  "motionQuality" : 0.9591364860534668,
  "cameraPoseARFrame" : [
    0.93623250722885132,
    0.1762874573469162,
    -0.30396002531051636,
    0.39851197600364685,
    -0.020974375307559967,
    0.89153760671615601,
    0.45246085524559021,
    0.068105690181255341,
    0.35075482726097107,
    -0.41723319888114929,
    0.83838397264480591,
    0.31016576290130615,
    0,
    0,
    0,
    1
  ],
  "projectionMatrix" : [
    1.67011559009552,
    0,
    0.0097467303276062012,
    0,
    0,
    2.226820707321167,
    0.0024546980857849121,
    0,
    0,
    0,
    -0.9999997615814209,
    -0.00099999981466680765,
    0,
    0,
    -1,
    0
  ],
  "time" : 23772.325278666671,
  "frame_index" : 203,
  "averageAngularVelocity" : 0.12009222805500031,
  "exposureDuration" : 0.01666666753590107,
  "averageVelocity" : 0.14302235841751099
}