{
  "averageVelocity" : 0.19416575133800507,
  "frame_index" : 149,
  "cameraPoseARFrame" : [
    0.67223387956619263,
    -0.18643118441104889,
    0.71648114919662476,
    -0.05807732418179512,
    -0.011939809657633305,
    0.96491849422454834,
    0.26227796077728271,
    0.19606541097164154,
    -0.74024277925491333,
    -0.1848667711019516,
    0.64642482995986938,
    0.41742271184921265,
    0,
    0,
    0,
    1.0000001192092896
  ],
  "projectionMatrix" : [
    1.6752935647964478,
    0,
    0.0096113085746765137,
    0,
    0,
    2.23372483253479,
    0.002317965030670166,
    0,
    0,
    0,
    -0.9999997615814209,
    -0.00099999981466680765,
    0,
    0,
    -1,
    0
  ],
  "intrinsics" : [
    1608.2818603515625,
    0,
    950.27313232421875,
    0,
    1608.2818603515625,
    721.1689453125,
    0,
    0,
    1
  ],
  "time" : 23767.68937016667,
  "averageAngularVelocity" : 0.16073083877563477,
  "motionQuality" : 0.94452404975891113,
  "exposureDuration" : 0.01666666753590107,
  "cameraGrain" : 0.38232225179672241
}