{
  "averageAngularVelocity" : 0.20256759226322174,
  "cameraGrain" : 0,
  "exposureDuration" : 0.01666666753590107,
  "projectionMatrix" : [
    1.6658788919448853,
    0,
    0.0093679428100585938,
    0,
    0,
    2.2211718559265137,
    0.0023048520088195801,
    0,
    0,
    0,
    -0.9999997615814209,
    -0.00099999981466680765,
    0,
    0,
    -1,
    0
  ],
  "averageVelocity" : 0.12256189435720444,
  "motionQuality" : 0.94212353229522705,
  "intrinsics" : [
    1599.2437744140625,
    0,
    950.50677490234375,
    0,
    1599.2437744140625,
    721.15948486328125,
    0,
    0,
    1
  ],
  "time" : 23764.221812500004,
  "frame_index" : 111,
  "cameraPoseARFrame" : [
    0.94256389141082764,
    -0.12595906853675842,
    0.30936688184738159,
    -0.063273489475250244,
    0.069136820733547211,
    0.9796869158744812,
    0.18823790550231934,
    0.31019321084022522,
    -0.32679310441017151,
    -0.1560375839471817,
    0.93212586641311646,
    0.18448752164840698,
    0,
    0,
    0,
    1
  ]
}