{
  "averageVelocity" : 0.1079152375459671,
  "cameraGrain" : 0.073228888213634491,
  "exposureDuration" : 0.01666666753590107,
  "frame_index" : 241,
  "averageAngularVelocity" : 0.33390796184539795,
  "motionQuality" : 0.9045976996421814,
  "projectionMatrix" : [
    1.6710569858551025,
    0,
    0.0097389817237854004,
    0,
    0,
    2.2280759811401367,
    0.0022689104080200195,
    0,
    0,
    0,
    -0.9999997615814209,
    -0.00099999981466680765,
    0,
    0,
    -1,
    0
  ],
  "intrinsics" : [
    1604.2147216796875,
    0,
    950.15057373046875,
    0,
    1604.2147216796875,
    721.13360595703125,
    0,
    0,
    1
  ],
  "time" : 23775.691969708339,
  "cameraPoseARFrame" : [
    0.9850878119468689,
    0.096815451979637146,
    -0.14222849905490875,
    0.32058727741241455,
    -0.075047202408313751,
    0.9856569766998291,
    0.15115633606910706,
    0.29559233784675598,
    0.15482263267040253,
    -0.13822841644287109,
    0.97822439670562744,
    0.083070449531078339,
    0,
    0,
    0,
    1.0000001192092896
  ]
}