{
  "frame_index" : 172,
  "averageAngularVelocity" : 0.39473271369934082,
  "exposureDuration" : 0.01666666753590107,
  "motionQuality" : 0.88721925020217896,
  "intrinsics" : [
    1607.8299560546875,
    0,
    950.12896728515625,
    0,
    1607.8299560546875,
    721.28753662109375,
    0,
    0,
    1
  ],
  "projectionMatrix" : [
    1.6748229265213013,
    0,
    0.009761512279510498,
    0,
    0,
    2.2330970764160156,
    0.0024827122688293457,
    0,
    0,
    0,
    -0.9999997615814209,
    -0.00099999981466680765,
    0,
    0,
    -1,
    0
  ],
  "averageVelocity" : 0.15458481013774872,
  "time" : 23769.589958000004,
  "cameraGrain" : 0.16603246331214905,
  "cameraPoseARFrame" : [
    0.90598618984222412,
    -0.18716336786746979,
    0.37968301773071289,
    0.12860488891601562,
    -0.02211432158946991,
    0.87479192018508911,
    0.48399388790130615,
    0.051827173680067062,
    -0.42272967100143433,
    -0.44688814878463745,
    0.7884102463722229,
    0.41527867317199707,
    0,
    0,
    0,
    1.0000001192092896
  ]
}