{
  "intrinsics" : [
    1607.8299560546875,
    0,
    950.17791748046875,
    0,
    1607.8299560546875,
    721.29156494140625,
    0,
    0,
    1
  ],
  "frame_index" : 186,
  "projectionMatrix" : [
    1.6748229265213013,
    0,
    0.0097104907035827637,
    0,
    0,
    2.2330970764160156,
    0.002488255500793457,
    0,
    0,
    0,
    -0.9999997615814209,
    -0.00099999981466680765,
    0,
    0,
    -1,
    0
  ],
  "averageVelocity" : 0,
  "averageAngularVelocity" : 0.13686572015285492,
  "exposureDuration" : 0.01666666753590107,
  "time" : 23770.825524250005,
  "cameraGrain" : 0.23493947088718414,
  "cameraPoseARFrame" : [
    0.99698030948638916,
    0.037408538162708282,
    -0.068052254617214203,
    0.29229822754859924,
    0.00026921459357254207,
    0.87465554475784302,
    0.48474499583244324,
    0.049138616770505905,
    0.077655799686908722,
    -0.48329952359199524,
    0.87200421094894409,
    0.35024899244308472,
    0,
    0,
    0,
    1.0000001192092896
  ],
  "motionQuality" : 0.96089553833007812
}