{
  "projectionMatrix" : [
    1.6672911643981934,
    0,
    0.0096755623817443848,
    0,
    0,
    2.2230548858642578,
    0.0023624897003173828,
    0,
    0,
    0,
    -0.9999997615814209,
    -0.00099999981466680765,
    0,
    0,
    -1,
    0
  ],
  "frame_index" : 352,
  "intrinsics" : [
    1600.5994873046875,
    0,
    950.21148681640625,
    0,
    1600.5994873046875,
    721.20098876953125,
    0,
    0,
    1
  ],
  "cameraPoseARFrame" : [
    0.97391289472579956,
    -0.059739995747804642,
    0.21891817450523376,
    0.11611945927143097,
    -0.019017718732357025,
    0.93984317779541016,
    0.34107652306556702,
    0.15928217768669128,
    -0.22612477838993073,
    -0.33634212613105774,
    0.91418904066085815,
    0.44550567865371704,
    0,
    0,
    0,
    1
  ],
  "cameraGrain" : 0.0616651251912117,
  "time" : 23785.394762583339,
  "averageVelocity" : 0,
  "motionQuality" : 0.98352420330047607,
  "averageAngularVelocity" : 0,
  "exposureDuration" : 0.01666666753590107
}