{
  "averageVelocity" : 0.22854915261268616,
  "exposureDuration" : 0.01666666753590107,
  "cameraPoseARFrame" : [
    0.98536163568496704,
    -0.036803141236305237,
    0.16645778715610504,
    0.13711434602737427,
    -0.023041302338242531,
    0.93870902061462402,
    0.34393978118896484,
    0.15836673974990845,
    -0.16891367733478546,
    -0.34274047613143921,
    0.92411983013153076,
    0.43653145432472229,
    0,
    0,
    0,
    1.0000002384185791
  ],
  "motionQuality" : 0.85665363073348999,
  "intrinsics" : [
    1603.7628173828125,
    0,
    950.18682861328125,
    0,
    1603.7628173828125,
    721.20184326171875,
    0,
    0,
    1
  ],
  "time" : 23783.627979708337,
  "cameraGrain" : 0,
  "projectionMatrix" : [
    1.6705862283706665,
    0,
    0.0097011923789978027,
    0,
    0,
    2.2274484634399414,
    0.0023636817932128906,
    0,
    0,
    0,
    -0.9999997615814209,
    -0.00099999981466680765,
    0,
    0,
    -1,
    0
  ],
  "frame_index" : 332,
  "averageAngularVelocity" : 0.50171226263046265
}