{
  "cameraGrain" : 0,
  "time" : 23778.72779870834,
  "exposureDuration" : 0.01666666753590107,
  "averageVelocity" : 0.20475848019123077,
  "cameraPoseARFrame" : [
    0.99960803985595703,
    -0.00036090871435590088,
    0.027997436001896858,
    0.18416546285152435,
    -0.0027990285307168961,
    0.99362015724182129,
    0.11274348944425583,
    0.3357098400592804,
    -0.027859684079885483,
    -0.11277766525745392,
    0.99322956800460815,
    0.077659033238887787,
    0,
    0,
    0,
    1
  ],
  "projectionMatrix" : [
    1.6710569858551025,
    0,
    0.0095118284225463867,
    0,
    0,
    2.2280759811401367,
    0.0022652745246887207,
    0,
    0,
    0,
    -0.9999997615814209,
    -0.00099999981466680765,
    0,
    0,
    -1,
    0
  ],
  "frame_index" : 276,
  "intrinsics" : [
    1604.2147216796875,
    0,
    950.36865234375,
    0,
    1604.2147216796875,
    721.1309814453125,
    0,
    0,
    1
  ],
  "motionQuality" : 0.89285022020339966,
  "averageAngularVelocity" : 0.37502419948577881
}