{
  "motionQuality" : 0.94042539596557617,
  "time" : 23776.224787541672,
  "cameraPoseARFrame" : [
    0.99437415599822998,
    0.091673336923122406,
    -0.053068846464157104,
    0.28225252032279968,
    -0.074582211673259735,
    0.96169286966323853,
    0.26378852128982544,
    0.20523573458194733,
    0.075218312442302704,
    -0.25834649801254272,
    0.96311956644058228,
    0.14586055278778076,
    0,
    0,
    0,
    1.0000001192092896
  ],
  "averageVelocity" : 0.20851121842861176,
  "exposureDuration" : 0.01666666753590107,
  "frame_index" : 247,
  "averageAngularVelocity" : 0,
  "projectionMatrix" : [
    1.67011559009552,
    0,
    0.0097945332527160645,
    0,
    0,
    2.226820707321167,
    0.0023114681243896484,
    0,
    0,
    0,
    -0.9999997615814209,
    -0.00099999981466680765,
    0,
    0,
    -1,
    0
  ],
  "intrinsics" : [
    1603.3109130859375,
    0,
    950.09722900390625,
    0,
    1603.3109130859375,
    721.16424560546875,
    0,
    0,
    1
  ],
  "cameraGrain" : 0
}