{
  "cameraGrain" : 0.20572018623352051,
  "frame_index" : 167,
  "averageAngularVelocity" : 0.53001153469085693,
  "cameraPoseARFrame" : [
    0.82393431663513184,
    -0.25369030237197876,
    0.50672847032546997,
    0.080276526510715485,
    -0.0094911428168416023,
    0.88789379596710205,
    0.45995068550109863,
    0.040333449840545654,
    -0.56660610437393188,
    -0.38377854228019714,
    0.72915828227996826,
    0.43095311522483826,
    0,
    0,
    0,
    1.0000002384185791
  ],
  "time" : 23769.188248916671,
  "exposureDuration" : 0.01666666753590107,
  "projectionMatrix" : [
    1.6729398965835571,
    0,
    0.009713292121887207,
    0,
    0,
    2.2305865287780762,
    0.0024598240852355957,
    0,
    0,
    0,
    -0.9999997615814209,
    -0.00099999981466680765,
    0,
    0,
    -1,
    0
  ],
  "intrinsics" : [
    1606.0223388671875,
    0,
    950.17523193359375,
    0,
    1606.0223388671875,
    721.27105712890625,
    0,
    0,
    1
  ],
  "motionQuality" : 0.8485681414604187,
  "averageVelocity" : 0.11085835844278336
}