{
  "intrinsics" : [
    1606.0223388671875,
    0,
    950.19580078125,
    0,
    1606.0223388671875,
    721.2252197265625,
    0,
    0,
    1
  ],
  "projectionMatrix" : [
    1.6729398965835571,
    0,
    0.0096918940544128418,
    0,
    0,
    2.2305865287780762,
    0.0023961663246154785,
    0,
    0,
    0,
    -0.9999997615814209,
    -0.00099999981466680765,
    0,
    0,
    -1,
    0
  ],
  "averageVelocity" : 0,
  "frame_index" : 7,
  "time" : 23755.518082208338,
  "cameraGrain" : 0.14600661396980286,
  "cameraPoseARFrame" : [
    0.8625444769859314,
    -0.1710456907749176,
    0.47619384527206421,
    0.029325975105166435,
    -0.01429198682308197,
    0.9325176477432251,
    0.36084163188934326,
    0.15258042514324188,
    -0.50577956438064575,
    -0.31804773211479187,
    0.80189323425292969,
    0.40127521753311157,
    0,
    0,
    0,
    1.0000001192092896
  ],
  "averageAngularVelocity" : 0.037292372435331345,
  "exposureDuration" : 0.01666666753590107,
  "motionQuality" : 0.9861217737197876
}