{
  "projectionMatrix" : [
    1.6734106540679932,
    0,
    0.0096626877784729004,
    0,
    0,
    2.2312142848968506,
    0.0023899674415588379,
    0,
    0,
    0,
    -0.9999997615814209,
    -0.00099999981466680765,
    0,
    0,
    -1,
    0
  ],
  "cameraPoseARFrame" : [
    0.87091994285583496,
    -0.16651132702827454,
    0.46235570311546326,
    0.025901129469275475,
    -0.011667756363749504,
    0.93357473611831665,
    0.35819274187088013,
    0.15384592115879059,
    -0.49128690361976624,
    -0.31735178828239441,
    0.81112587451934814,
    0.39446628093719482,
    0,
    0,
    0,
    1.0000001192092896
  ],
  "cameraGrain" : 0.13969661295413971,
  "intrinsics" : [
    1606.4742431640625,
    0,
    950.22381591796875,
    0,
    1606.4742431640625,
    721.22076416015625,
    0,
    0,
    1
  ],
  "motionQuality" : 0.9841805100440979,
  "frame_index" : 16,
  "time" : 23756.28307058334,
  "averageVelocity" : 0.035984713584184647,
  "averageAngularVelocity" : 0,
  "exposureDuration" : 0.01666666753590107
}