{
  "intrinsics" : [
    1607.8299560546875,
    0,
    950.1766357421875,
    0,
    1607.8299560546875,
    721.2900390625,
    0,
    0,
    1
  ],
  "frame_index" : 185,
  "projectionMatrix" : [
    1.6748229265213013,
    0,
    0.0097118616104125977,
    0,
    0,
    2.2330970764160156,
    0.0024861693382263184,
    0,
    0,
    0,
    -0.9999997615814209,
    -0.00099999981466680765,
    0,
    0,
    -1,
    0
  ],
  "averageVelocity" : 0.086081907153129578,
  "averageAngularVelocity" : 0.22209051251411438,
  "exposureDuration" : 0.01666666753590107,
  "time" : 23770.725501666671,
  "cameraGrain" : 0.22674751281738281,
  "cameraPoseARFrame" : [
    0.9979509711265564,
    0.032487474381923676,
    -0.0551251620054245,
    0.28731238842010498,
    -0.0018022705335170031,
    0.87544757127761841,
    0.48330977559089661,
    0.049726825207471848,
    0.063960596919059753,
    -0.48222008347511292,
    0.87371218204498291,
    0.35050562024116516,
    0,
    0,
    0,
    1.0000001192092896
  ],
  "motionQuality" : 0.93654555082321167
}