{
  "projectionMatrix" : [
    1.6672911643981934,
    0,
    0.0096657276153564453,
    0,
    0,
    2.2230548858642578,
    0.0023632645606994629,
    0,
    0,
    0,
    -0.9999997615814209,
    -0.00099999981466680765,
    0,
    0,
    -1,
    0
  ],
  "frame_index" : 351,
  "intrinsics" : [
    1600.5994873046875,
    0,
    950.22088623046875,
    0,
    1600.5994873046875,
    721.2015380859375,
    0,
    0,
    1
  ],
  "cameraPoseARFrame" : [
    0.97503554821014404,
    -0.061629503965377808,
    0.21332502365112305,
    0.11698638647794724,
    -0.015182750299572945,
    0.93995928764343262,
    0.34094887971878052,
    0.15981154143810272,
    -0.22152945399284363,
    -0.33567613363265991,
    0.91555792093276978,
    0.44653779268264771,
    0,
    0,
    0,
    1.0000001192092896
  ],
  "cameraGrain" : 0.062449317425489426,
  "time" : 23785.296290375005,
  "averageVelocity" : 0.0044450485147535801,
  "motionQuality" : 0.99661856889724731,
  "averageAngularVelocity" : 0.011835051700472832,
  "exposureDuration" : 0.01666666753590107
}