{
  "cameraGrain" : 0,
  "averageAngularVelocity" : 0.18287238478660583,
  "averageVelocity" : 0.14746777713298798,
  "cameraPoseARFrame" : [
    0.99410068988800049,
    -0.033394988626241684,
    0.10319351404905319,
    0.11288993805646896,
    0.016841286793351173,
    0.98740696907043457,
    0.15730160474777222,
    0.33303329348564148,
    -0.10714719444513321,
    -0.15463569760322571,
    0.98214429616928101,
    0.13302919268608093,
    0,
    0,
    0,
    1.0000001192092896
  ],
  "motionQuality" : 0.9477507472038269,
  "exposureDuration" : 0.01666666753590107,
  "frame_index" : 88,
  "intrinsics" : [
    1605.1185302734375,
    0,
    950.37890625,
    0,
    1605.1185302734375,
    721.14239501953125,
    0,
    0,
    1
  ],
  "projectionMatrix" : [
    1.6719985008239746,
    0,
    0.0095011591911315918,
    0,
    0,
    2.2293312549591064,
    0.0022811293601989746,
    0,
    0,
    0,
    -0.9999997615814209,
    -0.00099999981466680765,
    0,
    0,
    -1,
    0
  ],
  "time" : 23762.287352166673
}