{
  "projectionMatrix" : [
    1.6687033176422119,
    0,
    0.010078310966491699,
    0,
    0,
    2.2249376773834229,
    0.0027295351028442383,
    0,
    0,
    0,
    -0.9999997615814209,
    -0.00099999981466680765,
    0,
    0,
    -1,
    0
  ],
  "exposureDuration" : 0.01666666753590107,
  "cameraGrain" : 0.2037239670753479,
  "averageVelocity" : 0.046876575797796249,
  "time" : 23774.625471083338,
  "frame_index" : 229,
  "cameraPoseARFrame" : [
    0.92301833629608154,
    0.3175407350063324,
    -0.21726781129837036,
    0.39117839932441711,
    -0.096354655921459198,
    0.73746573925018311,
    0.6684759259223938,
    0.22704601287841797,
    0.37249580025672913,
    -0.59608083963394165,
    0.71129095554351807,
    0.061198391020298004,
    0,
    0,
    0,
    1.0000002384185791
  ],
  "intrinsics" : [
    1601.9552001953125,
    0,
    949.8248291015625,
    0,
    1601.9552001953125,
    721.46527099609375,
    0,
    0,
    1
  ],
  "motionQuality" : 0.97007459402084351,
  "averageAngularVelocity" : 0.10473901033401489
}