{
  "cameraPoseARFrame" : [
    0.99562913179397583,
    0.074143603444099426,
    -0.056793667376041412,
    0.28508293628692627,
    -0.054215952754020691,
    0.95397043228149414,
    0.29495939612388611,
    0.15685831010341644,
    0.076048731803894043,
    -0.2905910313129425,
    0.95382052659988403,
    0.17833453416824341,
    0,
    0,
    0,
    1.0000001192092896
  ],
  "averageAngularVelocity" : 0,
  "projectionMatrix" : [
    1.67011559009552,
    0,
    0.0097548365592956543,
    0,
    0,
    2.226820707321167,
    0.0023279786109924316,
    0,
    0,
    0,
    -0.9999997615814209,
    -0.00099999981466680765,
    0,
    0,
    -1,
    0
  ],
  "time" : 23776.691278708338,
  "intrinsics" : [
    1603.3109130859375,
    0,
    950.1353759765625,
    0,
    1603.3109130859375,
    721.1761474609375,
    0,
    0,
    1
  ],
  "motionQuality" : 0.97367596626281738,
  "cameraGrain" : 0.090338952839374542,
  "averageVelocity" : 0.08653847873210907,
  "exposureDuration" : 0.01666666753590107,
  "frame_index" : 252
}