{
  "cameraGrain" : 0,
  "averageAngularVelocity" : 0.25721362233161926,
  "averageVelocity" : 0.11674569547176361,
  "cameraPoseARFrame" : [
    0.99427038431167603,
    -0.026956513524055481,
    0.10344124585390091,
    0.15821413695812225,
    -0.012086877599358559,
    0.93312543630599976,
    0.3593478798866272,
    0.15684990584850311,
    -0.10621063411235809,
    -0.35853922367095947,
    0.92745304107666016,
    0.29531362652778625,
    0,
    0,
    0,
    1.0000001192092896
  ],
  "motionQuality" : 0.92651039361953735,
  "exposureDuration" : 0.01666666753590107,
  "frame_index" : 41,
  "intrinsics" : [
    1599.6956787109375,
    0,
    950.2176513671875,
    0,
    1599.6956787109375,
    721.21441650390625,
    0,
    0,
    1
  ],
  "projectionMatrix" : [
    1.6663496494293213,
    0,
    0.0096691250801086426,
    0,
    0,
    2.2217996120452881,
    0.0023811459541320801,
    0,
    0,
    0,
    -0.9999997615814209,
    -0.00099999981466680765,
    0,
    0,
    -1,
    0
  ],
  "time" : 23758.419330375003
}