{
  "averageAngularVelocity" : 0.58448320627212524,
  "averageVelocity" : 0.17945413291454315,
  "cameraGrain" : 0.17897017300128937,
  "exposureDuration" : 0.01666666753590107,
  "frame_index" : 180,
  "cameraPoseARFrame" : [
    0.99655276536941528,
    -0.037490606307983398,
    0.074008874595165253,
    0.24052181839942932,
    -0.0023257110733538866,
    0.87909603118896484,
    0.47663915157318115,
    0.051942657679319382,
    -0.082930527627468109,
    -0.47516819834709167,
    0.87597841024398804,
    0.3665769100189209,
    0,
    0,
    0,
    1.0000001192092896
  ],
  "projectionMatrix" : [
    1.6748229265213013,
    0,
    0.0097082257270812988,
    0,
    0,
    2.2330970764160156,
    0.00247955322265625,
    0,
    0,
    0,
    -0.9999997615814209,
    -0.00099999981466680765,
    0,
    0,
    -1,
    0
  ],
  "motionQuality" : 0.83300483226776123,
  "intrinsics" : [
    1607.8299560546875,
    0,
    950.18011474609375,
    0,
    1607.8299560546875,
    721.2852783203125,
    0,
    0,
    1
  ],
  "time" : 23770.324314333338
}