{
  "averageAngularVelocity" : 0.33055564761161804,
  "exposureDuration" : 0.01666666753590107,
  "intrinsics" : [
    1608.2818603515625,
    0,
    950.35577392578125,
    0,
    1608.2818603515625,
    721.156005859375,
    0,
    0,
    1
  ],
  "averageVelocity" : 0.25741320848464966,
  "cameraPoseARFrame" : [
    0.72466945648193359,
    -0.15533651411533356,
    0.67136049270629883,
    -0.099391840398311615,
    0.011043273843824863,
    0.97675436735153198,
    0.21407705545425415,
    0.26964119076728821,
    -0.68900829553604126,
    -0.147721067070961,
    0.70953935384750366,
    0.39049822092056274,
    0,
    0,
    0,
    1.0000001192092896
  ],
  "cameraGrain" : 0.37865641713142395,
  "projectionMatrix" : [
    1.6752935647964478,
    0,
    0.0095252394676208496,
    0,
    0,
    2.23372483253479,
    0.0023000240325927734,
    0,
    0,
    0,
    -0.9999997615814209,
    -0.00099999981466680765,
    0,
    0,
    -1,
    0
  ],
  "time" : 23767.089179958337,
  "frame_index" : 143,
  "motionQuality" : 0.90555554628372192
}