{
  "averageVelocity" : 0.14937576651573181,
  "frame_index" : 118,
  "cameraPoseARFrame" : [
    0.86056727170944214,
    -0.12300389260053635,
    0.49426141381263733,
    -0.11407674849033356,
    0.020367942750453949,
    0.97793585062026978,
    0.20791009068489075,
    0.27619045972824097,
    -0.5089297890663147,
    -0.16885349154472351,
    0.84408479928970337,
    0.22985661029815674,
    0,
    0,
    0,
    1.0000001192092896
  ],
  "exposureDuration" : 0.01666666753590107,
  "motionQuality" : 0.87921416759490967,
  "time" : 23764.853237583338,
  "cameraGrain" : 0.2614973783493042,
  "projectionMatrix" : [
    1.6672911643981934,
    0,
    0.0095056891441345215,
    0,
    0,
    2.2230548858642578,
    0.0023000240325927734,
    0,
    0,
    0,
    -0.9999997615814209,
    -0.00099999981466680765,
    0,
    0,
    -1,
    0
  ],
  "averageAngularVelocity" : 0.42275050282478333,
  "intrinsics" : [
    1600.5994873046875,
    0,
    950.37451171875,
    0,
    1600.5994873046875,
    721.156005859375,
    0,
    0,
    1
  ]
}