{
  "time" : 23756.718470625005,
  "averageVelocity" : 0,
  "averageAngularVelocity" : 0,
  "intrinsics" : [
    1606.4742431640625,
    0,
    950.224853515625,
    0,
    1606.4742431640625,
    721.22296142578125,
    0,
    0,
    1
  ],
  "cameraGrain" : 0.13491690158843994,
  "exposureDuration" : 0.01666666753590107,
  "projectionMatrix" : [
    1.6734106540679932,
    0,
    0.0096616148948669434,
    0,
    0,
    2.2312142848968506,
    0.0023930072784423828,
    0,
    0,
    0,
    -0.9999997615814209,
    -0.00099999981466680765,
    0,
    0,
    -1,
    0
  ],
  "motionQuality" : 0.99384546279907227,
  "cameraPoseARFrame" : [
    0.87514829635620117,
    -0.16729691624641418,
    0.45401275157928467,
    0.026274789124727249,
    -0.010091657750308514,
    0.93180859088897705,
    0.36281007528305054,
    0.15297017991542816,
    -0.48375001549720764,
    -0.32209429144859314,
    0.81378215551376343,
    0.38966083526611328,
    0,
    0,
    0,
    1.0000001192092896
  ],
  "frame_index" : 21
}