{
  "cameraPoseARFrame" : [
    0.67929118871688843,
    -0.17008970677852631,
    0.71388596296310425,
    -0.08022502064704895,
    -0.015364288352429867,
    0.96926093101501465,
    0.24555478990077972,
    0.22347502410411835,
    -0.73370826244354248,
    -0.17777152359485626,
    0.65579694509506226,
    0.41546839475631714,
    0,
    0,
    0,
    1.0000001192092896
  ],
  "cameraGrain" : 0.40676304697990417,
  "exposureDuration" : 0.01666666753590107,
  "averageAngularVelocity" : 0.12238159030675888,
  "projectionMatrix" : [
    1.6752935647964478,
    0,
    0.0096117258071899414,
    0,
    0,
    2.23372483253479,
    0.0023096799850463867,
    0,
    0,
    0,
    -0.9999997615814209,
    -0.00099999981466680765,
    0,
    0,
    -1,
    0
  ],
  "intrinsics" : [
    1608.2818603515625,
    0,
    950.27276611328125,
    0,
    1608.2818603515625,
    721.1629638671875,
    0,
    0,
    1
  ],
  "frame_index" : 147,
  "averageVelocity" : 0.12722918391227722,
  "motionQuality" : 0.96364879608154297,
  "time" : 23767.489679333339
}