{
  "intrinsics" : [
    1607.8299560546875,
    0,
    950.193603515625,
    0,
    1607.8299560546875,
    721.29241943359375,
    0,
    0,
    1
  ],
  "motionQuality" : 0.94863307476043701,
  "frame_index" : 190,
  "time" : 23771.190791750007,
  "averageVelocity" : 0,
  "cameraGrain" : 0.25233444571495056,
  "exposureDuration" : 0.01666666753590107,
  "averageAngularVelocity" : 0.17978434264659882,
  "projectionMatrix" : [
    1.6748229265213013,
    0,
    0.0096941590309143066,
    0,
    0,
    2.2330970764160156,
    0.0024894475936889648,
    0,
    0,
    0,
    -0.9999997615814209,
    -0.00099999981466680765,
    0,
    0,
    -1,
    0
  ],
  "cameraPoseARFrame" : [
    0.99342554807662964,
    0.048244453966617584,
    -0.10381913185119629,
    0.30304840207099915,
    0.0079882573336362839,
    0.87544393539428711,
    0.48325368762016296,
    0.048144392669200897,
    0.11420212686061859,
    -0.48090583086013794,
    0.86930286884307861,
    0.34972375631332397,
    0,
    0,
    0,
    1
  ]
}