{
  "intrinsics" : [
    1604.2147216796875,
    0,
    950.247314453125,
    0,
    1604.2147216796875,
    721.1427001953125,
    0,
    0,
    1
  ],
  "frame_index" : 320,
  "projectionMatrix" : [
    1.6710569858551025,
    0,
    0.0096381902694702148,
    0,
    0,
    2.2280759811401367,
    0.0022815465927124023,
    0,
    0,
    0,
    -0.9999997615814209,
    -0.00099999981466680765,
    0,
    0,
    -1,
    0
  ],
  "motionQuality" : 0.87779676914215088,
  "cameraGrain" : 0,
  "exposureDuration" : 0.01666666753590107,
  "averageAngularVelocity" : 0.42771139740943909,
  "time" : 23782.493946250004,
  "averageVelocity" : 0.32907065749168396,
  "cameraPoseARFrame" : [
    0.99934196472167969,
    0.036103907972574234,
    -0.0035029877908527851,
    0.23315523564815521,
    -0.034759208559989929,
    0.98075973987579346,
    0.19209857285022736,
    0.30183851718902588,
    0.010370945557951927,
    -0.19185040891170502,
    0.9813692569732666,
    0.10920888930559158,
    0,
    0,
    0,
    1
  ]
}