{
  "averageAngularVelocity" : 0.19880759716033936,
  "averageVelocity" : 0.18228021264076233,
  "time" : 23773.791468166673,
  "cameraPoseARFrame" : [
    0.91761046648025513,
    0.36073276400566101,
    -0.1669229120016098,
    0.4201388955116272,
    -0.18365493416786194,
    0.75721704959869385,
    0.62681204080581665,
    0.21658053994178772,
    0.35250836610794067,
    -0.5445130467414856,
    0.76108044385910034,
    0.1036406084895134,
    0,
    0,
    0,
    1.0000002384185791
  ],
  "frame_index" : 220,
  "cameraGrain" : 0.20306074619293213,
  "exposureDuration" : 0.01666666753590107,
  "motionQuality" : 0.94319784641265869,
  "projectionMatrix" : [
    1.6729398965835571,
    0,
    0.010291695594787598,
    0,
    0,
    2.2305865287780762,
    0.002672731876373291,
    0,
    0,
    0,
    -0.9999997615814209,
    -0.00099999981466680765,
    0,
    0,
    -1,
    0
  ],
  "intrinsics" : [
    1606.0223388671875,
    0,
    949.6199951171875,
    0,
    1606.0223388671875,
    721.42437744140625,
    0,
    0,
    1
  ]
}