{
  "cameraGrain" : 0,
  "averageAngularVelocity" : 0.41208556294441223,
  "averageVelocity" : 0.14595720171928406,
  "cameraPoseARFrame" : [
    0.91968607902526855,
    -0.14646044373512268,
    0.36431729793548584,
    0.041464436799287796,
    0.0059429868124425411,
    0.93291693925857544,
    0.36004263162612915,
    0.15140436589717865,
    -0.39260980486869812,
    -0.32896104454994202,
    0.85886108875274658,
    0.35844141244888306,
    0,
    0,
    0,
    1.0000001192092896
  ],
  "motionQuality" : 0.88226127624511719,
  "exposureDuration" : 0.01666666753590107,
  "frame_index" : 30,
  "intrinsics" : [
    1606.4742431640625,
    0,
    950.27313232421875,
    0,
    1606.4742431640625,
    721.22149658203125,
    0,
    0,
    1
  ],
  "projectionMatrix" : [
    1.6734106540679932,
    0,
    0.0096113085746765137,
    0,
    0,
    2.2312142848968506,
    0.0023909807205200195,
    0,
    0,
    0,
    -0.9999997615814209,
    -0.00099999981466680765,
    0,
    0,
    -1,
    0
  ],
  "time" : 23757.518573250007
}