{
  "projectionMatrix" : [
    1.6710569858551025,
    0,
    0.0094556212425231934,
    0,
    0,
    2.2280759811401367,
    0.0022804141044616699,
    0,
    0,
    0,
    -0.9999997615814209,
    -0.00099999981466680765,
    0,
    0,
    -1,
    0
  ],
  "time" : 23780.760462000006,
  "averageVelocity" : 0.48263368010520935,
  "cameraGrain" : 0,
  "intrinsics" : [
    1604.2147216796875,
    0,
    950.422607421875,
    0,
    1604.2147216796875,
    721.14190673828125,
    0,
    0,
    1
  ],
  "motionQuality" : 0.76972073316574097,
  "cameraPoseARFrame" : [
    0.99361938238143921,
    -0.039873167872428894,
    0.1055026575922966,
    0.14783082902431488,
    0.023555345833301544,
    0.98815852403640747,
    0.15161673724651337,
    0.33358010649681091,
    -0.11029894649982452,
    -0.14816416800022125,
    0.98279261589050293,
    0.1165444403886795,
    0,
    0,
    0,
    0.99999994039535522
  ],
  "frame_index" : 300,
  "exposureDuration" : 0.01666666753590107,
  "averageAngularVelocity" : 0.805977463722229
}