{
  "motionQuality" : 0.93864631652832031,
  "time" : 23777.560100708339,
  "intrinsics" : [
    1601.0513916015625,
    0,
    950.2176513671875,
    0,
    1601.0513916015625,
    721.15911865234375,
    0,
    0,
    1
  ],
  "averageAngularVelocity" : 0,
  "cameraGrain" : 0,
  "projectionMatrix" : [
    1.6677619218826294,
    0,
    0.0096691250801086426,
    0,
    0,
    2.2236824035644531,
    0.0023043155670166016,
    0,
    0,
    0,
    -0.9999997615814209,
    -0.00099999981466680765,
    0,
    0,
    -1,
    0
  ],
  "cameraPoseARFrame" : [
    0.99901860952377319,
    0.025984933599829674,
    0.035873033106327057,
    0.18968331813812256,
    -0.033977188169956207,
    0.96912211179733276,
    0.2442290186882019,
    0.25369775295257568,
    -0.028419382870197296,
    -0.24520817399024963,
    0.96905386447906494,
    0.14490807056427002,
    0,
    0,
    0,
    1
  ],
  "frame_index" : 262,
  "averageVelocity" : 0.21473787724971771,
  "exposureDuration" : 0.01666666753590107
}