{
  "averageVelocity" : 0.16690194606781006,
  "exposureDuration" : 0.01666666753590107,
  "motionQuality" : 0.9340362548828125,
  "time" : 23779.827187083338,
  "cameraPoseARFrame" : [
    0.94490861892700195,
    -0.097908638417720795,
    0.31234908103942871,
    -0.0032458880450576544,
    0.011745697818696499,
    0.96374613046646118,
    0.26656225323677063,
    0.20774291455745697,
    -0.32712402939796448,
    -0.24820815026760101,
    0.91180193424224854,
    0.16858896613121033,
    0,
    0,
    0,
    1.0000001192092896
  ],
  "intrinsics" : [
    1603.7628173828125,
    0,
    950.33404541015625,
    0,
    1603.7628173828125,
    721.1719970703125,
    0,
    0,
    1
  ],
  "frame_index" : 288,
  "averageAngularVelocity" : 0.23087310791015625,
  "cameraGrain" : 0.02539193257689476,
  "projectionMatrix" : [
    1.6705862283706665,
    0,
    0.009547889232635498,
    0,
    0,
    2.2274484634399414,
    0.0023221969604492188,
    0,
    0,
    0,
    -0.9999997615814209,
    -0.00099999981466680765,
    0,
    0,
    -1,
    0
  ]
}