{
  "frame_index" : 173,
  "averageAngularVelocity" : 0.49624475836753845,
  "exposureDuration" : 0.01666666753590107,
  "intrinsics" : [
    1607.8299560546875,
    0,
    950.1397705078125,
    0,
    1607.8299560546875,
    721.2840576171875,
    0,
    0,
    1
  ],
  "motionQuality" : 0.8582158088684082,
  "projectionMatrix" : [
    1.6748229265213013,
    0,
    0.0097502470016479492,
    0,
    0,
    2.2330970764160156,
    0.0024778842926025391,
    0,
    0,
    0,
    -0.9999997615814209,
    -0.00099999981466680765,
    0,
    0,
    -1,
    0
  ],
  "averageVelocity" : 0.15955688059329987,
  "time" : 23769.690086750004,
  "cameraGrain" : 0.15868966281414032,
  "cameraPoseARFrame" : [
    0.927692711353302,
    -0.16310130059719086,
    0.33583399653434753,
    0.14213806390762329,
    -0.018733495846390724,
    0.87805831432342529,
    0.47818675637245178,
    0.054848413914442062,
    -0.37287479639053345,
    -0.44990170001983643,
    0.81151276826858521,
    0.40738457441329956,
    0,
    0,
    0,
    1.0000001192092896
  ]
}