{
  "cameraPoseARFrame" : [
    0.962718665599823,
    -0.073249883949756622,
    0.26039862632751465,
    -0.0010696504032239318,
    0.033679969608783722,
    0.98760634660720825,
    0.15329462289810181,
    0.33374902606010437,
    -0.26840022206306458,
    -0.13880936801433563,
    0.95325404405593872,
    0.17485997080802917,
    0,
    0,
    0,
    1.0000001192092896
  ],
  "frame_index" : 100,
  "projectionMatrix" : [
    1.6743521690368652,
    0,
    0.0094460248947143555,
    0,
    0,
    2.2324695587158203,
    0.0022838115692138672,
    0,
    0,
    0,
    -0.9999997615814209,
    -0.00099999981466680765,
    0,
    0,
    -1,
    0
  ],
  "exposureDuration" : 0.01666666753590107,
  "intrinsics" : [
    1607.3780517578125,
    0,
    950.43182373046875,
    0,
    1607.3780517578125,
    721.14434814453125,
    0,
    0,
    1
  ],
  "time" : 23763.352526625004,
  "averageAngularVelocity" : 0.074271537363529205,
  "cameraGrain" : 0.040228109806776047,
  "motionQuality" : 0.97686094045639038,
  "averageVelocity" : 0.080986775457859039
}