{
  "cameraGrain" : 0.13424883782863617,
  "averageAngularVelocity" : 0.0044382303021848202,
  "averageVelocity" : 0,
  "cameraPoseARFrame" : [
    0.87510651350021362,
    -0.16773137450218201,
    0.45393294095993042,
    0.026847772300243378,
    -0.0095771988853812218,
    0.93182587623596191,
    0.36277934908866882,
    0.15310835838317871,
    -0.48383602499961853,
    -0.32181790471076965,
    0.81384032964706421,
    0.38907372951507568,
    0,
    0,
    0,
    1.0000001192092896
  ],
  "motionQuality" : 0.99873191118240356,
  "exposureDuration" : 0.01666666753590107,
  "frame_index" : 24,
  "intrinsics" : [
    1606.4742431640625,
    0,
    950.2275390625,
    0,
    1606.4742431640625,
    721.222412109375,
    0,
    0,
    1
  ],
  "projectionMatrix" : [
    1.6734106540679932,
    0,
    0.0096588134765625,
    0,
    0,
    2.2312142848968506,
    0.0023922324180603027,
    0,
    0,
    0,
    -0.9999997615814209,
    -0.00099999981466680765,
    0,
    0,
    -1,
    0
  ],
  "time" : 23756.983280583339
}