{
  "time" : 23781.49436870834,
  "motionQuality" : 0.97379571199417114,
  "frame_index" : 308,
  "intrinsics" : [
    1604.6666259765625,
    0,
    950.43145751953125,
    0,
    1604.6666259765625,
    721.1236572265625,
    0,
    0,
    1
  ],
  "projectionMatrix" : [
    1.6715277433395386,
    0,
    0.0094463825225830078,
    0,
    0,
    2.2287037372589111,
    0.0022550821304321289,
    0,
    0,
    0,
    -0.9999997615814209,
    -0.00099999981466680765,
    0,
    0,
    -1,
    0
  ],
  "averageVelocity" : 0.088612057268619537,
  "averageAngularVelocity" : 0,
  "cameraPoseARFrame" : [
    0.99964326620101929,
    -0.0010335010010749102,
    -0.026695162057876587,
    0.24900418519973755,
    0.001458819373510778,
    0.99987226724624634,
    0.015917861834168434,
    0.39814957976341248,
    0.026675194501876831,
    -0.015951124951243401,
    0.99951696395874023,
    0.039888568222522736,
    0,
    0,
    0,
    1.0000002384185791
  ],
  "cameraGrain" : 0.091851316392421722,
  "exposureDuration" : 0.01666666753590107
}