{
  "frame_index" : 191,
  "projectionMatrix" : [
    1.6748229265213013,
    0,
    0.0096854567527770996,
    0,
    0,
    2.2330970764160156,
    0.002486109733581543,
    0,
    0,
    0,
    -0.9999997615814209,
    -0.00099999981466680765,
    0,
    0,
    -1,
    0
  ],
  "time" : 23771.29090883334,
  "averageAngularVelocity" : 0.27651527523994446,
  "intrinsics" : [
    1607.8299560546875,
    0,
    950.20196533203125,
    0,
    1607.8299560546875,
    721.28997802734375,
    0,
    0,
    1
  ],
  "exposureDuration" : 0.01666666753590107,
  "averageVelocity" : 0.10177355259656906,
  "cameraPoseARFrame" : [
    0.98949170112609863,
    0.060133833438158035,
    -0.1314929723739624,
    0.31328845024108887,
    0.010305436328053474,
    0.87777197360992432,
    0.47896784543991089,
    0.049744706600904465,
    0.14422298967838287,
    -0.47528979182243347,
    0.86792826652526855,
    0.34865903854370117,
    0,
    0,
    0,
    1.0000001192092896
  ],
  "cameraGrain" : 0.2626376748085022,
  "motionQuality" : 0.92099565267562866
}