{
  "motionQuality" : 0.83938789367675781,
  "frame_index" : 244,
  "projectionMatrix" : [
    1.6705862283706665,
    0,
    0.0097760558128356934,
    0,
    0,
    2.2274484634399414,
    0.0022869706153869629,
    0,
    0,
    0,
    -0.9999997615814209,
    -0.00099999981466680765,
    0,
    0,
    -1,
    0
  ],
  "cameraPoseARFrame" : [
    0.99157434701919556,
    0.098093472421169281,
    -0.084606364369392395,
    0.29622864723205566,
    -0.078567549586296082,
    0.97469604015350342,
    0.20927207171916962,
    0.246699258685112,
    0.10299357026815414,
    -0.20086152851581573,
    0.97419047355651855,
    0.10101696103811264,
    0,
    0,
    0,
    1.0000001192092896
  ],
  "intrinsics" : [
    1603.7628173828125,
    0,
    950.114990234375,
    0,
    1603.7628173828125,
    721.1466064453125,
    0,
    0,
    1
  ],
  "exposureDuration" : 0.01666666753590107,
  "cameraGrain" : 0,
  "averageVelocity" : 0.2902756929397583,
  "time" : 23775.959557833339,
  "averageAngularVelocity" : 0.56214249134063721
}