{
  "time" : 23773.992006791672,
  "projectionMatrix" : [
    1.6687033176422119,
    0,
    0.010217905044555664,
    0,
    0,
    2.2249376773834229,
    0.0026687383651733398,
    0,
    0,
    0,
    -0.9999997615814209,
    -0.00099999981466680765,
    0,
    0,
    -1,
    0
  ],
  "cameraGrain" : 0.20439071953296661,
  "intrinsics" : [
    1601.9552001953125,
    0,
    949.6907958984375,
    0,
    1601.9552001953125,
    721.4215087890625,
    0,
    0,
    1
  ],
  "cameraPoseARFrame" : [
    0.92590999603271484,
    0.33345034718513489,
    -0.17748695611953735,
    0.40159466862678528,
    -0.15456865727901459,
    0.76316934823989868,
    0.62744015455245972,
    0.22511298954486847,
    0.34467262029647827,
    -0.55351918935775757,
    0.75816714763641357,
    0.079287804663181305,
    0,
    0,
    0,
    1.0000001192092896
  ],
  "frame_index" : 222,
  "motionQuality" : 0.95607954263687134,
  "averageVelocity" : 0.15372166037559509,
  "averageAngularVelocity" : 0.11623302102088928,
  "exposureDuration" : 0.01666666753590107
}