{
  "cameraGrain" : 0.06424451619386673,
  "averageAngularVelocity" : 0.38019299507141113,
  "averageVelocity" : 0.200469970703125,
  "cameraPoseARFrame" : [
    0.9556729793548584,
    -0.10810445994138718,
    0.27386632561683655,
    0.080983437597751617,
    0.0030685658566653728,
    0.93376255035400391,
    0.35788014531135559,
    0.1511436253786087,
    -0.2944146990776062,
    -0.34117603302001953,
    0.89270317554473877,
    0.32752057909965515,
    0,
    0,
    0,
    1.0000001192092896
  ],
  "motionQuality" : 0.89137345552444458,
  "exposureDuration" : 0.01666666753590107,
  "frame_index" : 33,
  "intrinsics" : [
    1605.1185302734375,
    0,
    950.2646484375,
    0,
    1605.1185302734375,
    721.21868896484375,
    0,
    0,
    1
  ],
  "projectionMatrix" : [
    1.6719985008239746,
    0,
    0.0096201300621032715,
    0,
    0,
    2.2293312549591064,
    0.0023870468139648438,
    0,
    0,
    0,
    -0.9999997615814209,
    -0.00099999981466680765,
    0,
    0,
    -1,
    0
  ],
  "time" : 23757.783956166673
}