{
  "cameraGrain" : 0,
  "averageAngularVelocity" : 0.26501765847206116,
  "averageVelocity" : 0.15756940841674805,
  "cameraPoseARFrame" : [
    0.99998307228088379,
    -0.00094583176542073488,
    0.0057484745047986507,
    0.17869922518730164,
    3.2408097467850894e-05,
    0.98762047290802002,
    0.15686249732971191,
    0.33333319425582886,
    -0.0058257603086531162,
    -0.15685965120792389,
    0.98760372400283813,
    0.11688073724508286,
    0,
    0,
    0,
    1.0000001192092896
  ],
  "motionQuality" : 0.92428064346313477,
  "exposureDuration" : 0.01666666753590107,
  "frame_index" : 82,
  "intrinsics" : [
    1605.1185302734375,
    0,
    950.3299560546875,
    0,
    1605.1185302734375,
    721.13995361328125,
    0,
    0,
    1
  ],
  "projectionMatrix" : [
    1.6719985008239746,
    0,
    0.0095521211624145508,
    0,
    0,
    2.2293312549591064,
    0.0022777318954467773,
    0,
    0,
    0,
    -0.9999997615814209,
    -0.00099999981466680765,
    0,
    0,
    -1,
    0
  ],
  "time" : 23761.885297708337
}