{
  "cameraPoseARFrame" : [
    0.73914819955825806,
    -0.28373131155967712,
    0.61086553335189819,
    0.049554463475942612,
    -0.015285836532711983,
    0.8996436595916748,
    0.43635720014572144,
    0.036285094916820526,
    -0.67336958646774292,
    -0.33187016844749451,
    0.66063272953033447,
    0.43900173902511597,
    0,
    0,
    0,
    1
  ],
  "cameraGrain" : 0.25076118111610413,
  "exposureDuration" : 0.01666666753590107,
  "averageVelocity" : 0.10893227905035019,
  "motionQuality" : 0.89812034368515015,
  "time" : 23768.92194779167,
  "intrinsics" : [
    1597.4361572265625,
    0,
    950.17315673828125,
    0,
    1597.4361572265625,
    721.2548828125,
    0,
    0,
    1
  ],
  "projectionMatrix" : [
    1.6639959812164307,
    0,
    0.0097154378890991211,
    0,
    0,
    2.2186613082885742,
    0.0024373531341552734,
    0,
    0,
    0,
    -0.9999997615814209,
    -0.00099999981466680765,
    0,
    0,
    -1,
    0
  ],
  "frame_index" : 164,
  "averageAngularVelocity" : 0.35657870769500732
}