{
  "cameraGrain" : 0.044394519180059433,
  "averageAngularVelocity" : 0.30428281426429749,
  "averageVelocity" : 0.11612185835838318,
  "cameraPoseARFrame" : [
    0.99984228610992432,
    0.003747949842363596,
    0.017364190891385078,
    0.19160428643226624,
    -0.0096128284931182861,
    0.93615764379501343,
    0.35144931077957153,
    0.16084437072277069,
    -0.01493860874325037,
    -0.35156083106994629,
    0.93604594469070435,
    0.29073697328567505,
    0,
    0,
    0,
    1.0000001192092896
  ],
  "motionQuality" : 0.91306203603744507,
  "exposureDuration" : 0.01666666753590107,
  "frame_index" : 45,
  "intrinsics" : [
    1599.6956787109375,
    0,
    950.22393798828125,
    0,
    1599.6956787109375,
    721.20977783203125,
    0,
    0,
    1
  ],
  "projectionMatrix" : [
    1.6663496494293213,
    0,
    0.0096625685691833496,
    0,
    0,
    2.2217996120452881,
    0.0023747086524963379,
    0,
    0,
    0,
    -0.9999997615814209,
    -0.00099999981466680765,
    0,
    0,
    -1,
    0
  ],
  "time" : 23758.71959258334
}