{
  "cameraPoseARFrame" : [
    0.97741293907165527,
    -0.073507383465766907,
    0.1981433779001236,
    0.11382831633090973,
    0.0029769593384116888,
    0.94225794076919556,
    0.33487480878829956,
    0.15792486071586609,
    -0.21131798624992371,
    -0.32672107219696045,
    0.92119383811950684,
    0.44405937194824219,
    0,
    0,
    0,
    1
  ],
  "motionQuality" : 0.96097636222839355,
  "intrinsics" : [
    1607.8299560546875,
    0,
    950.26123046875,
    0,
    1607.8299560546875,
    721.2000732421875,
    0,
    0,
    1
  ],
  "averageAngularVelocity" : 0.13658274710178375,
  "projectionMatrix" : [
    1.6748229265213013,
    0,
    0.0096237063407897949,
    0,
    0,
    2.2330970764160156,
    0.0023612380027770996,
    0,
    0,
    0,
    -0.9999997615814209,
    -0.00099999981466680765,
    0,
    0,
    -1,
    0
  ],
  "averageVelocity" : 0.10377749055624008,
  "cameraGrain" : 0.059519905596971512,
  "frame_index" : 334,
  "time" : 23783.828621416673,
  "exposureDuration" : 0.01666666753590107
}