{
  "intrinsics" : [
    1600.1475830078125,
    0,
    949.91400146484375,
    0,
    1600.1475830078125,
    721.2938232421875,
    0,
    0,
    1
  ],
  "cameraPoseARFrame" : [
    0.86751836538314819,
    -0.16597133874893188,
    0.46889838576316833,
    0.052037417888641357,
    -0.1033606231212616,
    0.86195945739746094,
    0.49632889032363892,
    0.10752810537815094,
    -0.48654794692993164,
    -0.47904002666473389,
    0.73061060905456543,
    0.27743732929229736,
    0,
    0,
    0,
    1.0000001192092896
  ],
  "frame_index" : 378,
  "averageAngularVelocity" : 1.0649269819259644,
  "cameraGrain" : 0.11570391058921814,
  "time" : 23787.533015375004,
  "exposureDuration" : 0.01666666753590107,
  "projectionMatrix" : [
    1.6668204069137573,
    0,
    0.0099853873252868652,
    0,
    0,
    2.2224271297454834,
    0.0024914145469665527,
    0,
    0,
    0,
    -0.9999997615814209,
    -0.00099999981466680765,
    0,
    0,
    -1,
    0
  ],
  "averageVelocity" : 0.25315505266189575,
  "motionQuality" : 0.69573515653610229
}