{
  "projectionMatrix" : [
    1.6734106540679932,
    0,
    0.0096670985221862793,
    0,
    0,
    2.2312142848968506,
    0.0023916363716125488,
    0,
    0,
    0,
    -0.9999997615814209,
    -0.00099999981466680765,
    0,
    0,
    -1,
    0
  ],
  "cameraPoseARFrame" : [
    0.8587079644203186,
    -0.17755730450153351,
    0.48072278499603271,
    0.023749897256493568,
    -0.0093215294182300568,
    0.93249166011810303,
    0.36107122898101807,
    0.1519635021686554,
    -0.51238089799880981,
    -0.31453576683998108,
    0.79908275604248047,
    0.40756964683532715,
    0,
    0,
    0,
    1
  ],
  "cameraGrain" : 0.15213306248188019,
  "intrinsics" : [
    1606.4742431640625,
    0,
    950.2196044921875,
    0,
    1606.4742431640625,
    721.22198486328125,
    0,
    0,
    1
  ],
  "motionQuality" : 0.99053770303726196,
  "frame_index" : 12,
  "time" : 23755.949581875004,
  "averageVelocity" : 0.02416251040995121,
  "averageAngularVelocity" : 0.033117949962615967,
  "exposureDuration" : 0.01666666753590107
}