{
  "cameraGrain" : 0.10206615179777145,
  "averageAngularVelocity" : 0,
  "averageVelocity" : 0.10477777570486069,
  "cameraPoseARFrame" : [
    0.98739689588546753,
    0.0689067542552948,
    -0.14247629046440125,
    0.30022510886192322,
    -0.022624487057328224,
    0.95245200395584106,
    0.30384710431098938,
    0.2039322704076767,
    0.15663889050483704,
    -0.29679423570632935,
    0.94200712442398071,
    0.22767820954322815,
    0,
    0,
    0,
    1.0000001192092896
  ],
  "motionQuality" : 0.97006350755691528,
  "exposureDuration" : 0.01666666753590107,
  "frame_index" : 60,
  "intrinsics" : [
    1600.1475830078125,
    0,
    950.19940185546875,
    0,
    1600.1475830078125,
    721.1845703125,
    0,
    0,
    1
  ],
  "projectionMatrix" : [
    1.6668204069137573,
    0,
    0.0096881389617919922,
    0,
    0,
    2.2224271297454834,
    0.0023396611213684082,
    0,
    0,
    0,
    -0.9999997615814209,
    -0.00099999981466680765,
    0,
    0,
    -1,
    0
  ],
  "time" : 23760.020152791672
}