{
  "time" : 23774.091963666673,
  "projectionMatrix" : [
    1.6668204069137573,
    0,
    0.010163307189941406,
    0,
    0,
    2.2224271297454834,
    0.0026803016662597656,
    0,
    0,
    0,
    -0.9999997615814209,
    -0.00099999981466680765,
    0,
    0,
    -1,
    0
  ],
  "cameraGrain" : 0.20439071953296661,
  "intrinsics" : [
    1600.1475830078125,
    0,
    949.74322509765625,
    0,
    1600.1475830078125,
    721.4298095703125,
    0,
    0,
    1
  ],
  "cameraPoseARFrame" : [
    0.92467111349105835,
    0.32619938254356384,
    -0.19641171395778656,
    0.39635804295539856,
    -0.1325794905424118,
    0.75937420129776001,
    0.63700354099273682,
    0.22457203269004822,
    0.35694006085395813,
    -0.56297856569290161,
    0.74541866779327393,
    0.07146134227514267,
    0,
    0,
    0,
    1
  ],
  "frame_index" : 223,
  "motionQuality" : 0.9303056001663208,
  "averageVelocity" : 0.097968935966491699,
  "averageAngularVelocity" : 0.24393042922019958,
  "exposureDuration" : 0.01666666753590107
}