{
  "cameraPoseARFrame" : [
    0.97463750839233398,
    -0.084350183606147766,
    0.20728492736816406,
    0.20357446372509003,
    -0.026238987222313881,
    0.87678664922714233,
    0.48016324639320374,
    0.0550963394343853,
    -0.22224663197994232,
    -0.47342401742935181,
    0.85233581066131592,
    0.38497084379196167,
    0,
    0,
    0,
    1.0000001192092896
  ],
  "motionQuality" : 0.89214843511581421,
  "averageAngularVelocity" : 0.37748041749000549,
  "averageVelocity" : 0.16842511296272278,
  "intrinsics" : [
    1607.8299560546875,
    0,
    950.1171875,
    0,
    1607.8299560546875,
    721.2852783203125,
    0,
    0,
    1
  ],
  "cameraGrain" : 0.16096256673336029,
  "time" : 23770.090356791672,
  "exposureDuration" : 0.01666666753590107,
  "projectionMatrix" : [
    1.6748229265213013,
    0,
    0.0097737908363342285,
    0,
    0,
    2.2330970764160156,
    0.00247955322265625,
    0,
    0,
    0,
    -0.9999997615814209,
    -0.00099999981466680765,
    0,
    0,
    -1,
    0
  ],
  "frame_index" : 177
}