{
  "motionQuality" : 0.93782901763916016,
  "time" : 23767.787712500005,
  "cameraGrain" : 0.35245746374130249,
  "cameraPoseARFrame" : [
    0.67795270681381226,
    -0.1977834552526474,
    0.70799851417541504,
    -0.045424222946166992,
    -0.013616868294775486,
    0.95958083868026733,
    0.28110340237617493,
    0.17862117290496826,
    -0.73497956991195679,
    -0.20021551847457886,
    0.64785706996917725,
    0.41362571716308594,
    0,
    0,
    0,
    1
  ],
  "intrinsics" : [
    1607.8299560546875,
    0,
    950.26019287109375,
    0,
    1607.8299560546875,
    721.17578125,
    0,
    0,
    1
  ],
  "projectionMatrix" : [
    1.6748229265213013,
    0,
    0.009624779224395752,
    0,
    0,
    2.2330970764160156,
    0.0023275017738342285,
    0,
    0,
    0,
    -0.9999997615814209,
    -0.00099999981466680765,
    0,
    0,
    -1,
    0
  ],
  "averageAngularVelocity" : 0.20649544894695282,
  "frame_index" : 150,
  "exposureDuration" : 0.01666666753590107,
  "averageVelocity" : 0.21759843826293945
}