{
  "time" : 23764.420271958337,
  "intrinsics" : [
    1598.7918701171875,
    0,
    950.4649658203125,
    0,
    1598.7918701171875,
    721.16937255859375,
    0,
    0,
    1
  ],
  "motionQuality" : 0.87268733978271484,
  "frame_index" : 113,
  "averageVelocity" : 0.17767645418643951,
  "averageAngularVelocity" : 0.44559431076049805,
  "cameraGrain" : 0.1318657398223877,
  "exposureDuration" : 0.01666666753590107,
  "projectionMatrix" : [
    1.6654082536697388,
    0,
    0.0094115138053894043,
    0,
    0,
    2.2205443382263184,
    0.0023185610771179199,
    0,
    0,
    0,
    -0.9999997615814209,
    -0.00099999981466680765,
    0,
    0,
    -1,
    0
  ],
  "cameraPoseARFrame" : [
    0.92204445600509644,
    -0.14262466132640839,
    0.35985058546066284,
    -0.08641023188829422,
    0.060523495078086853,
    0.97133004665374756,
    0.22990168631076813,
    0.28525710105895996,
    -0.38232335448265076,
    -0.19020015001296997,
    0.90424156188964844,
    0.18843278288841248,
    0,
    0,
    0,
    1.0000001192092896
  ]
}