{
  "projectionMatrix" : [
    1.6752935647964478,
    0,
    0.0095717310905456543,
    0,
    0,
    2.23372483253479,
    0.0023127198219299316,
    0,
    0,
    0,
    -0.9999997615814209,
    -0.00099999981466680765,
    0,
    0,
    -1,
    0
  ],
  "time" : 23767.289346208338,
  "intrinsics" : [
    1608.2818603515625,
    0,
    950.3111572265625,
    0,
    1608.2818603515625,
    721.1651611328125,
    0,
    0,
    1
  ],
  "exposureDuration" : 0.01666666753590107,
  "cameraPoseARFrame" : [
    0.69518500566482544,
    -0.17819446325302124,
    0.69639414548873901,
    -0.096739552915096283,
    0.00014105797163210809,
    0.96882075071334839,
    0.24776263535022736,
    0.2408057302236557,
    -0.71883106231689453,
    -0.17214259505271912,
    0.67353475093841553,
    0.4092450737953186,
    0,
    0,
    0,
    1.0000001192092896
  ],
  "motionQuality" : 0.93938189744949341,
  "averageAngularVelocity" : 0.21216343343257904,
  "frame_index" : 145,
  "cameraGrain" : 0.40564057230949402,
  "averageVelocity" : 0.15534789860248566
}