{
  "motionQuality" : 0.90860927104949951,
  "averageVelocity" : 0.3198675811290741,
  "cameraPoseARFrame" : [
    0.98089480400085449,
    -0.17696656286716461,
    0.080798685550689697,
    -0.086004935204982758,
    0.13050094246864319,
    0.90658539533615112,
    0.4013383686542511,
    0.092954382300376892,
    -0.14427441358566284,
    -0.38312640786170959,
    0.91235911846160889,
    0.35481381416320801,
    0,
    0,
    0,
    1.0000001192092896
  ],
  "time" : 23786.097031791673,
  "intrinsics" : [
    1600.5994873046875,
    0,
    950.5596923828125,
    0,
    1600.5994873046875,
    721.2645263671875,
    0,
    0,
    1
  ],
  "projectionMatrix" : [
    1.6672911643981934,
    0,
    0.0093128085136413574,
    0,
    0,
    2.2230548858642578,
    0.0024507045745849609,
    0,
    0,
    0,
    -0.9999997615814209,
    -0.00099999981466680765,
    0,
    0,
    -1,
    0
  ],
  "averageAngularVelocity" : 0.15779906511306763,
  "cameraGrain" : 0.11540249735116959,
  "frame_index" : 360,
  "exposureDuration" : 0.01666666753590107
}