{
  "exposureDuration" : 0.01666666753590107,
  "cameraGrain" : 0.078121781349182129,
  "frame_index" : 356,
  "intrinsics" : [
    1600.5994873046875,
    0,
    950.42633056640625,
    0,
    1600.5994873046875,
    721.2362060546875,
    0,
    0,
    1
  ],
  "cameraPoseARFrame" : [
    0.98502367734909058,
    -0.13065099716186523,
    0.1125122457742691,
    0.043418552726507187,
    0.078745029866695404,
    0.92140215635299683,
    0.38054865598678589,
    0.12403775751590729,
    -0.15338821709156036,
    -0.36598965525627136,
    0.91789090633392334,
    0.38279104232788086,
    0,
    0,
    0,
    1.0000001192092896
  ],
  "projectionMatrix" : [
    1.6672911643981934,
    0,
    0.009451746940612793,
    0,
    0,
    2.2230548858642578,
    0.0024114251136779785,
    0,
    0,
    0,
    -0.9999997615814209,
    -0.00099999981466680765,
    0,
    0,
    -1,
    0
  ],
  "averageVelocity" : 0.45651111006736755,
  "averageAngularVelocity" : 0.82430672645568848,
  "motionQuality" : 0.76448380947113037,
  "time" : 23785.728349833338
}