{
  "cameraGrain" : 0.14289501309394836,
  "exposureDuration" : 0.01666666753590107,
  "cameraPoseARFrame" : [
    0.84929841756820679,
    -0.16260206699371338,
    0.50224798917770386,
    0.03293946385383606,
    -0.036626968532800674,
    0.93094146251678467,
    0.36332693696022034,
    0.15127944946289062,
    -0.52664124965667725,
    -0.32696878910064697,
    0.78469133377075195,
    0.36597916483879089,
    0,
    0,
    0,
    1
  ],
  "intrinsics" : [
    1600.5994873046875,
    0,
    950.152099609375,
    0,
    1600.5994873046875,
    721.22528076171875,
    0,
    0,
    1
  ],
  "frame_index" : 0,
  "averageAngularVelocity" : 0,
  "motionQuality" : 1,
  "averageVelocity" : 0,
  "time" : 23754.900273500007,
  "projectionMatrix" : [
    1.6672911643981934,
    0,
    0.0097373723983764648,
    0,
    0,
    2.2230548858642578,
    0.0023962259292602539,
    0,
    0,
    0,
    -0.9999997615814209,
    -0.00099999981466680765,
    0,
    0,
    -1,
    0
  ]
}