{
  "frame_index" : 110,
  "intrinsics" : [
    1599.2437744140625,
    0,
    950.51202392578125,
    0,
    1599.2437744140625,
    721.15948486328125,
    0,
    0,
    1
  ],
  "motionQuality" : 0.95601004362106323,
  "time" : 23764.12202033334,
  "averageVelocity" : 0.089545115828514099,
  "averageAngularVelocity" : 0.15396486222743988,
  "cameraGrain" : 0.087544083595275879,
  "exposureDuration" : 0.01666666753590107,
  "projectionMatrix" : [
    1.6658788919448853,
    0,
    0.0093624591827392578,
    0,
    0,
    2.2211718559265137,
    0.0023048520088195801,
    0,
    0,
    0,
    -0.9999997615814209,
    -0.00099999981466680765,
    0,
    0,
    -1,
    0
  ],
  "cameraPoseARFrame" : [
    0.94869852066040039,
    -0.12420987337827682,
    0.29076328873634338,
    -0.054166723042726517,
    0.070934474468231201,
    0.97977602481842041,
    0.18710210919380188,
    0.31840282678604126,
    -0.30812299251556396,
    -0.15687832236289978,
    0.93832272291183472,
    0.18241098523139954,
    0,
    0,
    0,
    1
  ]
}