{
  "frame_index" : 251,
  "averageAngularVelocity" : 0.10334240645170212,
  "projectionMatrix" : [
    1.67011559009552,
    0,
    0.00977325439453125,
    0,
    0,
    2.226820707321167,
    0.0023249387741088867,
    0,
    0,
    0,
    -0.9999997615814209,
    -0.00099999981466680765,
    0,
    0,
    -1,
    0
  ],
  "time" : 23776.59303358334,
  "intrinsics" : [
    1603.3109130859375,
    0,
    950.11767578125,
    0,
    1603.3109130859375,
    721.1739501953125,
    0,
    0,
    1
  ],
  "motionQuality" : 0.96462970972061157,
  "cameraGrain" : 0.082229174673557281,
  "averageVelocity" : 0.12379609048366547,
  "exposureDuration" : 0.01666666753590107,
  "cameraPoseARFrame" : [
    0.99486559629440308,
    0.082653455436229706,
    -0.058405343443155289,
    0.28510525822639465,
    -0.062295384705066681,
    0.95492154359817505,
    0.29024836421012878,
    0.16407787799835205,
    0.079762391746044159,
    -0.28511971235275269,
    0.95516747236251831,
    0.17382438480854034,
    0,
    0,
    0,
    1.0000002384185791
  ]
}