{
  "cameraGrain" : 0.003509521484375,
  "averageAngularVelocity" : 0.12834128737449646,
  "averageVelocity" : 0.11645510047674179,
  "cameraPoseARFrame" : [
    0.99552053213119507,
    0.02828054316341877,
    -0.090216919779777527,
    0.2384815514087677,
    -0.0072162044234573841,
    0.97415995597839355,
    0.22574359178543091,
    0.29114040732383728,
    0.094269789755344391,
    -0.2240813821554184,
    0.97000044584274292,
    0.13228651881217957,
    0,
    0,
    0,
    1.0000001192092896
  ],
  "motionQuality" : 0.96333104372024536,
  "exposureDuration" : 0.01666666753590107,
  "frame_index" : 75,
  "intrinsics" : [
    1609.1856689453125,
    0,
    950.27740478515625,
    0,
    1609.1856689453125,
    721.1575927734375,
    0,
    0,
    1
  ],
  "projectionMatrix" : [
    1.6762350797653198,
    0,
    0.0096068978309631348,
    0,
    0,
    2.2349801063537598,
    0.0023022294044494629,
    0,
    0,
    0,
    -0.9999997615814209,
    -0.00099999981466680765,
    0,
    0,
    -1,
    0
  ],
  "time" : 23761.253450333337
}