{
  "time" : 23775.12571966667,
  "cameraGrain" : 0.12733535468578339,
  "averageAngularVelocity" : 0.54309922456741333,
  "motionQuality" : 0.84482878446578979,
  "intrinsics" : [
    1602.8590087890625,
    0,
    950.06396484375,
    0,
    1602.8590087890625,
    721.17230224609375,
    0,
    0,
    1
  ],
  "averageVelocity" : 0.11133302748203278,
  "projectionMatrix" : [
    1.669644832611084,
    0,
    0.0098292231559753418,
    0,
    0,
    2.2261929512023926,
    0.0023226141929626465,
    0,
    0,
    0,
    -0.9999997615814209,
    -0.00099999981466680765,
    0,
    0,
    -1,
    0
  ],
  "frame_index" : 234,
  "exposureDuration" : 0.01666666753590107,
  "cameraPoseARFrame" : [
    0.96665102243423462,
    0.14367534220218658,
    -0.21199850738048553,
    0.35817891359329224,
    -0.08172665536403656,
    0.95758360624313354,
    0.27632281184196472,
    0.30156698822975159,
    0.24270687997341156,
    -0.24978180229663849,
    0.93739134073257446,
    0.076582245528697968,
    0,
    0,
    0,
    1.0000001192092896
  ]
}