{
  "cameraGrain" : 0,
  "averageAngularVelocity" : 0.22208930552005768,
  "averageVelocity" : 0.11221904307603836,
  "cameraPoseARFrame" : [
    0.99884414672851562,
    0.014677421189844608,
    -0.045773942023515701,
    0.20663145184516907,
    -0.0074229543097317219,
    0.98791825771331787,
    0.15479785203933716,
    0.330442875623703,
    0.04749278724193573,
    -0.15427914261817932,
    0.9868851900100708,
    0.11388061195611954,
    0,
    0,
    0,
    1
  ],
  "motionQuality" : 0.93654590845108032,
  "exposureDuration" : 0.01666666753590107,
  "frame_index" : 80,
  "intrinsics" : [
    1596.5323486328125,
    0,
    950.312744140625,
    0,
    1596.5323486328125,
    721.1387939453125,
    0,
    0,
    1
  ],
  "projectionMatrix" : [
    1.6630545854568481,
    0,
    0.0095700621604919434,
    0,
    0,
    2.2174060344696045,
    0.0022761225700378418,
    0,
    0,
    0,
    -0.9999997615814209,
    -0.00099999981466680765,
    0,
    0,
    -1,
    0
  ],
  "time" : 23761.686623166672
}