{
  "projectionMatrix" : [
    1.6710569858551025,
    0,
    0.009478151798248291,
    0,
    0,
    2.2280759811401367,
    0.0022631287574768066,
    0,
    0,
    0,
    -0.9999997615814209,
    -0.00099999981466680765,
    0,
    0,
    -1,
    0
  ],
  "averageVelocity" : 0.15837903320789337,
  "cameraPoseARFrame" : [
    0.99950331449508667,
    -0.0038925083354115486,
    -0.031276766210794449,
    0.19782157242298126,
    0.0067312363535165787,
    0.9958120584487915,
    0.091175861656665802,
    0.36662507057189941,
    0.030790800228714943,
    -0.091341093182563782,
    0.99534356594085693,
    0.076810412108898163,
    0,
    0,
    0,
    1.0000001192092896
  ],
  "cameraGrain" : 0.01735055074095726,
  "time" : 23778.326838250006,
  "motionQuality" : 0.94120556116104126,
  "exposureDuration" : 0.01666666753590107,
  "averageAngularVelocity" : 0.20578049123287201,
  "intrinsics" : [
    1604.2147216796875,
    0,
    950.4010009765625,
    0,
    1604.2147216796875,
    721.12945556640625,
    0,
    0,
    1
  ],
  "frame_index" : 271
}