{
  "cameraGrain" : 0,
  "averageAngularVelocity" : 0.24952249228954315,
  "averageVelocity" : 0.1254066526889801,
  "cameraPoseARFrame" : [
    0.99974477291107178,
    0.0088017312809824944,
    -0.020812181755900383,
    0.19447609782218933,
    -0.0055044712498784065,
    0.98813647031784058,
    0.15347960591316223,
    0.33329012989997864,
    0.021916013211011887,
    -0.15332587063312531,
    0.98793262243270874,
    0.11492355912923813,
    0,
    0,
    0,
    1.0000001192092896
  ],
  "motionQuality" : 0.92870783805847168,
  "exposureDuration" : 0.01666666753590107,
  "frame_index" : 81,
  "intrinsics" : [
    1605.1185302734375,
    0,
    950.3173828125,
    0,
    1605.1185302734375,
    721.1385498046875,
    0,
    0,
    1
  ],
  "projectionMatrix" : [
    1.6719985008239746,
    0,
    0.0095652341842651367,
    0,
    0,
    2.2293312549591064,
    0.0022757649421691895,
    0,
    0,
    0,
    -0.9999997615814209,
    -0.00099999981466680765,
    0,
    0,
    -1,
    0
  ],
  "time" : 23761.785912916672
}