{
  "cameraGrain" : 0.32414466142654419,
  "frame_index" : 124,
  "time" : 23765.388495458337,
  "motionQuality" : 0.9561612606048584,
  "cameraPoseARFrame" : [
    0.78933006525039673,
    -0.1043032705783844,
    0.60504472255706787,
    -0.13228006660938263,
    -0.00052545021753758192,
    0.98534905910491943,
    0.1705491840839386,
    0.30820485949516296,
    -0.61396914720535278,
    -0.13493749499320984,
    0.77771061658859253,
    0.28288456797599792,
    0,
    0,
    0,
    1.0000001192092896
  ],
  "averageVelocity" : 0.087047390639781952,
  "averageAngularVelocity" : 0.15343566238880157,
  "exposureDuration" : 0.01666666753590107,
  "intrinsics" : [
    1608.2818603515625,
    0,
    950.34368896484375,
    0,
    1608.2818603515625,
    721.14337158203125,
    0,
    0,
    1
  ],
  "projectionMatrix" : [
    1.6752935647964478,
    0,
    0.009537816047668457,
    0,
    0,
    2.23372483253479,
    0.0022824406623840332,
    0,
    0,
    0,
    -0.9999997615814209,
    -0.00099999981466680765,
    0,
    0,
    -1,
    0
  ]
}