{
  "motionQuality" : 0.88850373029708862,
  "cameraPoseARFrame" : [
    0.91639089584350586,
    0.36551859974861145,
    -0.16316866874694824,
    0.42965796589851379,
    -0.20597262680530548,
    0.78011184930801392,
    0.59076279401779175,
    0.20720073580741882,
    0.34322452545166016,
    -0.50776141881942749,
    0.79017424583435059,
    0.13189512491226196,
    0,
    0,
    0,
    1
  ],
  "averageAngularVelocity" : 0.39023691415786743,
  "time" : 23773.625620916671,
  "cameraGrain" : 0.20663093030452728,
  "intrinsics" : [
    1606.4742431640625,
    0,
    949.5826416015625,
    0,
    1606.4742431640625,
    721.38946533203125,
    0,
    0,
    1
  ],
  "frame_index" : 218,
  "projectionMatrix" : [
    1.6734106540679932,
    0,
    0.010330557823181152,
    0,
    0,
    2.2312142848968506,
    0.0026242733001708984,
    0,
    0,
    0,
    -0.9999997615814209,
    -0.00099999981466680765,
    0,
    0,
    -1,
    0
  ],
  "averageVelocity" : 0.24313713610172272,
  "exposureDuration" : 0.01666666753590107
}