{
  "cameraGrain" : 0.094933480024337769,
  "averageAngularVelocity" : 0.2495245635509491,
  "averageVelocity" : 0.11067298054695129,
  "cameraPoseARFrame" : [
    0.99316954612731934,
    0.051146510988473892,
    -0.10487384349107742,
    0.23952929675579071,
    -0.011656459420919418,
    0.93780255317687988,
    0.34697359800338745,
    0.16565397381782532,
    0.11609739065170288,
    -0.3433811366558075,
    0.93199300765991211,
    0.28667891025543213,
    0,
    0,
    0,
    1.0000002384185791
  ],
  "motionQuality" : 0.92870724201202393,
  "exposureDuration" : 0.01666666753590107,
  "frame_index" : 50,
  "intrinsics" : [
    1600.1475830078125,
    0,
    950.21856689453125,
    0,
    1600.1475830078125,
    721.20672607421875,
    0,
    0,
    1
  ],
  "projectionMatrix" : [
    1.6668204069137573,
    0,
    0.0096681714057922363,
    0,
    0,
    2.2224271297454834,
    0.0023704767227172852,
    0,
    0,
    0,
    -0.9999997615814209,
    -0.00099999981466680765,
    0,
    0,
    -1,
    0
  ],
  "time" : 23759.150865583339
}