{
  "intrinsics" : [
    1600.1475830078125,
    0,
    949.53240966796875,
    0,
    1600.1475830078125,
    721.3682861328125,
    0,
    0,
    1
  ],
  "cameraPoseARFrame" : [
    0.78938508033752441,
    -0.18002545833587646,
    0.58690917491912842,
    0.068436421453952789,
    -0.2365574985742569,
    0.79300695657730103,
    0.56140947341918945,
    0.10536161065101624,
    -0.56649106740951538,
    -0.58200597763061523,
    0.58340132236480713,
    0.24439580738544464,
    0,
    0,
    0,
    1.0000002384185791
  ],
  "frame_index" : 381,
  "averageAngularVelocity" : 0.39648294448852539,
  "cameraGrain" : 0.14412678778171539,
  "time" : 23787.831155916672,
  "exposureDuration" : 0.01666666753590107,
  "projectionMatrix" : [
    1.6668204069137573,
    0,
    0.010382890701293945,
    0,
    0,
    2.2224271297454834,
    0.0025948286056518555,
    0,
    0,
    0,
    -0.9999997615814209,
    -0.00099999981466680765,
    0,
    0,
    -1,
    0
  ],
  "averageVelocity" : 0,
  "motionQuality" : 0.88671916723251343
}