{
  "cameraGrain" : 0,
  "averageAngularVelocity" : 0.15600243210792542,
  "averageVelocity" : 0.137197345495224,
  "cameraPoseARFrame" : [
    0.99695992469787598,
    0.016250994056463242,
    -0.076204746961593628,
    0.22631938755512238,
    -0.00023684588086325675,
    0.97863608598709106,
    0.20559999346733093,
    0.30572196841239929,
    0.077917732298374176,
    -0.20495688915252686,
    0.97566473484039307,
    0.12081790715456009,
    0,
    0,
    0,
    1.0000002384185791
  ],
  "motionQuality" : 0.95542788505554199,
  "exposureDuration" : 0.01666666753590107,
  "frame_index" : 77,
  "intrinsics" : [
    1605.5704345703125,
    0,
    950.3055419921875,
    0,
    1605.5704345703125,
    721.1524658203125,
    0,
    0,
    1
  ],
  "projectionMatrix" : [
    1.6724692583084106,
    0,
    0.0095775723457336426,
    0,
    0,
    2.2299590110778809,
    0.002295076847076416,
    0,
    0,
    0,
    -0.9999997615814209,
    -0.00099999981466680765,
    0,
    0,
    -1,
    0
  ],
  "time" : 23761.420628083339
}