{
  "time" : 23768.654632000005,
  "averageVelocity" : 0.14515769481658936,
  "exposureDuration" : 0.01666666753590107,
  "cameraPoseARFrame" : [
    0.68899399042129517,
    -0.26308119297027588,
    0.67533391714096069,
    0.028988869860768318,
    -0.018093349412083626,
    0.92526036500930786,
    0.37890112400054932,
    0.060254137963056564,
    -0.72454142570495605,
    -0.27327960729598999,
    0.63273864984512329,
    0.44384253025054932,
    0,
    0,
    0,
    1.0000001192092896
  ],
  "projectionMatrix" : [
    1.6649374961853027,
    0,
    0.0096893310546875,
    0,
    0,
    2.2199165821075439,
    0.0023894309997558594,
    0,
    0,
    0,
    -0.9999997615814209,
    -0.00099999981466680765,
    0,
    0,
    -1,
    0
  ],
  "averageAngularVelocity" : 0.24742799997329712,
  "frame_index" : 161,
  "motionQuality" : 0.9293062686920166,
  "cameraGrain" : 0.26162463426589966,
  "intrinsics" : [
    1598.3399658203125,
    0,
    950.1982421875,
    0,
    1598.3399658203125,
    721.22039794921875,
    0,
    0,
    1
  ]
}