{
  "averageVelocity" : 0.15247403085231781,
  "intrinsics" : [
    1596.5323486328125,
    0,
    950.25799560546875,
    0,
    1596.5323486328125,
    721.20269775390625,
    0,
    0,
    1
  ],
  "time" : 23768.355711541673,
  "averageAngularVelocity" : 0.08181394636631012,
  "exposureDuration" : 0.01666666753590107,
  "cameraPoseARFrame" : [
    0.67001688480377197,
    -0.25035744905471802,
    0.69885534048080444,
    0.0090015409514307976,
    -0.0011286871740594506,
    0.9410698413848877,
    0.3382103443145752,
    0.095495268702507019,
    -0.74234527349472046,
    -0.22739537060260773,
    0.63024997711181641,
    0.43874150514602661,
    0,
    0,
    0,
    1.0000001192092896
  ],
  "projectionMatrix" : [
    1.6630545854568481,
    0,
    0.0096271038055419922,
    0,
    0,
    2.2174060344696045,
    0.0023648738861083984,
    0,
    0,
    0,
    -0.9999997615814209,
    -0.00099999981466680765,
    0,
    0,
    -1,
    0
  ],
  "cameraGrain" : 0.27075633406639099,
  "frame_index" : 157,
  "motionQuality" : 0.95643597841262817
}