{
  "cameraGrain" : 0.035293415188789368,
  "averageAngularVelocity" : 0.10102788358926773,
  "averageVelocity" : 0.12125799804925919,
  "cameraPoseARFrame" : [
    0.99164813756942749,
    0.032080769538879395,
    -0.12491989135742188,
    0.26578396558761597,
    0.0011658906005322933,
    0.9663010835647583,
    0.25741162896156311,
    0.2709440290927887,
    0.12896813452243805,
    -0.2554074227809906,
    0.95819330215454102,
    0.16078108549118042,
    0,
    0,
    0,
    1.0000001192092896
  ],
  "motionQuality" : 0.96535485982894897,
  "exposureDuration" : 0.01666666753590107,
  "frame_index" : 70,
  "intrinsics" : [
    1609.1856689453125,
    0,
    950.2830810546875,
    0,
    1609.1856689453125,
    721.16937255859375,
    0,
    0,
    1
  ],
  "projectionMatrix" : [
    1.6762350797653198,
    0,
    0.0096009373664855957,
    0,
    0,
    2.2349801063537598,
    0.0023185610771179199,
    0,
    0,
    0,
    -0.9999997615814209,
    -0.00099999981466680765,
    0,
    0,
    -1,
    0
  ],
  "time" : 23760.820303500004
}