{
  "projectionMatrix" : [
    1.6734106540679932,
    0,
    0.0096614956855773926,
    0,
    0,
    2.2312142848968506,
    0.0023892521858215332,
    0,
    0,
    0,
    -0.9999997615814209,
    -0.00099999981466680765,
    0,
    0,
    -1,
    0
  ],
  "cameraPoseARFrame" : [
    0.8681875467300415,
    -0.16887913644313812,
    0.4666159451007843,
    0.024496711790561676,
    -0.01073066983371973,
    0.9337007999420166,
    0.35789346694946289,
    0.15346990525722504,
    -0.49612048268318176,
    -0.31572571396827698,
    0.8088151216506958,
    0.39762085676193237,
    0,
    0,
    0,
    1.0000001192092896
  ],
  "cameraGrain" : 0.14322689175605774,
  "intrinsics" : [
    1606.4742431640625,
    0,
    950.2249755859375,
    0,
    1606.4742431640625,
    721.22027587890625,
    0,
    0,
    1
  ],
  "motionQuality" : 0.97379392385482788,
  "frame_index" : 15,
  "time" : 23756.184756250004,
  "averageVelocity" : 0,
  "averageAngularVelocity" : 0.091721303761005402,
  "exposureDuration" : 0.01666666753590107
}