{
  "intrinsics" : [
    1600.1475830078125,
    0,
    950.010498046875,
    0,
    1600.1475830078125,
    721.29046630859375,
    0,
    0,
    1
  ],
  "exposureDuration" : 0.01666666753590107,
  "time" : 23787.464069875004,
  "cameraPoseARFrame" : [
    0.89623087644577026,
    -0.16372726857662201,
    0.41226658225059509,
    0.0383932925760746,
    -0.06697409600019455,
    0.86879193782806396,
    0.49062719941139221,
    0.10678502172231674,
    -0.43850299715995789,
    -0.46732640266418457,
    0.76767265796661377,
    0.28613871335983276,
    0,
    0,
    0,
    1
  ],
  "cameraGrain" : 0.1113351583480835,
  "averageAngularVelocity" : 1.0999273061752319,
  "frame_index" : 377,
  "averageVelocity" : 0.28411826491355896,
  "projectionMatrix" : [
    1.6668204069137573,
    0,
    0.0098848938941955566,
    0,
    0,
    2.2224271297454834,
    0.0024867653846740723,
    0,
    0,
    0,
    -0.9999997615814209,
    -0.00099999981466680765,
    0,
    0,
    -1,
    0
  ],
  "motionQuality" : 0.68573504686355591
}