{
  "averageVelocity" : 0.13362492620944977,
  "averageAngularVelocity" : 0.87951719760894775,
  "cameraGrain" : 0.139368936419487,
  "intrinsics" : [
    1602.8590087890625,
    0,
    950.0150146484375,
    0,
    1602.8590087890625,
    721.19305419921875,
    0,
    0,
    1
  ],
  "exposureDuration" : 0.01666666753590107,
  "motionQuality" : 0.74870938062667847,
  "time" : 23775.025573750005,
  "frame_index" : 233,
  "projectionMatrix" : [
    1.669644832611084,
    0,
    0.0098801851272583008,
    0,
    0,
    2.2261929512023926,
    0.0023514628410339355,
    0,
    0,
    0,
    -0.9999997615814209,
    -0.00099999981466680765,
    0,
    0,
    -1,
    0
  ],
  "cameraPoseARFrame" : [
    0.95821201801300049,
    0.17109957337379456,
    -0.22924886643886566,
    0.36783456802368164,
    -0.0908188596367836,
    0.94190013408660889,
    0.32338222861289978,
    0.29772228002548218,
    0.27125987410545349,
    -0.28904861211776733,
    0.91807901859283447,
    0.073274321854114532,
    0,
    0,
    0,
    1.0000001192092896
  ]
}