{
  "projectionMatrix" : [
    1.6687033176422119,
    0,
    0.010048747062683105,
    0,
    0,
    2.2249376773834229,
    0.0026817917823791504,
    0,
    0,
    0,
    -0.9999997615814209,
    -0.00099999981466680765,
    0,
    0,
    -1,
    0
  ],
  "motionQuality" : 0.8726198673248291,
  "exposureDuration" : 0.01666666753590107,
  "frame_index" : 230,
  "cameraGrain" : 0.19661636650562286,
  "cameraPoseARFrame" : [
    0.92727166414260864,
    0.29802447557449341,
    -0.22660340368747711,
    0.38842132687568665,
    -0.091354422271251678,
    0.76707673072814941,
    0.63501805067062378,
    0.24358008801937103,
    0.3630729615688324,
    -0.56813299655914307,
    0.73851430416107178,
    0.061863444745540619,
    0,
    0,
    0,
    1.0000001192092896
  ],
  "averageVelocity" : 0.16333617269992828,
  "averageAngularVelocity" : 0.44583043456077576,
  "intrinsics" : [
    1601.9552001953125,
    0,
    949.85321044921875,
    0,
    1601.9552001953125,
    721.430908203125,
    0,
    0,
    1
  ],
  "time" : 23774.725772708338
}