{
  "intrinsics" : [
    1600.5994873046875,
    0,
    950.583740234375,
    0,
    1600.5994873046875,
    721.27008056640625,
    0,
    0,
    1
  ],
  "cameraGrain" : 0.12374823540449142,
  "frame_index" : 361,
  "exposureDuration" : 0.01666666753590107,
  "cameraPoseARFrame" : [
    0.98401445150375366,
    -0.17301070690155029,
    0.04222685843706131,
    -0.103835329413414,
    0.14140237867832184,
    0.90316826105117798,
    0.40533015131950378,
    0.085537835955619812,
    -0.10826445370912552,
    -0.39287972450256348,
    0.91319471597671509,
    0.34559115767478943,
    0,
    0,
    0,
    1.0000001192092896
  ],
  "averageVelocity" : 0.22304642200469971,
  "motionQuality" : 0.89357906579971313,
  "projectionMatrix" : [
    1.6672911643981934,
    0,
    0.0092877745628356934,
    0,
    0,
    2.2230548858642578,
    0.0024584531784057617,
    0,
    0,
    0,
    -0.9999997615814209,
    -0.00099999981466680765,
    0,
    0,
    -1,
    0
  ],
  "averageAngularVelocity" : 0.3724733293056488,
  "time" : 23786.19705420834
}