{
  "cameraGrain" : 0.14522138237953186,
  "intrinsics" : [
    1606.4742431640625,
    0,
    950.183349609375,
    0,
    1606.4742431640625,
    721.2213134765625,
    0,
    0,
    1
  ],
  "cameraPoseARFrame" : [
    0.85440433025360107,
    -0.16471768915653229,
    0.49280983209609985,
    0.031715188175439835,
    -0.02011067233979702,
    0.93723112344741821,
    0.34812858700752258,
    0.15229500830173492,
    -0.51921957731246948,
    -0.30735328793525696,
    0.79746162891387939,
    0.37896764278411865,
    0,
    0,
    0,
    1.0000001192092896
  ],
  "exposureDuration" : 0.01666666753590107,
  "frame_index" : 3,
  "averageVelocity" : 0.068678498268127441,
  "motionQuality" : 0.97605675458908081,
  "time" : 23755.149058000006,
  "projectionMatrix" : [
    1.6734106540679932,
    0,
    0.0097048282623291016,
    0,
    0,
    2.2312142848968506,
    0.002390742301940918,
    0,
    0,
    0,
    -0.9999997615814209,
    -0.00099999981466680765,
    0,
    0,
    -1,
    0
  ],
  "averageAngularVelocity" : 0.083801440894603729
}