{
  "projectionMatrix" : [
    1.6748229265213013,
    0,
    0.0097134113311767578,
    0,
    0,
    2.2330970764160156,
    0.0024846196174621582,
    0,
    0,
    0,
    -0.9999997615814209,
    -0.00099999981466680765,
    0,
    0,
    -1,
    0
  ],
  "cameraPoseARFrame" : [
    0.99876666069030762,
    0.026456857100129128,
    -0.042016617953777313,
    0.28204739093780518,
    -0.0029340656474232674,
    0.87618392705917358,
    0.48196801543235779,
    0.050049733370542526,
    0.049565408378839493,
    -0.48125025629997253,
    0.87518084049224854,
    0.35150563716888428,
    0,
    0,
    0,
    1.0000001192092896
  ],
  "time" : 23770.657170750004,
  "cameraGrain" : 0.21878041326999664,
  "frame_index" : 184,
  "exposureDuration" : 0.01666666753590107,
  "intrinsics" : [
    1607.8299560546875,
    0,
    950.17510986328125,
    0,
    1607.8299560546875,
    721.2889404296875,
    0,
    0,
    1
  ],
  "averageVelocity" : 0.10221660137176514,
  "motionQuality" : 0.92089956998825073,
  "averageAngularVelocity" : 0.27685153484344482
}