{
  "averageVelocity" : 0.12786968052387238,
  "cameraGrain" : 0.25655093789100647,
  "averageAngularVelocity" : 0.3393634557723999,
  "frame_index" : 163,
  "time" : 23768.821612375006,
  "motionQuality" : 0.90303903818130493,
  "projectionMatrix" : [
    1.6649374961853027,
    0,
    0.0097219944000244141,
    0,
    0,
    2.2199165821075439,
    0.0024256110191345215,
    0,
    0,
    0,
    -0.9999997615814209,
    -0.00099999981466680765,
    0,
    0,
    -1,
    0
  ],
  "cameraPoseARFrame" : [
    0.71507501602172852,
    -0.28292363882064819,
    0.63923561573028564,
    0.040678888559341431,
    -0.020705828443169594,
    0.90546393394470215,
    0.42391780018806458,
    0.041269838809967041,
    -0.69874125719070435,
    -0.31636887788772583,
    0.6416163444519043,
    0.44210609793663025,
    0,
    0,
    0,
    1.0000002384185791
  ],
  "exposureDuration" : 0.01666666753590107,
  "intrinsics" : [
    1598.3399658203125,
    0,
    950.1668701171875,
    0,
    1598.3399658203125,
    721.2464599609375,
    0,
    0,
    1
  ]
}