{
  "time" : 23774.427383250004,
  "projectionMatrix" : [
    1.6682325601577759,
    0,
    0.010082542896270752,
    0,
    0,
    2.2243101596832275,
    0.0027054548263549805,
    0,
    0,
    0,
    -0.9999997615814209,
    -0.00099999981466680765,
    0,
    0,
    -1,
    0
  ],
  "cameraGrain" : 0.20240108668804169,
  "intrinsics" : [
    1601.5032958984375,
    0,
    949.82073974609375,
    0,
    1601.5032958984375,
    721.44793701171875,
    0,
    0,
    1
  ],
  "frame_index" : 227,
  "cameraPoseARFrame" : [
    0.91734308004379272,
    0.32455253601074219,
    -0.2305370420217514,
    0.39420723915100098,
    -0.10069926083087921,
    0.74943912029266357,
    0.65437036752700806,
    0.22118721902370453,
    0.3851509690284729,
    -0.57706731557846069,
    0.72017508745193481,
    0.061349086463451385,
    0,
    0,
    0,
    1.0000001192092896
  ],
  "motionQuality" : 0.97968977689743042,
  "averageVelocity" : 0,
  "averageAngularVelocity" : 0.071085728704929352,
  "exposureDuration" : 0.01666666753590107
}