{
  "exposureDuration" : 0.01666666753590107,
  "averageAngularVelocity" : 0,
  "time" : 23763.886125750007,
  "projectionMatrix" : [
    1.6658788919448853,
    0,
    0.0093840360641479492,
    0,
    0,
    2.2211718559265137,
    0.0022985935211181641,
    0,
    0,
    0,
    -0.9999997615814209,
    -0.00099999981466680765,
    0,
    0,
    -1,
    0
  ],
  "cameraGrain" : 0.070506289601325989,
  "averageVelocity" : 0.074329778552055359,
  "motionQuality" : 0.9787629246711731,
  "frame_index" : 107,
  "cameraPoseARFrame" : [
    0.95579409599304199,
    -0.10950343310832977,
    0.27288591861724854,
    -0.037309367209672928,
    0.061830762773752213,
    0.98216593265533447,
    0.17755794525146484,
    0.32697877287864685,
    -0.28746262192726135,
    -0.15283608436584473,
    0.9455190896987915,
    0.17989122867584229,
    0,
    0,
    0,
    1.0000001192092896
  ],
  "intrinsics" : [
    1599.2437744140625,
    0,
    950.4913330078125,
    0,
    1599.2437744140625,
    721.15496826171875,
    0,
    0,
    1
  ]
}