{
  "cameraPoseARFrame" : [
    0.98210793733596802,
    -0.060223553329706192,
    0.17843014001846313,
    0.086622737348079681,
    0.030204962939023972,
    0.98559492826461792,
    0.16640396416187286,
    0.27368807792663574,
    -0.18588139116764069,
    -0.15803717076778412,
    0.9697796106338501,
    0.13351598381996155,
    0,
    0,
    0,
    1.0000001192092896
  ],
  "frame_index" : 282,
  "projectionMatrix" : [
    1.6710569858551025,
    0,
    0.009447634220123291,
    0,
    0,
    2.2280759811401367,
    0.0022852420806884766,
    0,
    0,
    0,
    -0.9999997615814209,
    -0.00099999981466680765,
    0,
    0,
    -1,
    0
  ],
  "exposureDuration" : 0.01666666753590107,
  "intrinsics" : [
    1604.2147216796875,
    0,
    950.4302978515625,
    0,
    1604.2147216796875,
    721.1453857421875,
    0,
    0,
    1
  ],
  "time" : 23779.26089383334,
  "averageAngularVelocity" : 0.38272452354431152,
  "cameraGrain" : 0,
  "motionQuality" : 0.89065015316009521,
  "averageVelocity" : 0.25147923827171326
}