{
  "intrinsics" : [
    1605.5704345703125,
    0,
    950.26837158203125,
    0,
    1605.5704345703125,
    721.2032470703125,
    0,
    0,
    1
  ],
  "cameraGrain" : 0.061144202947616577,
  "exposureDuration" : 0.01666666753590107,
  "time" : 23783.930842083337,
  "motionQuality" : 0.95644831657409668,
  "cameraPoseARFrame" : [
    0.97382843494415283,
    -0.082539476454257965,
    0.21176803112030029,
    0.10688000172376633,
    0.0056601762771606445,
    0.94024717807769775,
    0.34044548869132996,
    0.15610246360301971,
    -0.22721466422080994,
    -0.3303368091583252,
    0.91610652208328247,
    0.4459855854511261,
    0,
    0,
    0,
    1.0000002384185791
  ],
  "averageAngularVelocity" : 0.15243084728717804,
  "frame_index" : 335,
  "averageVelocity" : 0.075124658644199371,
  "projectionMatrix" : [
    1.6724692583084106,
    0,
    0.0096162557601928711,
    0,
    0,
    2.2299590110778809,
    0.0023656487464904785,
    0,
    0,
    0,
    -0.9999997615814209,
    -0.00099999981466680765,
    0,
    0,
    -1,
    0
  ]
}