{
  "averageAngularVelocity" : 0.31206473708152771,
  "exposureDuration" : 0.01666666753590107,
  "intrinsics" : [
    1608.7337646484375,
    0,
    950.3497314453125,
    0,
    1608.7337646484375,
    721.14617919921875,
    0,
    0,
    1
  ],
  "averageVelocity" : 0.31027817726135254,
  "cameraPoseARFrame" : [
    0.73226010799407959,
    -0.12577413022518158,
    0.66931033134460449,
    -0.095415525138378143,
    0.0023544412106275558,
    0.98325973749160767,
    0.18219438195228577,
    0.29205718636512756,
    -0.68102133274078369,
    -0.13183778524398804,
    0.72029781341552734,
    0.37909185886383057,
    0,
    0,
    0,
    1.0000001192092896
  ],
  "cameraGrain" : 0.36664053797721863,
  "projectionMatrix" : [
    1.6757643222808838,
    0,
    0.009531557559967041,
    0,
    0,
    2.2343523502349854,
    0.002286374568939209,
    0,
    0,
    0,
    -0.9999997615814209,
    -0.00099999981466680765,
    0,
    0,
    -1,
    0
  ],
  "time" : 23766.98914041667,
  "frame_index" : 142,
  "motionQuality" : 0.91083866357803345
}