{
  "projectionMatrix" : [
    1.6748229265213013,
    0,
    0.0097560882568359375,
    0,
    0,
    2.2330970764160156,
    0.0024765133857727051,
    0,
    0,
    0,
    -0.9999997615814209,
    -0.00099999981466680765,
    0,
    0,
    -1,
    0
  ],
  "averageVelocity" : 0.17121359705924988,
  "motionQuality" : 0.89021128416061401,
  "frame_index" : 174,
  "cameraPoseARFrame" : [
    0.94299638271331787,
    -0.14101116359233856,
    0.30145308375358582,
    0.1578996479511261,
    -0.021141109988093376,
    0.87858837842941284,
    0.47711148858070374,
    0.057458721101284027,
    -0.33213138580322266,
    -0.45628741383552551,
    0.82552438974380493,
    0.40060436725616455,
    0,
    0,
    0,
    1
  ],
  "cameraGrain" : 0.15524956583976746,
  "time" : 23769.790336625007,
  "averageAngularVelocity" : 0.38426041603088379,
  "exposureDuration" : 0.01666666753590107,
  "intrinsics" : [
    1607.8299560546875,
    0,
    950.1341552734375,
    0,
    1607.8299560546875,
    721.2830810546875,
    0,
    0,
    1
  ]
}