{
  "cameraGrain" : 0.11529017984867096,
  "averageAngularVelocity" : 0.12173781543970108,
  "averageVelocity" : 0.12730394303798676,
  "cameraPoseARFrame" : [
    0.98531520366668701,
    0.063345223665237427,
    -0.158561110496521,
    0.29758146405220032,
    -0.011826901696622372,
    0.95172590017318726,
    0.3067212700843811,
    0.18907266855239868,
    0.17033591866493225,
    -0.30034184455871582,
    0.93849915266036987,
    0.25126767158508301,
    0,
    0,
    0,
    1.0000002384185791
  ],
  "motionQuality" : 0.96362745761871338,
  "exposureDuration" : 0.01666666753590107,
  "frame_index" : 57,
  "intrinsics" : [
    1599.6956787109375,
    0,
    950.23333740234375,
    0,
    1599.6956787109375,
    721.186767578125,
    0,
    0,
    1
  ],
  "projectionMatrix" : [
    1.6663496494293213,
    0,
    0.0096527934074401855,
    0,
    0,
    2.2217996120452881,
    0.0023427605628967285,
    0,
    0,
    0,
    -0.9999997615814209,
    -0.00099999981466680765,
    0,
    0,
    -1,
    0
  ],
  "time" : 23759.752762333337
}