{
  "averageAngularVelocity" : 0.19561728835105896,
  "cameraGrain" : 0.3639201819896698,
  "projectionMatrix" : [
    1.6757643222808838,
    0,
    0.0094553828239440918,
    0,
    0,
    2.2343523502349854,
    0.0022609233856201172,
    0,
    0,
    0,
    -0.9999997615814209,
    -0.00099999981466680765,
    0,
    0,
    -1,
    0
  ],
  "time" : 23766.088709833337,
  "averageVelocity" : 0.20743022859096527,
  "frame_index" : 132,
  "cameraPoseARFrame" : [
    0.7554013729095459,
    -0.049779985100030899,
    0.65336894989013672,
    -0.10875067114830017,
    0.0089470269158482552,
    0.99780076742172241,
    0.065677918493747711,
    0.39418357610702515,
    -0.65520143508911133,
    -0.043767474591732025,
    0.75418537855148315,
    0.34325280785560608,
    0,
    0,
    0,
    1.0000001192092896
  ],
  "intrinsics" : [
    1608.7337646484375,
    0,
    950.4228515625,
    0,
    1608.7337646484375,
    721.12786865234375,
    0,
    0,
    1
  ],
  "exposureDuration" : 0.01666666753590107,
  "motionQuality" : 0.94073420763015747
}