{
  "projectionMatrix" : [
    1.6677619218826294,
    0,
    0.009663999080657959,
    0,
    0,
    2.2236824035644531,
    0.0023639202117919922,
    0,
    0,
    0,
    -0.9999997615814209,
    -0.00099999981466680765,
    0,
    0,
    -1,
    0
  ],
  "frame_index" : 350,
  "intrinsics" : [
    1601.0513916015625,
    0,
    950.2225341796875,
    0,
    1601.0513916015625,
    721.2020263671875,
    0,
    0,
    1
  ],
  "cameraPoseARFrame" : [
    0.97491633892059326,
    -0.062623508274555206,
    0.21358098089694977,
    0.11688420176506042,
    -0.014551133848726749,
    0.93961554765701294,
    0.34192249178886414,
    0.15948812663555145,
    -0.22209648787975311,
    -0.33645361661911011,
    0.91513508558273315,
    0.44648993015289307,
    0,
    0,
    0,
    1.0000001192092896
  ],
  "cameraGrain" : 0.062449317425489426,
  "time" : 23785.194985291673,
  "averageVelocity" : 0.0050979047082364559,
  "motionQuality" : 0.99854344129562378,
  "averageAngularVelocity" : 0.0049194418825209141,
  "exposureDuration" : 0.01666666753590107
}