{
  "exposureDuration" : 0.01666666753590107,
  "motionQuality" : 0.94887077808380127,
  "averageVelocity" : 0.16360090672969818,
  "projectionMatrix" : [
    1.6790595054626465,
    0,
    0.0095919966697692871,
    0,
    0,
    2.2387459278106689,
    0.0022934079170227051,
    0,
    0,
    0,
    -0.9999997615814209,
    -0.00099999981466680765,
    0,
    0,
    -1,
    0
  ],
  "averageAngularVelocity" : 0.17895233631134033,
  "time" : 23777.893438708339,
  "cameraPoseARFrame" : [
    0.99966233968734741,
    0.0065713264048099518,
    0.025145061314105988,
    0.16633391380310059,
    -0.01172075979411602,
    0.97752231359481812,
    0.21050578355789185,
    0.28612047433853149,
    -0.023196641355752945,
    -0.21072942018508911,
    0.97726923227310181,
    0.10986260324716568,
    0,
    0,
    0,
    1.0000001192092896
  ],
  "intrinsics" : [
    1611.8970947265625,
    0,
    950.29168701171875,
    0,
    1611.8970947265625,
    721.1512451171875,
    0,
    0,
    1
  ],
  "cameraGrain" : 0,
  "frame_index" : 266
}