{
  "frame_index" : 96,
  "intrinsics" : [
    1605.1185302734375,
    0,
    950.4205322265625,
    0,
    1605.1185302734375,
    721.14422607421875,
    0,
    0,
    1
  ],
  "time" : 23763.019565000006,
  "cameraPoseARFrame" : [
    0.9715501070022583,
    -0.065728031098842621,
    0.22753110527992249,
    0.023058675229549408,
    0.030372921377420425,
    0.98736357688903809,
    0.15553323924541473,
    0.33183380961418152,
    -0.23487895727157593,
    -0.14419755339622498,
    0.96126949787139893,
    0.16337969899177551,
    0,
    0,
    0,
    1.0000001192092896
  ],
  "projectionMatrix" : [
    1.6719985008239746,
    0,
    0.0094577670097351074,
    0,
    0,
    2.2293312549591064,
    0.002283632755279541,
    0,
    0,
    0,
    -0.9999997615814209,
    -0.00099999981466680765,
    0,
    0,
    -1,
    0
  ],
  "exposureDuration" : 0.01666666753590107,
  "cameraGrain" : 0.010516357608139515,
  "motionQuality" : 0.97400069236755371,
  "averageAngularVelocity" : 0.081322051584720612,
  "averageVelocity" : 0.090997479856014252
}