{
  "cameraGrain" : 0,
  "averageAngularVelocity" : 0.27927839756011963,
  "averageVelocity" : 0.18314605951309204,
  "cameraPoseARFrame" : [
    0.99800205230712891,
    -0.020232178270816803,
    0.059855490922927856,
    0.14277367293834686,
    0.01051107794046402,
    0.98730772733688354,
    0.15847036242485046,
    0.33247032761573792,
    -0.062302060425281525,
    -0.15752460062503815,
    0.98554790019989014,
    0.12410087138414383,
    0,
    0,
    0,
    1.0000001192092896
  ],
  "motionQuality" : 0.92020618915557861,
  "exposureDuration" : 0.01666666753590107,
  "frame_index" : 85,
  "intrinsics" : [
    1605.1185302734375,
    0,
    950.359130859375,
    0,
    1605.1185302734375,
    721.14154052734375,
    0,
    0,
    1
  ],
  "projectionMatrix" : [
    1.6719985008239746,
    0,
    0.0095217227935791016,
    0,
    0,
    2.2293312549591064,
    0.0022799372673034668,
    0,
    0,
    0,
    -0.9999997615814209,
    -0.00099999981466680765,
    0,
    0,
    -1,
    0
  ],
  "time" : 23762.086618458339
}