{
  "exposureDuration" : 0.01666666753590107,
  "cameraGrain" : 0,
  "frame_index" : 355,
  "intrinsics" : [
    1600.5994873046875,
    0,
    950.23553466796875,
    0,
    1600.5994873046875,
    721.2169189453125,
    0,
    0,
    1
  ],
  "cameraPoseARFrame" : [
    0.97701948881149292,
    -0.078769773244857788,
    0.19806213676929474,
    0.077432744204998016,
    7.7619821240659803e-05,
    0.92934256792068481,
    0.36921873688697815,
    0.14368914067745209,
    -0.21315097808837891,
    -0.3607184886932373,
    0.90799170732498169,
    0.4079023003578186,
    0,
    0,
    0,
    1.0000001192092896
  ],
  "projectionMatrix" : [
    1.6672911643981934,
    0,
    0.0096504688262939453,
    0,
    0,
    2.2230548858642578,
    0.0023846030235290527,
    0,
    0,
    0,
    -0.9999997615814209,
    -0.00099999981466680765,
    0,
    0,
    -1,
    0
  ],
  "averageVelocity" : 0.33895456790924072,
  "averageAngularVelocity" : 0.41317936778068542,
  "motionQuality" : 0.88194876909255981,
  "time" : 23785.629617250004
}