{
  "cameraGrain" : 0.0045679365284740925,
  "averageAngularVelocity" : 0.095884457230567932,
  "averageVelocity" : 0.10813462734222412,
  "cameraPoseARFrame" : [
    0.97373950481414795,
    -0.058952949941158295,
    0.21990042924880981,
    0.031696174293756485,
    0.025070859119296074,
    0.98778420686721802,
    0.15379825234413147,
    0.3326411247253418,
    -0.22628112137317657,
    -0.14424633979797363,
    0.96332240104675293,
    0.16079893708229065,
    0,
    0,
    0,
    1.0000001192092896
  ],
  "motionQuality" : 0.96910440921783447,
  "exposureDuration" : 0.01666666753590107,
  "frame_index" : 95,
  "intrinsics" : [
    1605.1185302734375,
    0,
    950.40667724609375,
    0,
    1605.1185302734375,
    721.14288330078125,
    0,
    0,
    1
  ],
  "projectionMatrix" : [
    1.6719985008239746,
    0,
    0.009472191333770752,
    0,
    0,
    2.2293312549591064,
    0.0022817850112915039,
    0,
    0,
    0,
    -0.9999997615814209,
    -0.00099999981466680765,
    0,
    0,
    -1,
    0
  ],
  "time" : 23762.922945916671
}