{
  "projectionMatrix" : [
    1.6710569858551025,
    0,
    0.0094681978225708008,
    0,
    0,
    2.2280759811401367,
    0.0022715330123901367,
    0,
    0,
    0,
    -0.9999997615814209,
    -0.00099999981466680765,
    0,
    0,
    -1,
    0
  ],
  "time" : 23780.861348958337,
  "averageVelocity" : 0.404378741979599,
  "cameraGrain" : 0,
  "intrinsics" : [
    1604.2147216796875,
    0,
    950.4105224609375,
    0,
    1604.2147216796875,
    721.135498046875,
    0,
    0,
    1
  ],
  "motionQuality" : 0.83142733573913574,
  "frame_index" : 301,
  "cameraPoseARFrame" : [
    0.99824494123458862,
    -0.021034868434071541,
    0.055361524224281311,
    0.18252182006835938,
    0.013910266570746899,
    0.9919244647026062,
    0.12606500089168549,
    0.34849196672439575,
    -0.057566307485103607,
    -0.12507364153862,
    0.99047607183456421,
    0.10316377133131027,
    0,
    0,
    0,
    1.0000001192092896
  ],
  "exposureDuration" : 0.01666666753590107,
  "averageAngularVelocity" : 0.59000420570373535
}