{
  "projectionMatrix" : [
    1.6734106540679932,
    0,
    0.009685218334197998,
    0,
    0,
    2.2312142848968506,
    0.0023896694183349609,
    0,
    0,
    0,
    -0.9999997615814209,
    -0.00099999981466680765,
    0,
    0,
    -1,
    0
  ],
  "cameraPoseARFrame" : [
    0.86082643270492554,
    -0.16792668402194977,
    0.48039436340332031,
    0.028506143018603325,
    -0.016428342089056969,
    0.93432581424713135,
    0.35604122281074524,
    0.1533023864030838,
    -0.50863379240036011,
    -0.31438174843788147,
    0.80153352022171021,
    0.4066237211227417,
    0,
    0,
    0,
    1.0000001192092896
  ],
  "cameraGrain" : 0.15000909566879272,
  "intrinsics" : [
    1606.4742431640625,
    0,
    950.20220947265625,
    0,
    1606.4742431640625,
    721.2205810546875,
    0,
    0,
    1
  ],
  "motionQuality" : 0.98730683326721191,
  "frame_index" : 9,
  "time" : 23755.718218833339,
  "averageVelocity" : 0.02574600838124752,
  "averageAngularVelocity" : 0.044426150619983673,
  "exposureDuration" : 0.01666666753590107
}