{
  "cameraGrain" : 0.13424883782863617,
  "averageAngularVelocity" : 0.01473175548017025,
  "averageVelocity" : 0.0047019976191222668,
  "cameraPoseARFrame" : [
    0.87535852193832397,
    -0.16777050495147705,
    0.45343229174613953,
    0.026929376646876335,
    -0.0093465531244874001,
    0.93181395530700684,
    0.3628159761428833,
    0.15305899083614349,
    -0.4833844006061554,
    -0.32183206081390381,
    0.81410306692123413,
    0.38906091451644897,
    0,
    0,
    0,
    1.0000001192092896
  ],
  "motionQuality" : 0.99579089879989624,
  "exposureDuration" : 0.01666666753590107,
  "frame_index" : 23,
  "intrinsics" : [
    1606.4742431640625,
    0,
    950.22845458984375,
    0,
    1606.4742431640625,
    721.22265625,
    0,
    0,
    1
  ],
  "projectionMatrix" : [
    1.6734106540679932,
    0,
    0.0096578598022460938,
    0,
    0,
    2.2312142848968506,
    0.0023925900459289551,
    0,
    0,
    0,
    -0.9999997615814209,
    -0.00099999981466680765,
    0,
    0,
    -1,
    0
  ],
  "time" : 23756.884959041672
}