{
  "cameraPoseARFrame" : [
    0.95937132835388184,
    0.21020202338695526,
    -0.18820750713348389,
    0.4182555079460144,
    -0.10311650484800339,
    0.8821263313293457,
    0.45958694815635681,
    0.07797570526599884,
    0.26262879371643066,
    -0.42150723934173584,
    0.86796194314956665,
    0.27045917510986328,
    0,
    0,
    0,
    1.0000001192092896
  ],
  "intrinsics" : [
    1609.1856689453125,
    0,
    949.92071533203125,
    0,
    1609.1856689453125,
    721.2681884765625,
    0,
    0,
    1
  ],
  "averageVelocity" : 0.17351306974887848,
  "averageAngularVelocity" : 0.38317608833312988,
  "cameraGrain" : 0.24649304151535034,
  "frame_index" : 206,
  "projectionMatrix" : [
    1.6762350797653198,
    0,
    0.0099784135818481445,
    0,
    0,
    2.2349801063537598,
    0.0024558305740356445,
    0,
    0,
    0,
    -0.9999997615814209,
    -0.00099999981466680765,
    0,
    0,
    -1,
    0
  ],
  "time" : 23772.625662708338,
  "motionQuality" : 0.89052110910415649,
  "exposureDuration" : 0.01666666753590107
}