{
  "projectionMatrix" : [
    1.6734106540679932,
    0,
    0.0096637606620788574,
    0,
    0,
    2.2312142848968506,
    0.0023892521858215332,
    0,
    0,
    0,
    -0.9999997615814209,
    -0.00099999981466680765,
    0,
    0,
    -1,
    0
  ],
  "cameraPoseARFrame" : [
    0.86158931255340576,
    -0.17381255328655243,
    0.47692066431045532,
    0.02337934821844101,
    -0.0096337087452411652,
    0.93378007411956787,
    0.35771778225898743,
    0.1527448445558548,
    -0.50751495361328125,
    -0.31280031800270081,
    0.80286037921905518,
    0.40416854619979858,
    0,
    0,
    0,
    1.0000001192092896
  ],
  "cameraGrain" : 0.14984594285488129,
  "intrinsics" : [
    1606.4742431640625,
    0,
    950.2227783203125,
    0,
    1606.4742431640625,
    721.22027587890625,
    0,
    0,
    1
  ],
  "motionQuality" : 0.9820210337638855,
  "frame_index" : 13,
  "time" : 23756.049537708339,
  "averageVelocity" : 0.034565970301628113,
  "averageAngularVelocity" : 0.062926441431045532,
  "exposureDuration" : 0.01666666753590107
}