{
  "intrinsics" : [
    1600.5994873046875,
    0,
    950.62841796875,
    0,
    1600.5994873046875,
    721.2802734375,
    0,
    0,
    1
  ],
  "cameraGrain" : 0.136256143450737,
  "frame_index" : 362,
  "exposureDuration" : 0.01666666753590107,
  "cameraPoseARFrame" : [
    0.98476481437683105,
    -0.17384283244609833,
    -0.0041312524117529392,
    -0.11305620521306992,
    0.16014735400676727,
    0.89741474390029907,
    0.41109555959701538,
    0.076470628380775452,
    -0.067758575081825256,
    -0.40549403429031372,
    0.91158294677734375,
    0.33391848206520081,
    0,
    0,
    0,
    1.0000001192092896
  ],
  "averageVelocity" : 0.17671158909797668,
  "motionQuality" : 0.86762773990631104,
  "projectionMatrix" : [
    1.6672911643981934,
    0,
    0.0092412233352661133,
    0,
    0,
    2.2230548858642578,
    0.0024725794792175293,
    0,
    0,
    0,
    -0.9999997615814209,
    -0.00099999981466680765,
    0,
    0,
    -1,
    0
  ],
  "averageAngularVelocity" : 0.46330279111862183,
  "time" : 23786.297037083339
}