{
  "exposureDuration" : 0.01666666753590107,
  "cameraGrain" : 0.062449317425489426,
  "frame_index" : 353,
  "intrinsics" : [
    1601.0513916015625,
    0,
    950.18914794921875,
    0,
    1601.0513916015625,
    721.20318603515625,
    0,
    0,
    1
  ],
  "cameraPoseARFrame" : [
    0.97016233205795288,
    -0.059545204043388367,
    0.23503094911575317,
    0.11132944375276566,
    -0.026749184355139732,
    0.93716937303543091,
    0.34784778952598572,
    0.15803401172161102,
    -0.24097660183906555,
    -0.34375569224357605,
    0.90761351585388184,
    0.44126909971237183,
    0,
    0,
    0,
    1.0000001192092896
  ],
  "projectionMatrix" : [
    1.6677619218826294,
    0,
    0.0096988081932067871,
    0,
    0,
    2.2236824035644531,
    0.0023655295372009277,
    0,
    0,
    0,
    -0.9999997615814209,
    -0.00099999981466680765,
    0,
    0,
    -1,
    0
  ],
  "averageVelocity" : 0,
  "averageAngularVelocity" : 0.21044832468032837,
  "time" : 23785.463335333337,
  "motionQuality" : 0.93987190723419189
}