{
  "cameraPoseARFrame" : [
    0.76690703630447388,
    -0.27980503439903259,
    0.57754921913146973,
    0.06167934462428093,
    -0.008400551974773407,
    0.89549398422241211,
    0.44499439001083374,
    0.035552721470594406,
    -0.64170354604721069,
    -0.34612101316452026,
    0.6844099760055542,
    0.43565541505813599,
    0,
    0,
    0,
    1.0000001192092896
  ],
  "cameraGrain" : 0.2387416809797287,
  "exposureDuration" : 0.01666666753590107,
  "averageVelocity" : 0.12593276798725128,
  "motionQuality" : 0.88085401058197021,
  "time" : 23769.021736916671,
  "intrinsics" : [
    1599.2437744140625,
    0,
    950.18719482421875,
    0,
    1599.2437744140625,
    721.26129150390625,
    0,
    0,
    1
  ],
  "frame_index" : 165,
  "projectionMatrix" : [
    1.6658788919448853,
    0,
    0.0097008347511291504,
    0,
    0,
    2.2211718559265137,
    0.0024462342262268066,
    0,
    0,
    0,
    -0.9999997615814209,
    -0.00099999981466680765,
    0,
    0,
    -1,
    0
  ],
  "averageAngularVelocity" : 0.41701102256774902
}