{
  "cameraGrain" : 0.19888888299465179,
  "projectionMatrix" : [
    1.6752935647964478,
    0,
    0.0097023248672485352,
    0,
    0,
    2.23372483253479,
    0.0024690628051757812,
    0,
    0,
    0,
    -0.9999997615814209,
    -0.00099999981466680765,
    0,
    0,
    -1,
    0
  ],
  "intrinsics" : [
    1608.2818603515625,
    0,
    950.185791015625,
    0,
    1608.2818603515625,
    721.2777099609375,
    0,
    0,
    1
  ],
  "motionQuality" : 0.85767567157745361,
  "averageVelocity" : 0,
  "cameraPoseARFrame" : [
    0.84155070781707764,
    -0.24997417628765106,
    0.47885870933532715,
    0.086202226579189301,
    -0.0039483890868723392,
    0.88361221551895142,
    0.4682028591632843,
    0.041048675775527954,
    -0.54016417264938354,
    -0.39590704441070557,
    0.74261730909347534,
    0.43100360035896301,
    0,
    0,
    0,
    1.0000002384185791
  ],
  "averageAngularVelocity" : 0.49813511967658997,
  "exposureDuration" : 0.01666666753590107,
  "time" : 23769.255020833338,
  "frame_index" : 168
}