{
  "motionQuality" : 0.97240185737609863,
  "cameraPoseARFrame" : [
    0.96497863531112671,
    -0.069188833236694336,
    0.25303986668586731,
    0.0063320696353912354,
    0.030296513810753822,
    0.98753064870834351,
    0.15448392927646637,
    0.33334162831306458,
    -0.26057323813438416,
    -0.14140748977661133,
    0.95504218339920044,
    0.17157629132270813,
    0,
    0,
    0,
    1
  ],
  "time" : 23763.254317416671,
  "exposureDuration" : 0.01666666753590107,
  "averageVelocity" : 0,
  "cameraGrain" : 0.03036913275718689,
  "frame_index" : 99,
  "averageAngularVelocity" : 0.096593499183654785,
  "projectionMatrix" : [
    1.6719985008239746,
    0,
    0.0094557404518127441,
    0,
    0,
    2.2293312549591064,
    0.0022834539413452148,
    0,
    0,
    0,
    -0.9999997615814209,
    -0.00099999981466680765,
    0,
    0,
    -1,
    0
  ],
  "intrinsics" : [
    1605.1185302734375,
    0,
    950.4224853515625,
    0,
    1605.1185302734375,
    721.14410400390625,
    0,
    0,
    1
  ]
}