{
  "frame_index" : 357,
  "intrinsics" : [
    1600.5994873046875,
    0,
    950.53692626953125,
    0,
    1600.5994873046875,
    721.2513427734375,
    0,
    0,
    1
  ],
  "projectionMatrix" : [
    1.6672911643981934,
    0,
    0.0093365311622619629,
    0,
    0,
    2.2230548858642578,
    0.002432405948638916,
    0,
    0,
    0,
    -0.9999997615814209,
    -0.00099999981466680765,
    0,
    0,
    -1,
    0
  ],
  "cameraPoseARFrame" : [
    0.98384982347488403,
    -0.16088734567165375,
    0.078453578054904938,
    0.018828418105840683,
    0.11890776455402374,
    0.91506326198577881,
    0.38538333773612976,
    0.11309504508972168,
    -0.13379333913326263,
    -0.36983054876327515,
    0.91941547393798828,
    0.37177404761314392,
    0,
    0,
    0,
    1.0000002384185791
  ],
  "time" : 23785.796831750005,
  "averageAngularVelocity" : 0.640572190284729,
  "exposureDuration" : 0.01666666753590107,
  "averageVelocity" : 0.45010688900947571,
  "motionQuality" : 0.81697940826416016,
  "cameraGrain" : 0
}