{
  "motionQuality" : 0.93305850028991699,
  "averageVelocity" : 0.11635831743478775,
  "intrinsics" : [
    1608.2818603515625,
    0,
    950.3370361328125,
    0,
    1608.2818603515625,
    721.1444091796875,
    0,
    0,
    1
  ],
  "time" : 23765.223092916673,
  "exposureDuration" : 0.01666666753590107,
  "cameraPoseARFrame" : [
    0.80406922101974487,
    -0.10351544618606567,
    0.58545494079589844,
    -0.12937919795513153,
    -0.00084465037798509002,
    0.98452609777450562,
    0.1752360463142395,
    0.30185920000076294,
    -0.59453541040420532,
    -0.14139638841152191,
    0.79153954982757568,
    0.27001568675041199,
    0,
    0,
    0,
    1.0000002384185791
  ],
  "frame_index" : 122,
  "averageAngularVelocity" : 0.23429517447948456,
  "cameraGrain" : 0.3268510103225708,
  "projectionMatrix" : [
    1.6752935647964478,
    0,
    0.0095447301864624023,
    0,
    0,
    2.23372483253479,
    0.002283930778503418,
    0,
    0,
    0,
    -0.9999997615814209,
    -0.00099999981466680765,
    0,
    0,
    -1,
    0
  ]
}