{
  "averageVelocity" : 0.022664628922939301,
  "exposureDuration" : 0.01666666753590107,
  "time" : 23770.92276195834,
  "frame_index" : 187,
  "projectionMatrix" : [
    1.6748229265213013,
    0,
    0.0097124576568603516,
    0,
    0,
    2.2330970764160156,
    0.0024902224540710449,
    0,
    0,
    0,
    -0.9999997615814209,
    -0.00099999981466680765,
    0,
    0,
    -1,
    0
  ],
  "cameraPoseARFrame" : [
    0.99634629487991333,
    0.04020092636346817,
    -0.07535359263420105,
    0.29374721646308899,
    0.001501468475908041,
    0.87391197681427002,
    0.48608168959617615,
    0.047968011349439621,
    0.085393272340297699,
    -0.48441886901855469,
    0.87065857648849487,
    0.3505195677280426,
    0,
    0,
    0,
    1.0000001192092896
  ],
  "intrinsics" : [
    1607.8299560546875,
    0,
    950.176025390625,
    0,
    1607.8299560546875,
    721.29296875,
    0,
    0,
    1
  ],
  "averageAngularVelocity" : 0,
  "cameraGrain" : 0.24002358317375183,
  "motionQuality" : 0.9777451753616333
}