{
  "averageAngularVelocity" : 0,
  "averageVelocity" : 0.16872535645961761,
  "time" : 23773.891650750003,
  "cameraPoseARFrame" : [
    0.92250335216522217,
    0.34787368774414062,
    -0.16724807024002075,
    0.41169682145118713,
    -0.17338049411773682,
    0.76057946681976318,
    0.62566614151000977,
    0.22236362099647522,
    0.34485813975334167,
    -0.54818147420883179,
    0.7619515061378479,
    0.090485937893390656,
    0,
    0,
    0,
    1.0000002384185791
  ],
  "frame_index" : 221,
  "cameraGrain" : 0.20306074619293213,
  "exposureDuration" : 0.01666666753590107,
  "motionQuality" : 0.95179277658462524,
  "projectionMatrix" : [
    1.6734106540679932,
    0,
    0.010264754295349121,
    0,
    0,
    2.2312142848968506,
    0.0026693344116210938,
    0,
    0,
    0,
    -0.9999997615814209,
    -0.00099999981466680765,
    0,
    0,
    -1,
    0
  ],
  "intrinsics" : [
    1606.4742431640625,
    0,
    949.64581298828125,
    0,
    1606.4742431640625,
    721.42193603515625,
    0,
    0,
    1
  ]
}