{
  "cameraGrain" : 0.32572457194328308,
  "time" : 23765.488546416673,
  "frame_index" : 125,
  "motionQuality" : 0.95532882213592529,
  "cameraPoseARFrame" : [
    0.780731201171875,
    -0.098420806229114532,
    0.61706745624542236,
    -0.13144436478614807,
    -0.0051486566662788391,
    0.98647111654281616,
    0.16385404765605927,
    0.31238517165184021,
    -0.62484598159790039,
    -0.13110300898551941,
    0.76966190338134766,
    0.28944647312164307,
    0,
    0,
    0,
    1
  ],
  "averageVelocity" : 0.078720569610595703,
  "averageAngularVelocity" : 0.15634919703006744,
  "exposureDuration" : 0.01666666753590107,
  "intrinsics" : [
    1608.7337646484375,
    0,
    950.3349609375,
    0,
    1608.7337646484375,
    721.1412353515625,
    0,
    0,
    1
  ],
  "projectionMatrix" : [
    1.6757643222808838,
    0,
    0.0095469355583190918,
    0,
    0,
    2.2343523502349854,
    0.0022795200347900391,
    0,
    0,
    0,
    -0.9999997615814209,
    -0.00099999981466680765,
    0,
    0,
    -1,
    0
  ]
}