{
  "averageVelocity" : 0.244619220495224,
  "intrinsics" : [
    1598.3399658203125,
    0,
    950.21856689453125,
    0,
    1598.3399658203125,
    721.16107177734375,
    0,
    0,
    1
  ],
  "frame_index" : 261,
  "time" : 23777.459967708339,
  "cameraPoseARFrame" : [
    0.99918371438980103,
    0.02470073476433754,
    0.031967848539352417,
    0.2008889764547348,
    -0.031905490905046463,
    0.96788036823272705,
    0.24937844276428223,
    0.24083702266216278,
    -0.024781353771686554,
    -0.25019481778144836,
    0.96787846088409424,
    0.15787971019744873,
    0,
    0,
    0,
    1.0000001192092896
  ],
  "projectionMatrix" : [
    1.6649374961853027,
    0,
    0.0096681714057922363,
    0,
    0,
    2.2199165821075439,
    0.0023070573806762695,
    0,
    0,
    0,
    -0.9999997615814209,
    -0.00099999981466680765,
    0,
    0,
    -1,
    0
  ],
  "cameraGrain" : 0,
  "exposureDuration" : 0.01666666753590107,
  "motionQuality" : 0.93010878562927246,
  "averageAngularVelocity" : 0.095901750028133392
}